accession	mechanism
A0A023IWD9	unassigned
A0A023IWE0	unassigned
A0A023IWE1	unassigned
A0A023IWE2	unassigned
A0A023IWE3	unassigned
A0A023IWG1	unassigned
A0A023IWG2	unassigned
A0A023IWG3	unassigned
A0A023IWG4	unassigned
A0A023IWI4	unassigned
A0A023IWI5	unassigned
A0A023IWI6	unassigned
A0A023IWI8	unassigned
A0A023IWK3	unassigned
A0A023IWK4	unassigned
A0A023IWK5	unassigned
A0A023IWK6	unassigned
A0A023IWK7	unassigned
A0A023IWM4	unassigned
A0A023IWM5	unassigned
A0A023IWM6	unassigned
A0A023IWM7	unassigned
A0A023IWM8	unassigned
A0A023PMT2	negative_context
A0A023W0B6	convertase
A0A023W0C3	convertase
A0A023W0V9	convertase
A0A023W0W9	unassigned
A0A023W140	convertase
A0A023W145	unassigned
A0A023W157	convertase
A0A023W163	convertase
A0A023W168	convertase
A0A024QYT3	unassigned
A0A024SC78	unassigned
A0A024SH76	unassigned
A0A024SIB3	unassigned
A0A044RE18	convertase
A0A059J5P2	convertase
A0A059T2H4	unassigned
A0A059U8Y9	convertase
A0A059UI21	unassigned
A0A059UI30	unassigned
A0A067NRJ8	negative_context
A0A067SLB9	unassigned
A0A072TRR8	negative
A0A072UTP9	zymogen_protease
A0A072V9Z0	negative
A0A084G2W8	convertase
A0A088BP94	unassigned
A0A088MI62	convertase
A0A088MIT0	convertase
A0A088SG62	unassigned
A0A090CRQ9	unassigned
A0A096P2H4	unassigned
A0A096ZEC9	unassigned
A0A0A0MT36	negative_context
A0A0A0V633	unassigned
A0A0A0V662	unassigned
A0A0A0VBR5	unassigned
A0A0A0VBX4	unassigned
A0A0A1I6E7	convertase
A0A0A1I6N9	convertase
A0A0A7DNP6	negative
A0A0B4J1Y8	negative_context
A0A0B4JDK1	unassigned
A0A0B5A7M7	convertase
A0A0B5A7N1	convertase
A0A0B5A7N5	convertase
A0A0B5A7N8	convertase
A0A0B5A7P2	convertase
A0A0B5A8P4	convertase
A0A0B5A8P8	convertase
A0A0B5A8Q2	convertase
A0A0B5A8Q6	convertase
A0A0B5ABD9	convertase
A0A0B5ABE4	convertase
A0A0B5ABE6	convertase
A0A0B5AC86	convertase
A0A0B5AC90	convertase
A0A0B5AC95	convertase
A0A0B5AC98	convertase
A0A0B5ADT3	convertase
A0A0B5ADT9	convertase
A0A0B5ADU4	convertase
A0A0B5ADV0	convertase
A0A0C3RR82	unassigned
A0A0C4G489	unassigned
A0A0C4G4L1	convertase
A0A0C4G5K0	convertase
A0A0D1CKI0	negative
A0A0D1DPX0	negative
A0A0E3SVB8	unassigned
A0A0E3SVE7	unassigned
A0A0F7YYV0	convertase
A0A0F7YZQ7	convertase
A0A0G2K7V7	unassigned
A0A0G3F8Z3	unassigned
A0A0H3H546	unassigned
A0A0K0K1C4	negative_context
A0A0K0K1G6	negative_context
A0A0K0VF36	negative_context
A0A0K1YW63	unassigned
A0A0K8R374	negative_context
A0A0K8TUE2	unassigned
A0A0N7CSQ4	unassigned
A0A0N7FMT9	convertase
A0A0N7KBN8	unassigned
A0A0N9LWM6	convertase
A0A0P0UTI6	convertase
A0A0P0UTJ1	unassigned
A0A0R4IKU3	unassigned
A0A125S9D8	unassigned
A0A125S9D9	unassigned
A0A125S9E0	convertase
A0A125S9E1	unassigned
A0A125S9E2	convertase
A0A125S9E4	unassigned
A0A125S9E5	convertase
A0A125S9E6	convertase
A0A125S9E9	convertase
A0A125S9F0	unassigned
A0A125S9F2	convertase
A0A125S9F3	unassigned
A0A125S9F6	unassigned
A0A125S9F9	convertase
A0A125S9G0	convertase
A0A125S9G2	convertase
A0A125S9G3	convertase
A0A139GI49	unassigned
A0A141TBR6	unassigned
A0A142C197	unassigned
A0A142I730	unassigned
A0A144LUY5	unassigned
A0A144LVL3	unassigned
A0A144LVM3	unassigned
A0A146F0J0	zymogen_protease
A0A193H365	convertase
A0A193H395	convertase
A0A193H396	convertase
A0A1B0GTK4	unassigned
A0A1B0GVD1	unassigned
A0A1B7XV12	unassigned
A0A1D0BN92	unassigned
A0A1D0BNA3	convertase
A0A1D0BPK9	convertase
A0A1D0BR67	convertase
A0A1D0BR98	convertase
A0A1D0BRB0	unassigned
A0A1D0BZF5	convertase
A0A1D0BZI2	unassigned
A0A1D0BZZ2	convertase
A0A1D0C0W1	unassigned
A0A1D3IXJ5	convertase
A0A1D3IXR7	unassigned
A0A1D3IY23	unassigned
A0A1D5PPP7	zymogen_protease
A0A1D5PUP4	unassigned
A0A1D8PQ86	unassigned
A0A1D8PQB9	unassigned
A0A1E1WVR9	unassigned
A0A1I9KNP0	unassigned
A0A1L2F565	convertase
A0A1L2FZD4	unassigned
A0A1L4BJ42	convertase
A0A1M4BLT1	convertase
A0A1P8NVR4	unassigned
A0A1P8NVR5	unassigned
A0A1P8NVS2	unassigned
A0A1P8NVS3	unassigned
A0A1P8NVS8	unassigned
A0A1P8NVS9	unassigned
A0A1P8NVT3	unassigned
A0A1P8NVU0	unassigned
A0A1P8VFM2	unassigned
A0A1Q3EPD6	negative
A0A1S3PBB7	negative
A0A1S4F020	zymogen_protease
A0A1S6EK91	unassigned
A0A1S6EK92	unassigned
A0A1X9QHL1	convertase
A0A1Z4VJI9	unassigned
A0A218QWY8	unassigned
A0A219CM62	convertase
A0A219CMY0	convertase
A0A286LEZ8	unassigned
A0A2D1P890	unassigned
A0A2H1A319	unassigned
A0A2I4QAG8	unassigned
A0A2I6EDL2	unassigned
A0A2I6EDL3	convertase
A0A2I6EDL6	convertase
A0A2I6EDM2	unassigned
A0A2I6EDM5	convertase
A0A2I6EDN1	convertase
A0A2I6EDN2	unassigned
A0A2I6EDN5	unassigned
A0A2I8B346	negative
A0A2I8B352	negative
A0A2I8B353	negative
A0A2L1DGG0	unassigned
A0A2L2DDD0	convertase
A0A2L2DDE6	convertase
A0A2L2P6T1	convertase
A0A2L2P6T9	unassigned
A0A2R2JFI5	negative
A0A2Y9GHM8	unassigned
A0A2Z5Z9H5	convertase
A0A2Z5Z9X0	convertase
A0A315	unassigned
A0A318	unassigned
A0A330KUG5	convertase
A0A330KW27	convertase
A0A331	unassigned
A0A345GPN1	convertase
A0A346CED7	unassigned
A0A346CIA0	unassigned
A0A346CIB2	unassigned
A0A346CIB3	unassigned
A0A348G5V8	unassigned
A0A348G5V9	unassigned
A0A348G5W0	unassigned
A0A348G5W1	unassigned
A0A348G5W2	unassigned
A0A348G6I7	unassigned
A0A348G6I9	unassigned
A0A348G6J0	unassigned
A0A348G6J1	unassigned
A0A384E129	unassigned
A0A384J6C4	unassigned
A0A384JN58	unassigned
A0A384K116	unassigned
A0A3B7TLI7	negative_context
A0A3G1VU73	convertase
A0A3G1VU77	convertase
A0A3G1VU78	convertase
A0A3G1VU81	convertase
A0A3G1VU84	convertase
A0A3G3C7S0	unassigned
A0A3G3C7S2	unassigned
A0A3G3C7S9	unassigned
A0A3G3C7T5	unassigned
A0A3G3C7U1	unassigned
A0A3G3C7U2	unassigned
A0A3G3C7U4	unassigned
A0A3G3C7U7	unassigned
A0A3G3C7U9	convertase
A0A3G3C7V0	unassigned
A0A3G3C7V7	unassigned
A0A3G5BIB1	unassigned
A0A3G5BIB4	unassigned
A0A3G5BIC2	unassigned
A0A3G5BID2	unassigned
A0A3P8MJV5	convertase
A0A3S9V8K6	convertase
A0A3S9V8L9	convertase
A0A452E9Y6	unassigned
A0A4P9I8G4	unassigned
A0A4S8L4Q5	negative
A0A4Y7TJF3	negative
A0A5C1ZW08	unassigned
A0A5C1ZXT8	unassigned
A0A5C2A2T2	unassigned
A0A5C3KU62	negative
A0A5P9K461	convertase
A0A5Q0MU22	convertase
A0A5Q0MUM5	convertase
A0A5Q0MUT1	convertase
A0A679PF76	unassigned
A0A6B7FBD3	convertase
A0A6B9L8Y4	unassigned
A0A6B9L900	unassigned
A0A6G9KHD1	unassigned
A0A6G9KHD6	unassigned
A0A6G9KHE4	unassigned
A0A6G9KIR5	unassigned
A0A6G9KIT6	unassigned
A0A6G9KJK9	unassigned
A0A6G9KJV6	unassigned
A0A6M3Z4D9	unassigned
A0A6M3Z4L2	negative
A0A6M3Z4R1	unassigned
A0A6M3Z541	unassigned
A0A6M3Z9I6	unassigned
A0A6P8HC43	convertase
A0A7J6KDB0	unassigned
A0A7M6UNN1	unassigned
A0A8J9SEV3	unassigned
A0A8U0LTF0	unassigned
A0A8U0LTF5	unassigned
A0A8U0LTY4	unassigned
A0A976SLN7	unassigned
A0A976XJR9	unassigned
A0A976XK90	unassigned
A0A976XKR0	unassigned
A0AAD6J456	unassigned
A0AAW0V9R8	unassigned
A0AAW0V9U7	unassigned
A0AEI5	convertase
A0AEI6	unassigned
A0AIY9	unassigned
A0AT32	negative_context
A0B5B1	zymogen_protease
A0C767	unassigned
A0E358	zymogen_protease
A0FKN6	zymogen_protease
A0JD32	negative_context
A0JMK6	negative
A0JNL5	unassigned
A0JNQ7	unassigned
A0JWY6	zymogen_protease
A0LU50	zymogen_protease
A0MLS4	unassigned
A0NDK8	convertase
A0PQT3	zymogen_protease
A0Q1T6	unassigned
A0QFB5	zymogen_protease
A0QZ47	zymogen_protease
A0RJ49	unassigned
A0RXV1	zymogen_protease
A0RZB4	unassigned
A0S864	unassigned
A0S865	unassigned
A0SE59	unassigned
A0SE60	unassigned
A0SIF1	convertase
A0SIX6	convertase
A0SN38	convertase
A0SN42	convertase
A0SN45	convertase
A0SPI1	unassigned
A0T099	unassigned
A0T0G9	unassigned
A0T0S8	unassigned
A0T0W2	unassigned
A0ZT93	unassigned
A0ZZ15	unassigned
A0ZZ18	unassigned
A1A4K5	convertase
A1C7B5	unassigned
A1C948	zymogen_protease
A1CBR4	zymogen_protease
A1CD22	unassigned
A1CIV8	zymogen_protease
A1CVV8	zymogen_protease
A1D145	zymogen_protease
A1D9K5	zymogen_protease
A1DAQ2	zymogen_protease
A1DBP9	convertase
A1DDK1	zymogen_protease
A1DHY9	unassigned
A1DJ47	unassigned
A1E9Q4	unassigned
A1E9Q7	unassigned
A1E9R0	unassigned
A1E9Y8	unassigned
A1E9Z1	unassigned
A1E9Z4	unassigned
A1EC31	negative
A1JKC3	unassigned
A1JUB7	negative_context
A1KKF3	zymogen_protease
A1KXI0	zymogen_protease
A1KXI1	zymogen_protease
A1L453	zymogen_protease
A1R6Q7	zymogen_protease
A1RSJ8	zymogen_protease
A1RWY6	zymogen_protease
A1RX71	zymogen_protease
A1SK13	zymogen_protease
A1TAP4	zymogen_protease
A1UHS7	zymogen_protease
A1X8B6	unassigned
A1X8B8	unassigned
A1X8B9	unassigned
A1X8C2	unassigned
A1X8C3	unassigned
A1XFV1	unassigned
A1XIH3	zymogen_protease
A1XIH4	zymogen_protease
A1XIH5	zymogen_protease
A1XIH6	zymogen_protease
A1XQU1	zymogen_protease
A1Z0M0	convertase
A1ZB63	unassigned
A1ZB64	unassigned
A2A5I3	unassigned
A2A863	negative_context
A2BDG0	unassigned
A2BDG5	unassigned
A2BDG9	unassigned
A2BN24	zymogen_protease
A2BN27	zymogen_protease
A2BP21	unassigned
A2BP71	unassigned
A2BUK1	unassigned
A2BUQ3	unassigned
A2C057	unassigned
A2C0A5	unassigned
A2C6Q1	unassigned
A2CCL2	unassigned
A2D4U1	convertase
A2D670	convertase
A2IA93	negative_context
A2QAH3	zymogen_protease
A2QBB6	zymogen_protease
A2QBQ3	unassigned
A2QCV8	zymogen_protease
A2QH21	unassigned
A2QL39	zymogen_protease
A2QTS4	unassigned
A2QUQ2	unassigned
A2QYT9	unassigned
A2R2G1	zymogen_protease
A2R3L3	zymogen_protease
A2R5S4	zymogen_protease
A2R8F8	zymogen_protease
A2RLA2	unassigned
A2SS78	zymogen_protease
A2T309	unassigned
A2T329	unassigned
A2T346	negative_context
A2T6K4	convertase
A2V9Z4	convertase
A2VDN0	negative
A2VE33	unassigned
A2XHZ9	unassigned
A2YFB4	unassigned
A2ZBG5	unassigned
A2ZC67	zymogen_protease
A3BEP8	unassigned
A3CUS9	zymogen_protease
A3DBS4	unassigned
A3DN21	zymogen_protease
A3DN27	zymogen_protease
A3F7X1	convertase
A3F7X2	unassigned
A3GFU8	unassigned
A3MXQ6	zymogen_protease
A3PAU3	unassigned
A3PAZ3	unassigned
A3Q193	zymogen_protease
A4FBY1	zymogen_protease
A4FYA5	zymogen_protease
A4GGA1	unassigned
A4GYN9	unassigned
A4GYQ5	unassigned
A4H220	convertase
A4H221	convertase
A4H222	convertase
A4H223	convertase
A4K2P8	negative_context
A4LA70	unassigned
A4QJ96	unassigned
A4QJB1	unassigned
A4QJI0	unassigned
A4QJJ5	unassigned
A4QJR4	unassigned
A4QJS9	unassigned
A4QJZ9	unassigned
A4QK14	unassigned
A4QK85	unassigned
A4QKA1	unassigned
A4QKH2	unassigned
A4QKI8	unassigned
A4QKR1	unassigned
A4QKS7	unassigned
A4QL00	unassigned
A4QL15	unassigned
A4QL86	unassigned
A4QLA2	unassigned
A4QLH5	unassigned
A4QLJ0	unassigned
A4QLR3	unassigned
A4QLS9	unassigned
A4R640	zymogen_protease
A4TB64	zymogen_protease
A4TL44	unassigned
A4USB4	zymogen_protease
A4V8W0	zymogen_protease
A4VCL2	unassigned
A4VUF9	unassigned
A4W0Q0	unassigned
A4WA61	unassigned
A4WMZ0	zymogen_protease
A4X3P0	zymogen_protease
A4X744	zymogen_protease
A4XJS7	unassigned
A4YIE0	zymogen_protease
A4YJ04	zymogen_protease
A5A3H1	convertase
A5A3H2	convertase
A5A3H3	convertase
A5A3H4	convertase
A5A3H5	convertase
A5A6H8	negative
A5A6J6	negative
A5A6K7	convertase
A5A6M2	negative
A5A6P7	unassigned
A5A8K9	unassigned
A5DWI6	unassigned
A5F934	negative_context
A5GIE8	unassigned
A5GIM7	unassigned
A5GJU5	unassigned
A5GTY4	unassigned
A5GTY5	unassigned
A5GWF4	unassigned
A5H1G9	unassigned
A5HAK0	negative
A5I667	unassigned
A5IS17	unassigned
A5ITG9	unassigned
A5JUY8	unassigned
A5K3U9	zymogen_protease
A5LHG2	convertase
A5LHX3	zymogen_protease
A5N6K1	unassigned
A5U4D6	zymogen_protease
A5UM14	zymogen_protease
A5VKS3	unassigned
A5WP84	zymogen_protease
A6BM07	unassigned
A6BM28	unassigned
A6BM30	unassigned
A6H4Q8	unassigned
A6H5E4	unassigned
A6H5G7	unassigned
A6L3B5	unassigned
A6LHQ6	unassigned
A6LHQ9	unassigned
A6LQR8	unassigned
A6M934	unassigned
A6MFK7	convertase
A6MFK8	convertase
A6MFK9	unassigned
A6MM16	unassigned
A6MM32	unassigned
A6MMA2	unassigned
A6MMB8	unassigned
A6MMI8	unassigned
A6MMK3	unassigned
A6MMS4	unassigned
A6MMU0	unassigned
A6MVT2	unassigned
A6MWS8	convertase
A6MWT0	convertase
A6N6J0	convertase
A6NCE7	unassigned
A6ND01	unassigned
A6NFA1	zymogen_protease
A6NLX4	negative_context
A6P331	unassigned
A6QG32	unassigned
A6QHI7	unassigned
A6QHZ4	negative_context
A6QPN6	unassigned
A6REE0	zymogen_protease
A6RPU4	unassigned
A6T4P0	negative_context
A6U0U8	unassigned
A6U2B3	unassigned
A6USJ3	zymogen_protease
A6UT20	zymogen_protease
A6VK02	zymogen_protease
A6W970	zymogen_protease
A6XGK3	zymogen_protease
A6XN32	unassigned
A6YB85	unassigned
A6YF56	convertase
A6YR20	unassigned
A6YR21	unassigned
A6YR40	unassigned
A6YR42	unassigned
A6YRN9	unassigned
A6ZL22	unassigned
A6ZQH2	convertase
A6ZQH3	convertase
A6ZQH4	convertase
A6ZSH9	unassigned
A6ZY20	unassigned
A6ZZG0	convertase
A6ZZG1	convertase
A6ZZH2	unassigned
A7E8H4	unassigned
A7ETG2	zymogen_protease
A7FFL9	unassigned
A7FXU7	unassigned
A7GHK3	unassigned
A7GT16	zymogen_protease
A7GTC2	unassigned
A7I841	zymogen_protease
A7KE01	zymogen_protease
A7KII6	zymogen_protease
A7L035	negative_context
A7LAC6	zymogen_protease
A7LAC7	zymogen_protease
A7LCJ2	convertase
A7LI90	unassigned
A7LI92	unassigned
A7M4E1	unassigned
A7M8Y6	unassigned
A7M8Z7	unassigned
A7M962	unassigned
A7MAQ2	negative_context
A7MLT4	unassigned
A7RMN1	convertase
A7SCE5	convertase
A7SRR3	convertase
A7ST80	convertase
A7TLD4	unassigned
A7UDM9	unassigned
A7UKV5	zymogen_protease
A7WNV3	convertase
A7WNV4	convertase
A7WNV5	convertase
A7WNV6	convertase
A7WNV7	convertase
A7X149	unassigned
A7X362	unassigned
A7X3S0	unassigned
A7X3S2	unassigned
A7X3V0	unassigned
A7Y395	unassigned
A7Y3C5	unassigned
A7YY44	unassigned
A7Z070	unassigned
A7Z6W8	zymogen_protease
A7Z783	unassigned
A7ZM42	negative_context
A8AA46	zymogen_protease
A8AB58	zymogen_protease
A8AWF9	unassigned
A8B5P0	convertase
A8B5P7	convertase
A8B5Q0	convertase
A8CEN1	negative_context
A8CL69	convertase
A8D888	unassigned
A8DY01	convertase
A8FFD9	zymogen_protease
A8FFT0	unassigned
A8G2T2	unassigned
A8G5N5	unassigned
A8GI73	unassigned
A8LH54	zymogen_protease
A8M2A3	zymogen_protease
A8M8R5	zymogen_protease
A8MBW0	zymogen_protease
A8PZM4	zymogen_protease
A8Q7G1	unassigned
A8QL56	zymogen_protease
A8QZJ5	unassigned
A8SE40	unassigned
A8W3A5	unassigned
A8W3C0	unassigned
A8W3H2	unassigned
A8W3I3	unassigned
A8W7M4	unassigned
A8W7M7	unassigned
A8W7N4	unassigned
A8W7N8	unassigned
A8W7P0	unassigned
A8WTF8	convertase
A8WU84	convertase
A8WVU7	negative_context
A8XV36	negative_context
A8Y7N4	convertase
A8Y7N7	convertase
A8Y7N8	convertase
A8Y7N9	unassigned
A8Y7P5	unassigned
A8Y9F0	unassigned
A8Y9F6	unassigned
A8YPR6	convertase
A8YPR9	convertase
A8Z1R1	unassigned
A8Z2H3	unassigned
A9A2U7	zymogen_protease
A9A4A1	zymogen_protease
A9A788	zymogen_protease
A9CM07	unassigned
A9KMF6	unassigned
A9L976	unassigned
A9L992	unassigned
A9LYI1	unassigned
A9N6W3	negative_context
A9P3S1	unassigned
A9R1E1	negative_context
A9R3T6	unassigned
A9UGV5	unassigned
A9UGV6	unassigned
A9UGV7	unassigned
A9VHU8	zymogen_protease
A9VIR7	unassigned
A9WSI1	zymogen_protease
A9XDG0	unassigned
A9XDG1	unassigned
A9XDG2	unassigned
A9XDG3	unassigned
A9XFZ7	convertase
B0BK71	unassigned
B0BK72	unassigned
B0BND0	unassigned
B0C6Z7	unassigned
B0CB14	unassigned
B0CPC6	unassigned
B0FYL5	unassigned
B0I1T2	negative
B0JIS8	unassigned
B0JSW8	unassigned
B0K416	unassigned
B0KAC0	unassigned
B0KZ78	unassigned
B0KZ79	unassigned
B0L0Y5	unassigned
B0L0Y6	convertase
B0R2U4	unassigned
B0R4C8	zymogen_protease
B0TBW5	unassigned
B0XPA1	zymogen_protease
B0XT09	unassigned
B0XT72	unassigned
B0XTU6	unassigned
B0XVI5	unassigned
B0XXF8	unassigned
B0XZV8	unassigned
B0Y1V8	zymogen_protease
B0Y4Z4	zymogen_protease
B0Y665	unassigned
B0Y8H9	unassigned
B0Y9G4	negative_context
B0YAH0	zymogen_protease
B0YED6	zymogen_protease
B0YPN1	unassigned
B0Z4K6	unassigned
B0Z4M1	unassigned
B0Z4U0	unassigned
B0Z4V5	unassigned
B0Z524	unassigned
B0Z539	unassigned
B0Z5A8	unassigned
B0Z5C3	unassigned
B0ZE70	unassigned
B0ZT25	unassigned
B1A915	unassigned
B1A931	unassigned
B1AIJ8	unassigned
B1ATG9	zymogen_protease
B1AVD1	zymogen_protease
B1B213	unassigned
B1B5I9	convertase
B1B5J0	convertase
B1B6T1	unassigned
B1IBP4	unassigned
B1ILY6	unassigned
B1IQZ3	unassigned
B1JR58	unassigned
B1KZR4	unassigned
B1L6S7	zymogen_protease
B1LP71	negative_context
B1MAI2	zymogen_protease
B1NWD0	unassigned
B1NWE6	unassigned
B1NWR6	convertase
B1NWR7	convertase
B1NWS1	convertase
B1NWS4	convertase
B1NWS8	convertase
B1NWT3	convertase
B1NWT4	convertase
B1NWT5	convertase
B1NWT7	convertase
B1NWU2	convertase
B1NWU3	convertase
B1NWU4	convertase
B1NWU5	convertase
B1NWU6	convertase
B1P1A0	unassigned
B1P1A4	unassigned
B1P1A5	unassigned
B1P1A6	unassigned
B1P1A7	unassigned
B1P1A8	unassigned
B1P1A9	unassigned
B1P1B0	unassigned
B1P1B1	unassigned
B1P1B2	unassigned
B1P1B3	unassigned
B1P1B4	unassigned
B1P1B6	unassigned
B1P1B7	unassigned
B1P1B8	unassigned
B1P1B9	unassigned
B1P1C0	unassigned
B1P1C1	unassigned
B1P1C2	unassigned
B1P1C4	unassigned
B1P1C6	unassigned
B1P1C7	unassigned
B1P1C8	unassigned
B1P1C9	unassigned
B1P1D0	unassigned
B1P1D2	unassigned
B1P1D3	unassigned
B1P1D4	unassigned
B1P1D5	unassigned
B1P1D6	unassigned
B1P1D7	unassigned
B1P1D8	unassigned
B1P1D9	unassigned
B1P1E0	unassigned
B1P1E1	unassigned
B1P1E2	unassigned
B1P1E3	unassigned
B1P1E4	unassigned
B1P1E5	unassigned
B1P1E6	unassigned
B1P1E7	unassigned
B1P1E8	unassigned
B1P1E9	unassigned
B1P1F0	unassigned
B1P1F1	unassigned
B1P1F2	unassigned
B1P1F3	unassigned
B1P1F4	unassigned
B1P1F7	unassigned
B1P1F8	unassigned
B1P1F9	unassigned
B1P1G0	unassigned
B1P1G1	unassigned
B1P1G2	unassigned
B1P1G3	unassigned
B1P1G4	unassigned
B1P1G5	unassigned
B1P1G6	unassigned
B1P1G7	unassigned
B1P1G8	unassigned
B1P1G9	unassigned
B1P1H1	unassigned
B1P1H2	unassigned
B1P1H3	unassigned
B1P1H4	unassigned
B1P1H5	unassigned
B1P1H6	convertase
B1P1H7	convertase
B1P1H8	unassigned
B1P1H9	unassigned
B1P1I1	unassigned
B1P1I2	unassigned
B1P1I3	unassigned
B1P1I4	unassigned
B1P1I5	unassigned
B1P1I6	unassigned
B1P1J4	unassigned
B1PZN6	unassigned
B1VAF3	unassigned
B1VC86	unassigned
B1VKF9	unassigned
B1VKG9	unassigned
B1W306	zymogen_protease
B1WUL2	unassigned
B1X831	negative_context
B1XF50	negative_context
B1XF62	unassigned
B1XIP3	unassigned
B1XM24	unassigned
B1XMC3	unassigned
B1XMN4	unassigned
B1YDJ0	zymogen_protease
B1YJS1	unassigned
B2A6B5	unassigned
B2B3P6	zymogen_protease
B2B403	negative_context
B2CJ87	unassigned
B2DCR8	unassigned
B2G856	unassigned
B2GD71	unassigned
B2HFV6	zymogen_protease
B2IQ02	unassigned
B2J4T9	unassigned
B2KAB7	unassigned
B2KJ30	unassigned
B2KKR4	convertase
B2KKV6	zymogen_protease
B2KKW0	zymogen_protease
B2LMI9	unassigned
B2MW54	convertase
B2RH54	unassigned
B2RH57	unassigned
B2RH58	unassigned
B2RH59	unassigned
B2RHG1	unassigned
B2RHG3	unassigned
B2RHG4	unassigned
B2TK69	unassigned
B2V0A7	unassigned
B2WMR5	zymogen_protease
B2XWK1	unassigned
B2Y1U6	unassigned
B2Y1W5	unassigned
B2ZB95	convertase
B2ZB96	convertase
B2ZB98	convertase
B2ZB99	convertase
B2ZBA0	convertase
B2ZBA1	convertase
B2ZBB6	unassigned
B2ZBB8	unassigned
B2ZBB9	unassigned
B2ZBC0	unassigned
B2ZG38	convertase
B3A0N7	unassigned
B3EWF2	unassigned
B3EWF3	unassigned
B3EWF4	unassigned
B3EWF5	unassigned
B3EWF6	unassigned
B3EWG0	convertase
B3EWH5	unassigned
B3EWH6	unassigned
B3EWR6	negative
B3EWS5	unassigned
B3EWS6	unassigned
B3EWT0	unassigned
B3EWY4	unassigned
B3F0J0	unassigned
B3FIA5	convertase
B3FIA6	convertase
B3FIN4	unassigned
B3FIQ7	convertase
B3FIS0	unassigned
B3FIS1	convertase
B3FIS2	convertase
B3FIS3	convertase
B3FIS4	convertase
B3FIS5	convertase
B3FIS6	convertase
B3FIS7	convertase
B3FIU2	unassigned
B3FIV1	convertase
B3GS44	unassigned
B3H4B5	negative_context
B3H587	unassigned
B3H5A9	unassigned
B3H5J1	unassigned
B3H5Q2	unassigned
B3H7I1	convertase
B3IUD8	convertase
B3IUE0	convertase
B3IWF7	convertase
B3IWF8	convertase
B3IWF9	convertase
B3LPD6	unassigned
B3LPW3	convertase
B3LPW4	convertase
B3LQU0	convertase
B3LQU1	convertase
B3LVG7	zymogen_protease
B3MFC2	unassigned
B3NSF6	unassigned
B3P3J9	zymogen_protease
B3QZT2	unassigned
B3SP85	unassigned
B3SVF0	unassigned
B3SVF1	unassigned
B3TNB9	unassigned
B3VZU0	convertase
B3VZU1	convertase
B3VZU2	convertase
B3VZU3	convertase
B3VZU4	convertase
B3VZU5	convertase
B3VZU6	convertase
B4ESA3	negative_context
B4GAN3	unassigned
B4HEM8	zymogen_protease
B4HNI3	unassigned
B4I414	negative_context
B4J8Z9	unassigned
B4JTF5	zymogen_protease
B4K4M0	zymogen_protease
B4KR21	unassigned
B4LQ44	unassigned
B4LZT9	zymogen_protease
B4MQJ1	unassigned
B4P641	unassigned
B4PST0	zymogen_protease
B4QBL6	unassigned
B4QW11	negative_context
B4QZU6	zymogen_protease
B4R1D8	zymogen_protease
B4THR7	unassigned
B4YSU8	unassigned
B5A5T4	unassigned
B5A9S9	convertase
B5A9T0	unassigned
B5A9T1	unassigned
B5E022	unassigned
B5E4L9	unassigned
B5G6G5	convertase
B5IEE5	zymogen_protease
B5KVH4	negative_context
B5L5P3	negative_context
B5LMM0	unassigned
B5LUQ3	unassigned
B5LUQ4	unassigned
B5LUQ5	unassigned
B5LUQ6	unassigned
B5LUQ8	unassigned
B5LUQ9	unassigned
B5LUR0	unassigned
B5MFD0	unassigned
B5R066	negative_context
B5R699	negative_context
B5SY89	unassigned
B5U2W0	zymogen_protease
B5U6Y3	negative_context
B5VE42	unassigned
B5VL25	convertase
B5VL26	convertase
B5VL27	convertase
B5X216	negative_context
B5ZB18	unassigned
B6DCJ0	unassigned
B6DCJ1	unassigned
B6DCJ3	unassigned
B6DCJ4	unassigned
B6DCJ5	unassigned
B6DCJ6	unassigned
B6DCJ7	unassigned
B6DCJ9	unassigned
B6DCK0	unassigned
B6DCK1	unassigned
B6DCK2	unassigned
B6DCK3	unassigned
B6DCK4	unassigned
B6DCK5	unassigned
B6DCK6	unassigned
B6DCK8	unassigned
B6DCK9	unassigned
B6DCL0	unassigned
B6DCL1	unassigned
B6DCL2	unassigned
B6DCL3	unassigned
B6DCL4	unassigned
B6DCL5	unassigned
B6DCL6	unassigned
B6DCL7	unassigned
B6DCL8	unassigned
B6DCL9	unassigned
B6DCM0	unassigned
B6DCM1	unassigned
B6DCM2	unassigned
B6DCM3	unassigned
B6DCM4	unassigned
B6DCM5	unassigned
B6DCM6	unassigned
B6DCM7	unassigned
B6DCM8	unassigned
B6DCM9	unassigned
B6DCN0	unassigned
B6DCN1	unassigned
B6DCN2	unassigned
B6DCN3	unassigned
B6DCN4	unassigned
B6DCN5	unassigned
B6DCN6	unassigned
B6DCN7	unassigned
B6DCN8	unassigned
B6DCN9	unassigned
B6DCP0	unassigned
B6DCP1	unassigned
B6DCP2	unassigned
B6DCP3	unassigned
B6DCP4	unassigned
B6DCP5	unassigned
B6DCP6	unassigned
B6DCP7	unassigned
B6DCQ0	unassigned
B6DCQ1	unassigned
B6DCQ2	unassigned
B6DCQ3	unassigned
B6DCQ4	unassigned
B6DCQ5	unassigned
B6DCQ6	unassigned
B6DCQ7	unassigned
B6DCQ8	unassigned
B6DCQ9	unassigned
B6DCR0	unassigned
B6DCR1	unassigned
B6DCR2	unassigned
B6DCR3	unassigned
B6DCR4	unassigned
B6DCR5	unassigned
B6DCR6	unassigned
B6DCR7	unassigned
B6DCR8	unassigned
B6DCR9	unassigned
B6DCS0	unassigned
B6DCS1	unassigned
B6DCS2	unassigned
B6DCS3	unassigned
B6DCS4	unassigned
B6DCS5	unassigned
B6DCS6	unassigned
B6DCS7	unassigned
B6DCS8	unassigned
B6DCS9	unassigned
B6DCT0	unassigned
B6DCT1	unassigned
B6DCT2	unassigned
B6DCT3	unassigned
B6DCT4	unassigned
B6DCT5	unassigned
B6DCT6	unassigned
B6DCT7	unassigned
B6DCT8	unassigned
B6DCU0	unassigned
B6DCU1	unassigned
B6DCU2	unassigned
B6DCU3	unassigned
B6DCU4	unassigned
B6DCU5	unassigned
B6DCU6	unassigned
B6DCU7	unassigned
B6DCU8	unassigned
B6DCU9	unassigned
B6DCV0	unassigned
B6DCX2	unassigned
B6DCX4	unassigned
B6DCX5	unassigned
B6DCX6	unassigned
B6DCX7	unassigned
B6DCX8	unassigned
B6DCX9	unassigned
B6DCY0	unassigned
B6DCY2	unassigned
B6DCY3	unassigned
B6DCY4	unassigned
B6DCY5	unassigned
B6DCY6	unassigned
B6DCY7	unassigned
B6DCY8	unassigned
B6DCY9	unassigned
B6DCZ0	unassigned
B6DCZ1	unassigned
B6DCZ2	unassigned
B6DCZ3	unassigned
B6DCZ4	unassigned
B6DCZ5	unassigned
B6DCZ6	unassigned
B6DCZ7	unassigned
B6DCZ8	unassigned
B6DCZ9	unassigned
B6DD00	unassigned
B6DD01	unassigned
B6DD02	unassigned
B6DD03	unassigned
B6DD04	unassigned
B6DD05	unassigned
B6DD06	unassigned
B6DD07	unassigned
B6DD08	unassigned
B6DD09	unassigned
B6DD10	unassigned
B6DD11	unassigned
B6DD12	unassigned
B6DD13	unassigned
B6DD14	unassigned
B6DD15	unassigned
B6DD16	unassigned
B6DD17	unassigned
B6DD18	unassigned
B6DD19	unassigned
B6DD20	unassigned
B6DD21	unassigned
B6DD22	unassigned
B6DD23	unassigned
B6DD24	unassigned
B6DD25	unassigned
B6DD26	unassigned
B6DD27	unassigned
B6DD28	unassigned
B6DD29	unassigned
B6DD30	unassigned
B6DD31	unassigned
B6DD32	unassigned
B6DD33	unassigned
B6DD52	unassigned
B6DD53	unassigned
B6DD54	unassigned
B6DD55	unassigned
B6DD56	unassigned
B6DD57	unassigned
B6DD58	unassigned
B6DD59	unassigned
B6EWW8	unassigned
B6GXZ8	unassigned
B6H3H1	zymogen_protease
B6HL60	zymogen_protease
B6HY14	convertase
B6IB31	unassigned
B6K9M7	unassigned
B6KAM0	unassigned
B6V6L0	unassigned
B6V865	zymogen_protease
B6V867	zymogen_protease
B6VA84	zymogen_protease
B6VA86	zymogen_protease
B6VA87	zymogen_protease
B6YSW2	zymogen_protease
B6YXV3	zymogen_protease
B7G6D3	zymogen_protease
B7GIR0	unassigned
B7HCU7	zymogen_protease
B7HE75	unassigned
B7HPM0	zymogen_protease
B7HQK0	unassigned
B7IIV4	unassigned
B7IYH4	zymogen_protease
B7JNV3	zymogen_protease
B7JQ28	unassigned
B7JVQ3	unassigned
B7K989	unassigned
B7L5E9	unassigned
B7LJU7	negative_context
B7LZY9	unassigned
B7M893	negative_context
B7M9V0	unassigned
B7MAM0	negative_context
B7MV44	unassigned
B7NB47	unassigned
B7NUP2	unassigned
B7URT6	unassigned
B7XFT1	convertase
B8D673	zymogen_protease
B8D683	zymogen_protease
B8DHK8	unassigned
B8FUS1	unassigned
B8GG66	zymogen_protease
B8H8L6	zymogen_protease
B8HTR1	unassigned
B8I178	unassigned
B8JLQ9	zymogen_protease
B8K1V9	unassigned
B8MF81	zymogen_protease
B8N106	zymogen_protease
B8N7S7	unassigned
B8N7Z8	zymogen_protease
B8N8M2	zymogen_protease
B8NCQ5	unassigned
B8NLY9	zymogen_protease
B8NVB7	negative_context
B8NYX1	zymogen_protease
B8QG00	unassigned
B8XGQ4	zymogen_protease
B8XGQ6	zymogen_protease
B8XGQ7	zymogen_protease
B8XGQ8	zymogen_protease
B8XGR3	zymogen_protease
B8XH22	unassigned
B8XH40	unassigned
B8XH45	negative_context
B8XH46	unassigned
B8XH50	convertase
B8ZPV1	unassigned
B8ZRF3	zymogen_protease
B9DNE8	unassigned
B9DU56	unassigned
B9E020	unassigned
B9ENM6	unassigned
B9IY88	zymogen_protease
B9IZ18	unassigned
B9J3S4	zymogen_protease
B9LTS6	zymogen_protease
B9MRB7	unassigned
B9TQX1	unassigned
B9TQX2	unassigned
B9TQX3	unassigned
B9TQX4	unassigned
B9U443	unassigned
B9UIY3	convertase
B9W4V6	unassigned
C0H690	convertase
C0H691	convertase
C0H692	convertase
C0H693	convertase
C0H694	convertase
C0HJE6	negative_context
C0HJF6	unassigned
C0HJI1	negative
C0HJI2	negative
C0HJI3	negative
C0HJI4	negative
C0HJI5	negative
C0HJI6	negative
C0HJI7	negative
C0HJI8	negative
C0HJK0	negative
C0HJQ4	negative_context
C0HJT9	negative
C0HJU0	negative
C0HJV6	unassigned
C0HJV7	unassigned
C0HJV8	unassigned
C0HJZ6	convertase
C0HJZ7	convertase
C0HJZ8	convertase
C0HJZ9	convertase
C0HK00	convertase
C0HK01	convertase
C0HK02	convertase
C0HK03	convertase
C0HK26	convertase
C0HK27	unassigned
C0HK57	unassigned
C0HKA2	zymogen_protease
C0HKA3	zymogen_protease
C0HKA4	zymogen_protease
C0HKA5	zymogen_protease
C0HKA6	zymogen_protease
C0HKF6	convertase
C0HKF7	zymogen_protease
C0HKF8	zymogen_protease
C0HKG0	unassigned
C0HKG1	unassigned
C0HKG7	unassigned
C0HKG8	unassigned
C0HKG9	unassigned
C0HKR1	convertase
C0HKR2	convertase
C0HKS0	convertase
C0HKS1	convertase
C0HKS3	convertase
C0HKS4	convertase
C0HKS5	convertase
C0HKS6	convertase
C0HKT1	convertase
C0HKT2	convertase
C0HKT3	convertase
C0HKT4	convertase
C0HKT6	convertase
C0HKU0	convertase
C0HKU2	convertase
C0HKV8	convertase
C0HKV9	convertase
C0HKW7	convertase
C0HL17	convertase
C0HL58	unassigned
C0HL59	unassigned
C0HL65	negative_context
C0HL91	convertase
C0HL92	convertase
C0HLG4	unassigned
C0HLM6	negative
C0HLS4	convertase
C0HM54	negative
C0HM68	convertase
C0HMD2	unassigned
C0HMD3	unassigned
C0HMD4	unassigned
C0K3N1	unassigned
C0KYC3	convertase
C0KYC4	convertase
C0KYC5	convertase
C0KYC6	convertase
C0LRA7	unassigned
C0M7I0	unassigned
C0ME76	unassigned
C0NVM2	zymogen_protease
C0P381	unassigned
C0S3M9	negative_context
C0SJ49	zymogen_protease
C0STK6	negative_context
C0XTM5	unassigned
C0ZZU7	zymogen_protease
C1AQ26	zymogen_protease
C1ASP7	zymogen_protease
C1BJ98	unassigned
C1C7A1	unassigned
C1CE94	unassigned
C1CKH0	unassigned
C1CRK7	unassigned
C1ESL5	zymogen_protease
C1ETN9	unassigned
C1FVW6	unassigned
C1G2I2	negative_context
C1GMY8	zymogen_protease
C1HC91	zymogen_protease
C1IBZ3	convertase
C1IC04	convertase
C1J5M5	convertase
C1J5M6	convertase
C1J5M7	convertase
C1JAR9	convertase
C1KIY9	convertase
C1KVI7	unassigned
C3L3J4	unassigned
C3L5S4	zymogen_protease
C3L6X4	unassigned
C3LS71	negative_context
C3LUP3	zymogen_protease
C3MQ16	zymogen_protease
C3MRE5	zymogen_protease
C3MVD5	zymogen_protease
C3MY41	zymogen_protease
C3MZI0	zymogen_protease
C3N5N4	zymogen_protease
C3N7K2	zymogen_protease
C3NE98	zymogen_protease
C3NFX2	zymogen_protease
C3NHF1	zymogen_protease
C3P8M7	zymogen_protease
C3P9C8	unassigned
C3RT17	convertase
C3RT18	convertase
C3RT22	convertase
C3RT23	convertase
C3RT24	convertase
C3TS04	unassigned
C3TS06	unassigned
C3TS07	unassigned
C3TS08	unassigned
C3TS10	unassigned
C3VVN5	unassigned
C3VVN6	unassigned
C3Z6E6	convertase
C4B4E4	unassigned
C4JLL1	zymogen_protease
C4KHB0	zymogen_protease
C4KIR0	zymogen_protease
C4L4N3	unassigned
C4N9P6	convertase
C4PRC1	unassigned
C4PWC3	unassigned
C4PWC4	unassigned
C4YHA6	unassigned
C4YMJ3	convertase
C4YNQ5	convertase
C4YSF6	convertase
C4Z9Z8	unassigned
C4ZY59	unassigned
C5A2D5	zymogen_protease
C5A7L1	zymogen_protease
C5BVA2	zymogen_protease
C5D4U8	zymogen_protease
C5D5G7	unassigned
C5FBS2	zymogen_protease
C5FGX1	zymogen_protease
C5FH26	zymogen_protease
C5FH27	zymogen_protease
C5FJA5	zymogen_protease
C5FMY5	zymogen_protease
C5FPS1	zymogen_protease
C5FRQ0	zymogen_protease
C5FS55	zymogen_protease
C5FVN6	zymogen_protease
C5FW30	zymogen_protease
C5FX37	zymogen_protease
C5FXZ6	zymogen_protease
C5FZ39	zymogen_protease
C5FZ57	zymogen_protease
C5G1D1	zymogen_protease
C5GRP9	zymogen_protease
C5H0C7	convertase
C5H0C8	convertase
C5H0D4	convertase
C5H0D5	convertase
C5H0D6	convertase
C5H0D7	convertase
C5H0D8	convertase
C5H0D9	convertase
C5H0E0	convertase
C5H0E1	convertase
C5H0E2	convertase
C5IB03	convertase
C5J886	unassigned
C5J887	convertase
C5J888	convertase
C5J893	convertase
C5J897	convertase
C5J8E3	convertase
C5JX80	zymogen_protease
C5NSL2	convertase
C5NZ69	zymogen_protease
C5NZ70	zymogen_protease
C5NZT2	zymogen_protease
C5P1W9	zymogen_protease
C5P552	zymogen_protease
C5P5Q3	zymogen_protease
C5P6D1	zymogen_protease
C5P6L5	zymogen_protease
C5P9H3	zymogen_protease
C5PCB1	zymogen_protease
C5PCX1	zymogen_protease
C5PEI9	zymogen_protease
C5PFR5	zymogen_protease
C5PGK9	zymogen_protease
C6A2V9	zymogen_protease
C6A3R1	zymogen_protease
C6DPV1	zymogen_protease
C6EVG1	convertase
C6EVG2	convertase
C6EVG7	convertase
C6FX52	negative
C6HH71	zymogen_protease
C6KSX0	unassigned
C6WID8	zymogen_protease
C6Y4B3	negative_context
C6Y4B5	unassigned
C6ZDB5	zymogen_protease
C6ZH27	unassigned
C6ZJQ2	unassigned
C7B247	convertase
C7C1L2	unassigned
C7DQB7	convertase
C7DQB8	convertase
C7DQB9	convertase
C7DQC0	convertase
C7DQC1	convertase
C7DQC2	convertase
C7DQX6	convertase
C7DQX7	convertase
C7DQX8	convertase
C7DQX9	convertase
C7DQY0	unassigned
C7DT09	unassigned
C7GQJ1	unassigned
C7GS61	unassigned
C7LYP7	zymogen_protease
C7MWV7	zymogen_protease
C7NQ99	zymogen_protease
C7NVQ4	zymogen_protease
C7P6N4	zymogen_protease
C7PVV2	zymogen_protease
C7R403	zymogen_protease
C7Z6W1	zymogen_protease
C8CK74	unassigned
C8CK75	unassigned
C8CK76	unassigned
C8CK77	unassigned
C8CK78	unassigned
C8CK79	unassigned
C8XAQ4	zymogen_protease
C8ZGM3	unassigned
C9D7R2	zymogen_protease
C9D7R3	zymogen_protease
C9EIC7	convertase
C9K4X8	convertase
C9REN7	zymogen_protease
C9Z4D0	zymogen_protease
D0EXD3	unassigned
D0KRX1	zymogen_protease
D0KTH0	zymogen_protease
D0LDT1	zymogen_protease
D0N0J7	negative_context
D0PX84	convertase
D0PX85	convertase
D0PX86	convertase
D0VX09	negative
D1A2S9	zymogen_protease
D1A3V2	zymogen_protease
D1BHT9	zymogen_protease
D1BS26	zymogen_protease
D1FNJ7	unassigned
D1MEI6	unassigned
D1MEI7	unassigned
D1MEI8	unassigned
D1MEI9	unassigned
D1MEJ0	unassigned
D1MEJ1	unassigned
D1MEJ2	unassigned
D1MEJ3	unassigned
D1Z199	zymogen_protease
D2ATV1	zymogen_protease
D2DGD3	unassigned
D2DGD4	unassigned
D2DGD5	unassigned
D2DGD6	unassigned
D2DGD7	convertase
D2DGD8	unassigned
D2DGD9	unassigned
D2IT41	negative
D2KBH9	convertase
D2KX90	convertase
D2KX91	convertase
D2KX92	convertase
D2PDG6	zymogen_protease
D2PK63	zymogen_protease
D2Q4H4	zymogen_protease
D2RGT4	zymogen_protease
D2RQX3	zymogen_protease
D2RUI0	zymogen_protease
D2S6E2	zymogen_protease
D2XUU4	unassigned
D2XUU5	unassigned
D2XUU6	unassigned
D2XUU7	unassigned
D2XUU8	unassigned
D2XUU9	unassigned
D2XUV0	unassigned
D2XUV1	unassigned
D2Y100	unassigned
D2Y101	unassigned
D2Y102	unassigned
D2Y168	unassigned
D2Y169	unassigned
D2Y170	unassigned
D2Y171	unassigned
D2Y172	unassigned
D2Y173	unassigned
D2Y174	unassigned
D2Y1X6	unassigned
D2Y1X7	unassigned
D2Y1X8	unassigned
D2Y1X9	unassigned
D2Y1Y0	unassigned
D2Y1Y1	unassigned
D2Y1Y2	unassigned
D2Y1Y3	unassigned
D2Y1Y4	unassigned
D2Y1Y5	unassigned
D2Y1Y6	unassigned
D2Y1Y7	unassigned
D2Y1Y8	unassigned
D2Y1Y9	unassigned
D2Y1Z0	unassigned
D2Y1Z1	unassigned
D2Y1Z2	unassigned
D2Y1Z3	unassigned
D2Y1Z4	unassigned
D2Y1Z5	unassigned
D2Y1Z6	unassigned
D2Y1Z7	unassigned
D2Y1Z8	unassigned
D2Y1Z9	unassigned
D2Y200	unassigned
D2Y201	unassigned
D2Y202	unassigned
D2Y203	unassigned
D2Y204	unassigned
D2Y205	unassigned
D2Y206	unassigned
D2Y207	unassigned
D2Y208	unassigned
D2Y209	unassigned
D2Y210	unassigned
D2Y211	unassigned
D2Y212	unassigned
D2Y213	unassigned
D2Y214	unassigned
D2Y215	unassigned
D2Y216	unassigned
D2Y217	unassigned
D2Y218	unassigned
D2Y219	unassigned
D2Y220	unassigned
D2Y221	unassigned
D2Y222	unassigned
D2Y223	unassigned
D2Y224	unassigned
D2Y225	unassigned
D2Y226	unassigned
D2Y227	unassigned
D2Y228	unassigned
D2Y229	unassigned
D2Y230	unassigned
D2Y231	unassigned
D2Y232	unassigned
D2Y233	unassigned
D2Y234	unassigned
D2Y235	unassigned
D2Y236	unassigned
D2Y237	unassigned
D2Y238	unassigned
D2Y239	unassigned
D2Y240	unassigned
D2Y241	unassigned
D2Y242	unassigned
D2Y243	unassigned
D2Y244	unassigned
D2Y246	unassigned
D2Y247	unassigned
D2Y248	unassigned
D2Y249	unassigned
D2Y250	unassigned
D2Y251	unassigned
D2Y252	unassigned
D2Y253	unassigned
D2Y254	unassigned
D2Y255	unassigned
D2Y256	unassigned
D2Y257	unassigned
D2Y258	unassigned
D2Y259	unassigned
D2Y260	unassigned
D2Y261	unassigned
D2Y262	unassigned
D2Y263	unassigned
D2Y264	unassigned
D2Y265	unassigned
D2Y266	unassigned
D2Y267	unassigned
D2Y268	unassigned
D2Y269	unassigned
D2Y270	unassigned
D2Y271	unassigned
D2Y272	unassigned
D2Y273	unassigned
D2Y274	unassigned
D2Y275	unassigned
D2Y276	unassigned
D2Y277	unassigned
D2Y278	unassigned
D2Y279	unassigned
D2Y280	unassigned
D2Y281	unassigned
D2Y282	unassigned
D2Y283	unassigned
D2Y284	unassigned
D2Y285	unassigned
D2Y286	unassigned
D2Y287	unassigned
D2Y288	unassigned
D2Y289	unassigned
D2Y290	unassigned
D2Y291	unassigned
D2Y292	unassigned
D2Y293	unassigned
D2Y294	unassigned
D2Y295	unassigned
D2Y296	unassigned
D2Y297	unassigned
D2Y298	unassigned
D2Y299	unassigned
D2Y2A0	unassigned
D2Y2A1	unassigned
D2Y2A2	unassigned
D2Y2A3	unassigned
D2Y2A4	unassigned
D2Y2A5	unassigned
D2Y2A6	unassigned
D2Y2A7	unassigned
D2Y2A8	unassigned
D2Y2A9	unassigned
D2Y2B0	unassigned
D2Y2B1	unassigned
D2Y2B2	unassigned
D2Y2B3	unassigned
D2Y2B4	unassigned
D2Y2B5	unassigned
D2Y2B6	unassigned
D2Y2B7	unassigned
D2Y2B8	unassigned
D2Y2B9	unassigned
D2Y2C1	unassigned
D2Y2C2	unassigned
D2Y2C3	unassigned
D2Y2C4	unassigned
D2Y2C5	unassigned
D2Y2C6	unassigned
D2Y2C7	unassigned
D2Y2C8	unassigned
D2Y2C9	unassigned
D2Y2D0	unassigned
D2Y2D1	unassigned
D2Y2D2	unassigned
D2Y2D3	unassigned
D2Y2D4	unassigned
D2Y2D5	unassigned
D2Y2D6	unassigned
D2Y2D7	unassigned
D2Y2D8	unassigned
D2Y2D9	unassigned
D2Y2E8	unassigned
D2Y2E9	unassigned
D2Y2F0	unassigned
D2Y2F1	unassigned
D2Y2F2	unassigned
D2Y2F3	unassigned
D2Y2F4	unassigned
D2Y2F5	unassigned
D2Y2F6	unassigned
D2Y2F7	unassigned
D2Y2F8	unassigned
D2Y2F9	unassigned
D2Y2G0	unassigned
D2Y2G1	unassigned
D2Y2G2	unassigned
D2Y2G3	unassigned
D2Y2G4	unassigned
D2Y2G5	unassigned
D2Y2G6	unassigned
D2Y2G7	unassigned
D2Y2G8	unassigned
D2Y2G9	unassigned
D2Y2H0	unassigned
D2Y2H1	unassigned
D2Y2H2	unassigned
D2Y2H3	unassigned
D2Y2H4	unassigned
D2Y2H5	unassigned
D2Y2H6	unassigned
D2Y2H7	unassigned
D2Y2H8	unassigned
D2Y2H9	unassigned
D2Y2I0	unassigned
D2Y2I1	unassigned
D2Y2I2	unassigned
D2Y2I3	unassigned
D2Y2I5	unassigned
D2Y2I6	unassigned
D2Y2I9	unassigned
D2Y2J1	unassigned
D2Y2J2	unassigned
D2Y2J3	unassigned
D2Y2J4	unassigned
D2Y2J5	unassigned
D2Y2J6	unassigned
D2Y2J8	unassigned
D2Y2J9	unassigned
D2Y2K0	unassigned
D2Y2K1	unassigned
D2Y2K2	unassigned
D2Y2K3	unassigned
D2Y2K4	unassigned
D2Y2K5	unassigned
D2Y2K6	unassigned
D2Y2K7	unassigned
D2Y2K8	unassigned
D2Y2K9	unassigned
D2Y2L0	unassigned
D2Y2L2	unassigned
D2Y2L3	unassigned
D2Y2L5	unassigned
D2Y2L7	unassigned
D2Y2L8	unassigned
D2Y2M0	unassigned
D2Y2M1	unassigned
D2Y2M2	unassigned
D2Y2M3	unassigned
D2Y2M4	unassigned
D2Y2M5	unassigned
D2Y2M6	unassigned
D2Y2M8	unassigned
D2Y2M9	unassigned
D2Y2N0	unassigned
D2Y2N1	unassigned
D2Y2N2	unassigned
D2Y2N3	unassigned
D2Y2N4	unassigned
D2Y2N5	unassigned
D2Y2N6	unassigned
D2Y2N7	unassigned
D2Y2N9	unassigned
D2Y2P0	unassigned
D2Y2P1	unassigned
D2Y2P2	unassigned
D2Y2P3	unassigned
D2Y2P5	unassigned
D2Y2P6	unassigned
D2Y2P8	unassigned
D2Y2Q1	unassigned
D2Y2Q2	unassigned
D2Y2Q5	unassigned
D2Y2Q6	unassigned
D2Y2Q7	unassigned
D2Y2Q8	unassigned
D2Y2Q9	unassigned
D2Y2R1	unassigned
D2Y2R3	unassigned
D2Y2R4	unassigned
D2Y3T1	unassigned
D2Y3T3	unassigned
D2Y492	unassigned
D2Y493	convertase
D2Y495	convertase
D2Y496	convertase
D2Y499	convertase
D2YZQ3	convertase
D2Z1D6	negative
D3E0A3	zymogen_protease
D3JWK2	unassigned
D3JWK7	unassigned
D3JYA5	unassigned
D3JYA6	unassigned
D3Q557	zymogen_protease
D3RX66	zymogen_protease
D3S8M7	zymogen_protease
D3SSQ6	zymogen_protease
D3VML5	unassigned
D3Z752	convertase
D3Z7Q2	negative
D3ZS74	zymogen_protease
D3ZTT2	unassigned
D3ZZ07	zymogen_protease
D4A2Q0	negative_context
D4A540	convertase
D4A6L0	negative_context
D4AIF1	zymogen_protease
D4AIS3	zymogen_protease
D4AKU9	zymogen_protease
D4ALQ5	unassigned
D4ANC3	zymogen_protease
D4AP52	zymogen_protease
D4APA9	zymogen_protease
D4APE2	negative_context
D4APE3	zymogen_protease
D4APX3	unassigned
D4AQ54	negative_context
D4AQA9	zymogen_protease
D4AQG0	zymogen_protease
D4AQH0	unassigned
D4AS12	zymogen_protease
D4AT07	unassigned
D4AT39	zymogen_protease
D4ATC3	unassigned
D4AUF4	negative_context
D4AUH1	unassigned
D4AWY5	zymogen_protease
D4AXU8	unassigned
D4AXW3	zymogen_protease
D4AYQ6	unassigned
D4AZC5	unassigned
D4AZK1	zymogen_protease
D4AZK9	unassigned
D4B194	zymogen_protease
D4B1B1	unassigned
D4B2Q8	unassigned
D4B385	zymogen_protease
D4B388	unassigned
D4B3I5	unassigned
D4B5D4	unassigned
D4B5N0	zymogen_protease
D4B5N1	zymogen_protease
D4CZ60	zymogen_protease
D4CZQ4	zymogen_protease
D4D0F5	zymogen_protease
D4D1U5	zymogen_protease
D4D674	zymogen_protease
D4D6Q4	zymogen_protease
D4D7C5	zymogen_protease
D4D8N9	negative_context
D4D8U6	zymogen_protease
D4DD24	zymogen_protease
D4DEN7	zymogen_protease
D4DFT3	zymogen_protease
D4DGR1	zymogen_protease
D4DIS6	zymogen_protease
D4DIW9	zymogen_protease
D4DL57	zymogen_protease
D4DLA2	zymogen_protease
D4G0R3	unassigned
D4GPK6	negative_context
D4GSY9	negative_context
D4GWY0	unassigned
D4GWY2	unassigned
D4GYZ1	zymogen_protease
D4HPD6	convertase
D4HRK4	convertase
D5EAS6	zymogen_protease
D5FM38	convertase
D5GRW4	convertase
D5J6X1	unassigned
D5J9S0	unassigned
D5KR59	unassigned
D5KXG7	unassigned
D5KXG8	unassigned
D5KXG9	unassigned
D5KXH0	unassigned
D5KXH1	unassigned
D5KXH2	unassigned
D5KXH3	unassigned
D5KXH6	unassigned
D5L5Q7	convertase
D5LGE0	convertase
D6C4H5	unassigned
D6C4H8	unassigned
D6C4H9	convertase
D6C4I0	convertase
D6C4I3	unassigned
D6C4I6	unassigned
D6C4I7	convertase
D6C4I8	convertase
D6C4I9	convertase
D6C4J0	convertase
D6C4J3	convertase
D6C4J7	unassigned
D6C4J8	unassigned
D6C4J9	negative
D6C4K0	unassigned
D6C4K2	unassigned
D6C4K3	unassigned
D6C4K5	convertase
D6C4K9	unassigned
D6C4L1	unassigned
D6C4L2	unassigned
D6C4L3	unassigned
D6C4L4	unassigned
D6C4L5	convertase
D6C4L6	unassigned
D6C4L7	unassigned
D6C4L8	unassigned
D6C4L9	convertase
D6C4M0	unassigned
D6C4M1	unassigned
D6C4M2	unassigned
D6C4M3	unassigned
D6CFW3	unassigned
D7GXG5	unassigned
D9IWN6	unassigned
D9IWN7	unassigned
D9IX97	unassigned
D9U2A7	unassigned
D9U2B1	unassigned
D9U2B8	convertase
E0WX65	unassigned
E0Y418	zymogen_protease
E0Y419	zymogen_protease
E0Y420	zymogen_protease
E0Y421	zymogen_protease
E1AWD2	convertase
E1AWD3	convertase
E1AWD4	convertase
E1AWD5	convertase
E1AWD6	convertase
E1AWD7	convertase
E1AWD8	convertase
E1AWE0	convertase
E1AXF5	convertase
E1AXF6	convertase
E1AXF9	convertase
E1B228	convertase
E1B230	convertase
E1B231	convertase
E1B240	convertase
E1B241	convertase
E1B242	convertase
E1B243	convertase
E1B245	convertase
E1B247	convertase
E1B248	convertase
E1UYT9	unassigned
E1UYU0	unassigned
E1ZVK1	convertase
E1ZZF9	convertase
E2A1R1	convertase
E2A3M7	convertase
E2A6P1	unassigned
E2A6Z3	convertase
E2ADX8	convertase
E2AFK9	convertase
E2AJ76	unassigned
E2ARW3	unassigned
E2ASG4	unassigned
E2AX75	convertase
E2AZE8	convertase
E2DIH5	unassigned
E2DIH6	unassigned
E2E4E4	convertase
E2E4L2	convertase
E2S061	convertase
E2S062	convertase
E2S063	convertase
E2S064	convertase
E2S065	convertase
E2S066	convertase
E3P6N9	negative_context
E3P6S4	convertase
E3PQQ8	convertase
E3QQU9	zymogen_protease
E3S6P9	zymogen_protease
E3YBA4	unassigned
E4UN97	zymogen_protease
E4UPZ4	zymogen_protease
E4UWA4	zymogen_protease
E4UY04	zymogen_protease
E4V2L6	zymogen_protease
E4V2V9	zymogen_protease
E4V5C5	zymogen_protease
E4V655	zymogen_protease
E4VP04	negative
E4VP07	convertase
E4VP43	unassigned
E4VP50	convertase
E4Z7G0	convertase
E4ZHQ5	zymogen_protease
E5A7T3	zymogen_protease
E5AJX2	zymogen_protease
E5D3Z8	zymogen_protease
E5KIB6	unassigned
E5L0E3	zymogen_protease
E5L0E4	zymogen_protease
E5L0E5	zymogen_protease
E5L0E6	zymogen_protease
E5R1B9	zymogen_protease
E6ZBE2	convertase
E7EKC4	convertase
E7EKC5	convertase
E7EKD0	convertase
E7EKD4	convertase
E7EKD6	unassigned
E7EKD9	convertase
E7EKE0	convertase
E7EKE1	convertase
E7EKH1	convertase
E7EKH2	convertase
E7EKH3	convertase
E7EKH4	convertase
E7EKH5	convertase
E7EKH6	convertase
E7EKH7	convertase
E7EKI0	convertase
E7EKI9	convertase
E7EKJ5	convertase
E7EKJ6	convertase
E7EKJ7	convertase
E7EKM1	convertase
E7EZ53	convertase
E7F4V6	zymogen_protease
E7F6V0	zymogen_protease
E8RMD3	unassigned
E8RUP8	unassigned
E8RUP9	unassigned
E9DBV9	zymogen_protease
E9DUF4	zymogen_protease
E9F277	zymogen_protease
E9PV24	negative
F0T377	unassigned
F0URV0	zymogen_protease
F0X8C8	zymogen_protease
F1AWB0	unassigned
F1DFM9	convertase
F1M928	unassigned
F1MDB2	negative
F1N5C8	unassigned
F1NV61	zymogen_protease
F1QQI2	convertase
F1R4U0	unassigned
F1RWC3	convertase
F1T149	convertase
F1T150	convertase
F1T151	convertase
F1T152	convertase
F1T153	convertase
F1T154	convertase
F1T155	convertase
F1T156	convertase
F1T157	convertase
F2QXM5	unassigned
F2XFS9	convertase
F4HPF1	zymogen_protease
F4HSQ2	zymogen_protease
F4HVZ1	zymogen_protease
F4HZB9	unassigned
F4I082	unassigned
F4IG09	zymogen_protease
F4IVN9	unassigned
F4JA91	zymogen_protease
F4JIG1	unassigned
F4JJH4	zymogen_protease
F4JJH5	zymogen_protease
F4JJL0	unassigned
F4JJL3	unassigned
F4JJL8	zymogen_protease
F4JL85	unassigned
F4K6R7	unassigned
F4KB79	unassigned
F4KEL0	zymogen_protease
F4KGD4	zymogen_protease
F5C0A0	unassigned
F5C3T9	unassigned
F5C3U4	convertase
F5CPD9	negative_context
F5CPE8	unassigned
F5CPF0	unassigned
F5CPF1	unassigned
F6JWU7	unassigned
F6JWU8	unassigned
F6JWU9	unassigned
F6JWV0	unassigned
F6JWV1	unassigned
F6JWV2	unassigned
F6JWV3	unassigned
F6K5S6	convertase
F6PTN1	zymogen_protease
F7UI84	convertase
F7UI85	convertase
F7UI86	convertase
F7UI87	convertase
F7UI88	convertase
F8J2D0	unassigned
F8J2D2	unassigned
F8J4S0	unassigned
F8RKW2	unassigned
F8S0Z7	unassigned
F8S114	zymogen_protease
F8S116	zymogen_protease
F8S122	unassigned
F9FRH4	negative_context
G0LFX8	unassigned
G0LWV9	convertase
G0R947	unassigned
G0RA32	unassigned
G0RFK8	unassigned
G0RH85	unassigned
G0RUP7	unassigned
G0W2H8	convertase
G0W2H9	convertase
G0W2I0	convertase
G0W2I1	convertase
G1AS73	unassigned
G1AS74	convertase
G1AS75	convertase
G1AS76	unassigned
G1AS77	unassigned
G1AS78	convertase
G1AS79	unassigned
G1AS80	convertase
G1AS81	unassigned
G1AS82	convertase
G1AS83	convertase
G1CWH1	unassigned
G1CWH3	unassigned
G1CWH5	unassigned
G1CWH6	unassigned
G1CWH8	unassigned
G1FE62	convertase
G1UB63	unassigned
G1UBC2	unassigned
G1XAA9	unassigned
G2WTV2	unassigned
G2WXY8	zymogen_protease
G2WYA4	negative_context
G2X495	zymogen_protease
G2X668	zymogen_protease
G2XDH0	negative_context
G3ETQ2	convertase
G3ETQ3	convertase
G3F828	convertase
G3MU46	convertase
G3X745	unassigned
G3XD43	unassigned
G4MLU0	unassigned
G4NDG4	zymogen_protease
G5CKU5	convertase
G5E8D7	negative_context
G5EB30	unassigned
G5ECN9	convertase
G5EEC2	convertase
G5EFN6	negative
G5EGM1	convertase
G5EGP8	zymogen_protease
G7JV15	negative
G7NYP9	negative
G7ZZZ3	negative
G8G2V6	unassigned
G8YYA5	convertase
G8YYA6	convertase
H2A0M8	negative_context
H2A7G5	unassigned
H2BK78	unassigned
H2BKJ0	convertase
H2BKS9	convertase
H2CYR5	convertase
H2DF88	zymogen_protease
H2E7Q6	unassigned
H2EQR6	convertase
H2KZ60	unassigned
H2LID1	unassigned
H3BJG9	unassigned
H3BQJ8	unassigned
H7C8I3	unassigned
H8F3N4	negative_context
H8Y1U0	unassigned
I0B6F3	unassigned
I0B6F5	unassigned
I0CME7	zymogen_protease
I0DEB3	convertase
I0DEB4	convertase
I0DEB5	convertase
I0DEB6	convertase
I1BJN3	unassigned
I1BVT3	unassigned
I1C4E4	unassigned
I1CFE1	unassigned
I1N462	negative
I1RAQ3	unassigned
I1REI8	unassigned
I1S2N3	unassigned
I1T3C7	convertase
I1VC85	unassigned
I2DBY1	unassigned
I2DBY2	unassigned
I2DBY3	unassigned
I3R794	zymogen_protease
I6M4H4	convertase
I6R1R5	unassigned
I6R1R7	convertase
I6R1S1	unassigned
I6RA66	convertase
I6RA71	convertase
I6RU51	unassigned
I6S394	convertase
I6S3A5	unassigned
I6S7G9	convertase
I6S7H3	convertase
I6S7H5	unassigned
I7C2V3	convertase
I7GQA7	unassigned
J3RY93	zymogen_protease
J3RYA3	zymogen_protease
J3S3W5	zymogen_protease
J3S832	zymogen_protease
J3S833	zymogen_protease
J3S835	zymogen_protease
J3SBQ3	unassigned
J3SDW9	zymogen_protease
J3SDX0	zymogen_protease
J7GY56	unassigned
J9VHN6	unassigned
J9VND2	unassigned
J9VPD7	unassigned
J9VPP4	unassigned
J9VS02	zymogen_protease
J9ZXD8	unassigned
K1WG73	unassigned
K1XT82	unassigned
K1XVG1	unassigned
K1XW16	unassigned
K2QVI4	negative_context
K4JY29	unassigned
K7LFJ0	negative
K7LSB9	negative
K7N5K9	unassigned
K7ZGS2	convertase
K9J977	unassigned
K9USW8	negative
L0GAZ8	convertase
L0GB04	unassigned
L0GBQ6	unassigned
L0GBR1	unassigned
L0GCI6	convertase
L0GCJ6	convertase
L0GCV8	convertase
L0L3V3	convertase
L0P323	convertase
L0P329	convertase
L0P3K3	convertase
L0P402	convertase
L0PIN3	unassigned
L0PJV8	unassigned
L8FSM5	zymogen_protease
L8G6I7	zymogen_protease
L8GD75	zymogen_protease
M0R8L2	convertase
M1E1F0	unassigned
M1E1F1	unassigned
M5BGS2	unassigned
M5BGY5	unassigned
M5BHN0	unassigned
M9P2C1	convertase
M9PQ91	convertase
O00230	convertase
O00253	unassigned
O00254	unassigned
O00292	unassigned
O00451	unassigned
O00526	convertase
O00585	negative_context
O00591	negative_context
O00906	unassigned
O01382	zymogen_protease
O02002	zymogen_protease
O02678	unassigned
O02686	convertase
O02840	convertase
O04057	zymogen_protease
O04500	unassigned
O04547	negative
O04795	unassigned
O04796	unassigned
O04953	negative_context
O05333	unassigned
O06350	unassigned
O06653	unassigned
O07623	unassigned
O08523	unassigned
O08524	unassigned
O08529	zymogen_protease
O08542	unassigned
O08543	unassigned
O08545	unassigned
O08602	unassigned
O08603	unassigned
O08604	unassigned
O08619	zymogen_protease
O08675	unassigned
O08677	negative
O08738	zymogen_protease
O08842	unassigned
O08957	unassigned
O09037	unassigned
O09049	unassigned
O09051	unassigned
O09061	unassigned
O09164	unassigned
O09209	convertase
O09210	convertase
O12956	convertase
O13009	unassigned
O13035	convertase
O13057	zymogen_protease
O13058	zymogen_protease
O13059	zymogen_protease
O13060	unassigned
O13061	zymogen_protease
O13062	zymogen_protease
O13063	zymogen_protease
O13065	zymogen_protease
O13069	zymogen_protease
O13156	unassigned
O13157	unassigned
O13318	unassigned
O13340	convertase
O13351	unassigned
O13368	unassigned
O13547	unassigned
O13692	unassigned
O13960	unassigned
O14113	unassigned
O14124	negative_context
O14668	unassigned
O14669	unassigned
O14798	unassigned
O14944	unassigned
O15130	convertase
O15240	negative
O15496	convertase
O15823	unassigned
O15825	unassigned
O15980	negative
O15981	negative
O15982	negative
O16137	convertase
O16846	convertase
O17264	convertase
O17512	convertase
O17513	convertase
O18330	negative
O18492	unassigned
O18493	unassigned
O18494	unassigned
O18495	unassigned
O18496	unassigned
O18641	convertase
O18733	zymogen_protease
O18754	unassigned
O18767	zymogen_protease
O18783	zymogen_protease
O18794	unassigned
O18811	negative
O18823	zymogen_protease
O18845	negative
O18927	zymogen_protease
O18979	negative
O19015	zymogen_protease
O19045	convertase
O19073	unassigned
O19895	unassigned
O22126	unassigned
O22194	unassigned
O22415	negative
O22882	unassigned
O23006	unassigned
O23262	unassigned
O23357	zymogen_protease
O23710	zymogen_protease
O23717	zymogen_protease
O23791	zymogen_protease
O24006	convertase
O24325	zymogen_protease
O24326	zymogen_protease
O24361	zymogen_protease
O24565	negative
O24567	negative
O24602	negative
O24618	negative
O25728	negative_context
O26742	unassigned
O27270	zymogen_protease
O29207	unassigned
O29208	unassigned
O30565	negative_context
O31000	negative_context
O31216	negative_context
O31422	unassigned
O31492	unassigned
O31840	unassigned
O32025	unassigned
O32295	unassigned
O32388	unassigned
O32389	unassigned
O32390	unassigned
O33666	unassigned
O33668	unassigned
O33672	unassigned
O33675	unassigned
O33689	unassigned
O33690	unassigned
O33702	unassigned
O35090	convertase
O35118	unassigned
O35136	negative_context
O35186	zymogen_protease
O35298	zymogen_protease
O35314	negative
O35397	zymogen_protease
O35521	zymogen_protease
O35522	zymogen_protease
O35523	zymogen_protease
O35524	zymogen_protease
O35548	convertase
O35632	unassigned
O35744	negative_context
O35902	convertase
O35955	zymogen_protease
O35975	unassigned
O41515	unassigned
O42207	zymogen_protease
O42241	negative
O42364	unassigned
O42471	negative
O42493	negative
O42499	negative
O42630	zymogen_protease
O42717	unassigned
O42809	convertase
O42824	unassigned
O42918	unassigned
O43063	zymogen_protease
O43169	unassigned
O43280	unassigned
O43555	negative
O43612	convertase
O43653	unassigned
O43692	unassigned
O43895	zymogen_protease
O43921	unassigned
O44185	convertase
O44314	convertase
O44516	unassigned
O44662	negative
O44663	negative
O44664	negative
O44665	negative
O44836	convertase
O46028	unassigned
O46162	negative
O46390	unassigned
O46403	unassigned
O46427	zymogen_protease
O46501	unassigned
O46540	unassigned
O46541	negative
O46542	unassigned
O46644	zymogen_protease
O46688	convertase
O47881	unassigned
O48915	unassigned
O49320	unassigned
O49347	unassigned
O49519	negative
O49545	negative_context
O49586	unassigned
O49644	unassigned
O49645	unassigned
O50110	zymogen_protease
O50917	negative_context
O53859	negative_context
O54329	unassigned
O54713	negative
O54732	convertase
O54766	convertase
O54767	convertase
O54800	convertase
O54861	convertase
O55111	convertase
O55123	zymogen_protease
O55162	unassigned
O55183	unassigned
O55186	unassigned
O55232	convertase
O55234	zymogen_protease
O55241	convertase
O57312	negative
O57979	unassigned
O57983	zymogen_protease
O59859	unassigned
O59893	convertase
O59952	convertase
O60020	convertase
O60087	unassigned
O60494	convertase
O60609	unassigned
O60882	zymogen_protease
O60911	zymogen_protease
O61016	unassigned
O61271	convertase
O61466	convertase
O61704	unassigned
O62643	unassigned
O62647	convertase
O62680	unassigned
O62806	zymogen_protease
O62820	negative
O62827	convertase
O64864	unassigned
O64865	unassigned
O65351	zymogen_protease
O65390	zymogen_protease
O65399	unassigned
O65482	negative_context
O66602	negative_context
O67998	negative_context
O68586	unassigned
O69773	negative_context
O70138	zymogen_protease
O70244	convertase
O73727	convertase
O73797	convertase
O73800	zymogen_protease
O73811	negative
O73812	negative
O74213	convertase
O74302	negative
O74623	unassigned
O74703	unassigned
O74922	unassigned
O75003	unassigned
O75015	unassigned
O75326	unassigned
O75443	unassigned
O75487	unassigned
O75610	unassigned
O75882	unassigned
O75900	convertase
O76145	convertase
O76198	unassigned
O76199	unassigned
O76200	unassigned
O76201	unassigned
O76818	convertase
O76856	zymogen_protease
O77150	unassigned
O77220	negative
O77248	convertase
O77256	convertase
O77541	unassigned
O77559	convertase
O77656	zymogen_protease
O77668	convertase
O77742	unassigned
O77801	convertase
O78426	unassigned
O78446	unassigned
O78504	unassigned
O80517	unassigned
O81003	unassigned
O81277	unassigned
O82081	unassigned
O82083	unassigned
O82227	unassigned
O82337	unassigned
O82549	unassigned
O82777	convertase
O83475	negative_context
O87236	unassigned
O87237	unassigned
O88038	unassigned
O88272	convertase
O88307	convertase
O88310	unassigned
O88452	negative_context
O88507	unassigned
O88634	unassigned
O88676	convertase
O88766	zymogen_protease
O88875	unassigned
O88947	convertase
O89051	negative
O89094	zymogen_protease
O89117	unassigned
O93221	convertase
O93225	convertase
O93319	convertase
O93428	zymogen_protease
O93448	negative
O93451	convertase
O93452	convertase
O93455	convertase
O93456	convertase
O93464	convertase
O93512	unassigned
O93718	unassigned
O93719	unassigned
O93885	zymogen_protease
O94183	unassigned
O94272	unassigned
O94549	unassigned
O94753	zymogen_protease
O94772	unassigned
O94779	unassigned
O95274	unassigned
O95399	convertase
O95428	negative_context
O95467	negative
O95497	unassigned
O95498	unassigned
O95760	unassigned
O95831	unassigned
O95867	unassigned
O95868	unassigned
O95969	negative_context
O95971	unassigned
O95980	unassigned
O96009	zymogen_protease
O96014	negative_context
O96049	unassigned
O96447	unassigned
O96690	negative
O96812	unassigned
O97370	zymogen_protease
O97374	unassigned
O97383	negative
O97384	negative
O97385	negative
O97386	negative
O97387	negative
O97395	unassigned
O97398	zymogen_protease
O97399	zymogen_protease
O97490	unassigned
O97655	negative
O97686	negative
O97687	unassigned
O97937	convertase
O97946	unassigned
O97980	negative
O98733	unassigned
O98736	unassigned
P00096	unassigned
P00273	negative
P00410	unassigned
P00433	unassigned
P00488	zymogen_protease
P00497	unassigned
P00590	unassigned
P00592	zymogen_protease
P00593	zymogen_protease
P00596	unassigned
P00597	unassigned
P00598	unassigned
P00606	unassigned
P00611	unassigned
P00617	unassigned
P00618	unassigned
P00619	unassigned
P00629	unassigned
P00630	unassigned
P00644	zymogen_protease
P00648	unassigned
P00649	unassigned
P00691	unassigned
P00729	zymogen_protease
P00730	zymogen_protease
P00731	zymogen_protease
P00732	zymogen_protease
P00734	convertase
P00735	convertase
P00740	convertase
P00741	zymogen_protease
P00742	convertase
P00743	convertase
P00746	zymogen_protease
P00747	convertase
P00752	zymogen_protease
P00755	zymogen_protease
P00756	zymogen_protease
P00758	zymogen_protease
P00759	zymogen_protease
P00760	zymogen_protease
P00761	zymogen_protease
P00762	zymogen_protease
P00763	zymogen_protease
P00764	zymogen_protease
P00772	zymogen_protease
P00773	zymogen_protease
P00774	zymogen_protease
P00776	zymogen_protease
P00777	zymogen_protease
P00780	zymogen_protease
P00782	zymogen_protease
P00783	zymogen_protease
P00786	zymogen_protease
P00787	zymogen_protease
P00791	zymogen_protease
P00792	zymogen_protease
P00793	zymogen_protease
P00794	zymogen_protease
P00795	zymogen_protease
P00796	convertase
P00797	convertase
P00799	zymogen_protease
P00852	unassigned
P00854	unassigned
P00974	unassigned
P00991	unassigned
P01009	negative
P01015	negative
P01017	negative
P01019	negative
P01024	negative
P01025	negative
P01026	negative
P01027	negative
P01042	negative
P01044	negative
P01045	negative
P01048	negative
P01055	unassigned
P01063	unassigned
P01064	unassigned
P01068	unassigned
P01070	unassigned
P01076	unassigned
P01088	unassigned
P01127	convertase
P01134	unassigned
P01135	unassigned
P01146	negative
P01148	negative
P01149	convertase
P01150	negative
P01152	negative
P01156	negative
P01160	unassigned
P01161	convertase
P01165	negative
P01168	convertase
P01169	convertase
P01170	convertase
P01171	convertase
P01172	convertase
P01175	negative
P01177	negative
P01178	negative
P01179	negative
P01180	negative
P01183	negative
P01185	negative
P01186	negative
P01189	negative
P01190	convertase
P01191	convertase
P01192	convertase
P01193	convertase
P01194	negative
P01201	negative
P01210	convertase
P01211	convertase
P01212	convertase
P01222	unassigned
P01223	unassigned
P01224	unassigned
P01244	negative_context
P01252	negative
P01257	convertase
P01258	convertase
P01261	convertase
P01263	convertase
P01268	convertase
P01269	convertase
P01270	convertase
P01272	convertase
P01273	convertase
P01274	convertase
P01275	convertase
P01278	convertase
P01282	convertase
P01283	convertase
P01286	convertase
P01289	convertase
P01297	convertase
P01298	convertase
P01299	convertase
P01302	negative
P01303	negative
P01307	negative
P01308	convertase
P01310	unassigned
P01311	convertase
P01313	convertase
P01314	negative
P01315	convertase
P01316	negative
P01317	convertase
P01318	convertase
P01319	negative
P01320	negative
P01321	convertase
P01322	convertase
P01323	convertase
P01324	negative
P01325	convertase
P01326	convertase
P01327	unassigned
P01328	negative
P01329	convertase
P01330	negative
P01331	negative
P01333	unassigned
P01334	negative
P01335	convertase
P01336	negative
P01338	negative
P01339	negative
P01340	negative
P01342	convertase
P01344	convertase
P01346	convertase
P01350	convertase
P01351	convertase
P01352	convertase
P01353	convertase
P01354	convertase
P01355	convertase
P01356	convertase
P01360	convertase
P01361	convertase
P01362	convertase
P01364	negative
P01376	unassigned
P01377	unassigned
P01491	negative
P01492	negative
P01493	negative
P01494	negative
P01496	negative
P01499	negative
P01500	negative
P01501	unassigned
P01512	convertase
P01513	convertase
P01522	unassigned
P01523	convertase
P01538	unassigned
P01543	unassigned
P01545	unassigned
P01558	unassigned
P01559	unassigned
P01579	convertase
P01759	negative_context
P01830	unassigned
P01831	unassigned
P01921	negative_context
P01923	negative
P01924	negative
P01926	negative
P01928	negative
P01929	negative
P01930	negative
P01932	negative
P01933	negative
P01936	negative
P01937	negative
P01938	negative
P01940	negative
P01941	negative
P01942	negative
P01943	negative
P01944	negative
P01945	negative
P01946	negative
P01947	negative
P01949	negative
P01950	negative
P01951	negative
P01953	negative
P01954	negative
P01955	negative
P01956	negative
P01957	negative
P01958	negative
P01959	negative
P01960	negative
P01963	negative
P01964	negative
P01965	negative
P01966	negative
P01969	negative
P01971	negative
P01973	negative
P01975	negative
P01976	negative
P01979	negative
P02070	negative
P02331	negative
P02332	negative
P02333	negative
P02334	negative
P02545	unassigned
P02592	unassigned
P02662	negative
P02663	negative
P02666	negative
P02668	negative
P02671	negative
P02672	negative
P02675	negative
P02676	negative
P02681	negative
P02702	unassigned
P02703	unassigned
P02745	negative_context
P02747	negative_context
P02765	unassigned
P02768	convertase
P02769	convertase
P02770	convertase
P02788	negative
P02807	negative
P02814	negative
P02818	convertase
P02820	convertase
P02822	convertase
P02852	unassigned
P02866	unassigned
P02870	unassigned
P02873	unassigned
P02876	unassigned
P02877	unassigned
P02879	unassigned
P02883	unassigned
P02884	unassigned
P02893	unassigned
P02894	unassigned
P02896	unassigned
P02945	unassigned
P02947	unassigned
P02956	unassigned
P02957	unassigned
P03953	zymogen_protease
P03954	zymogen_protease
P03956	zymogen_protease
P03957	zymogen_protease
P03969	unassigned
P03994	unassigned
P03997	negative
P03998	negative
P04002	unassigned
P04004	negative
P04054	zymogen_protease
P04055	zymogen_protease
P04058	unassigned
P04070	convertase
P04071	zymogen_protease
P04073	zymogen_protease
P04083	negative
P04085	convertase
P04089	convertase
P04094	convertase
P04118	unassigned
P04123	unassigned
P04124	unassigned
P04156	unassigned
P04166	unassigned
P04185	negative_context
P04189	zymogen_protease
P04204	convertase
P04205	unassigned
P04216	unassigned
P04233	negative
P04237	negative
P04273	unassigned
P04279	negative
P04441	negative
P04563	convertase
P04640	convertase
P04652	unassigned
P04667	convertase
P04737	unassigned
P04759	negative_context
P04814	zymogen_protease
P04815	unassigned
P04836	convertase
P04917	unassigned
P04922	unassigned
P04925	unassigned
P04929	unassigned
P04932	unassigned
P04933	unassigned
P04934	unassigned
P04963	convertase
P04971	zymogen_protease
P04988	zymogen_protease
P04996	unassigned
P04997	unassigned
P04998	unassigned
P04999	unassigned
P05017	unassigned
P05019	unassigned
P05025	unassigned
P05059	negative
P05060	negative
P05067	negative
P05110	convertase
P05117	unassigned
P05118	unassigned
P05125	convertase
P05140	unassigned
P05142	negative_context
P05154	unassigned
P05161	unassigned
P05164	unassigned
P05186	unassigned
P05187	unassigned
P05208	zymogen_protease
P05230	unassigned
P05315	unassigned
P05337	unassigned
P05408	negative
P05422	convertase
P05484	unassigned
P05486	unassigned
P05516	unassigned
P05533	unassigned
P05539	unassigned
P05620	zymogen_protease
P05657	unassigned
P05689	zymogen_protease
P05805	unassigned
P05834	unassigned
P05995	convertase
P06003	unassigned
P06004	unassigned
P06014	unassigned
P06015	unassigned
P06026	zymogen_protease
P06126	negative_context
P06181	convertase
P06207	negative_context
P06215	unassigned
P06222	unassigned
P06281	zymogen_protease
P06298	convertase
P06299	convertase
P06302	negative
P06303	negative
P06306	convertase
P06307	convertase
P06308	convertase
P06399	negative
P06402	unassigned
P06413	unassigned
P06414	unassigned
P06454	negative
P06575	unassigned
P06585	unassigned
P06596	zymogen_protease
P06635	negative
P06648	negative
P06731	unassigned
P06750	unassigned
P06767	convertase
P06811	unassigned
P06865	zymogen_protease
P06867	convertase
P06868	convertase
P06870	zymogen_protease
P06871	zymogen_protease
P06872	zymogen_protease
P06873	zymogen_protease
P06875	zymogen_protease
P06883	convertase
P06908	negative_context
P06914	unassigned
P06915	unassigned
P07056	unassigned
P07063	unassigned
P07095	unassigned
P07140	unassigned
P07146	zymogen_protease
P07150	negative
P07152	zymogen_protease
P07164	unassigned
P07198	convertase
P07208	unassigned
P07224	convertase
P07225	convertase
P07231	convertase
P07267	zymogen_protease
P07268	zymogen_protease
P07288	zymogen_protease
P07339	zymogen_protease
P07354	unassigned
P07357	convertase
P07358	unassigned
P07403	negative
P07405	negative
P07414	negative
P07419	negative
P07421	negative
P07425	negative
P07453	negative
P07455	unassigned
P07456	convertase
P07466	unassigned
P07467	unassigned
P07469	unassigned
P07477	zymogen_protease
P07478	zymogen_protease
P07480	convertase
P07490	negative
P07492	convertase
P07499	unassigned
P07500	unassigned
P07501	unassigned
P07519	zymogen_protease
P07585	unassigned
P07593	unassigned
P07602	unassigned
P07628	zymogen_protease
P07634	negative
P07640	unassigned
P07647	zymogen_protease
P07660	convertase
P07662	zymogen_protease
P07686	zymogen_protease
P07692	unassigned
P07712	negative
P07724	convertase
P07753	unassigned
P07808	negative
P07826	unassigned
P07835	unassigned
P07858	zymogen_protease
P07911	unassigned
P07941	zymogen_protease
P07965	unassigned
P07987	unassigned
P08001	zymogen_protease
P08021	convertase
P08025	unassigned
P08067	unassigned
P08136	unassigned
P08145	negative
P08146	negative
P08147	negative
P08148	zymogen_protease
P08162	negative
P08174	unassigned
P08176	zymogen_protease
P08217	zymogen_protease
P08218	zymogen_protease
P08252	unassigned
P08253	zymogen_protease
P08254	zymogen_protease
P08289	unassigned
P08306	unassigned
P08307	unassigned
P08372	unassigned
P08379	negative
P08405	negative
P08419	zymogen_protease
P08424	convertase
P08426	zymogen_protease
P08435	convertase
P08454	unassigned
P08459	unassigned
P08469	unassigned
P08493	unassigned
P08569	unassigned
P08571	unassigned
P08582	unassigned
P08592	negative
P08640	unassigned
P08672	unassigned
P08673	unassigned
P08674	unassigned
P08675	unassigned
P08676	unassigned
P08677	unassigned
P08697	unassigned
P08709	convertase
P08759	convertase
P08772	unassigned
P08796	unassigned
P08818	zymogen_protease
P08819	zymogen_protease
P08835	convertase
P08852	negative
P08858	convertase
P08861	zymogen_protease
P08872	unassigned
P08873	unassigned
P08897	zymogen_protease
P08932	negative
P08934	negative
P08947	convertase
P08948	convertase
P08949	convertase
P08950	convertase
P08989	convertase
P09031	unassigned
P09040	convertase
P09093	zymogen_protease
P09166	unassigned
P09167	unassigned
P09177	zymogen_protease
P09221	unassigned
P09237	zymogen_protease
P09238	zymogen_protease
P09240	convertase
P09242	unassigned
P09326	unassigned
P09420	negative
P09476	negative
P09477	negative
P09487	unassigned
P09535	convertase
P09581	negative_context
P09582	zymogen_protease
P09598	zymogen_protease
P09617	unassigned
P09618	unassigned
P09646	unassigned
P09668	zymogen_protease
P09681	convertase
P09683	convertase
P09752	unassigned
P09791	unassigned
P09805	convertase
P09831	zymogen_protease
P09839	negative
P09859	convertase
P09870	zymogen_protease
P09892	unassigned
P09893	unassigned
P09904	negative
P09906	negative
P09908	negative
P09916	convertase
P09923	unassigned
P09928	unassigned
P09929	negative
P09954	zymogen_protease
P09955	zymogen_protease
P09958	convertase
P09971	convertase
P09989	unassigned
P0A1D7	zymogen_protease
P0A1D8	zymogen_protease
P0A310	unassigned
P0A311	unassigned
P0A312	unassigned
P0A313	unassigned
P0A379	unassigned
P0A380	unassigned
P0A381	unassigned
P0A3Z7	zymogen_protease
P0A3Z8	zymogen_protease
P0A444	unassigned
P0A445	unassigned
P0A446	unassigned
P0A447	unassigned
P0A4M3	unassigned
P0A5P9	unassigned
P0A6G7	zymogen_protease
P0A6G8	zymogen_protease
P0A6G9	zymogen_protease
P0ABF1	unassigned
P0ABZ7	negative_context
P0ACE0	unassigned
P0ACE1	unassigned
P0ACE2	unassigned
P0AD68	zymogen_protease
P0AD69	zymogen_protease
P0ADA4	negative_context
P0C075	unassigned
P0C0H8	unassigned
P0C0H9	unassigned
P0C0P5	convertase
P0C0P6	convertase
P0C0P7	convertase
P0C0P8	convertase
P0C0Q1	zymogen_protease
P0C0Q2	zymogen_protease
P0C157	unassigned
P0C158	unassigned
P0C171	convertase
P0C172	convertase
P0C174	unassigned
P0C175	unassigned
P0C176	unassigned
P0C1M0	negative
P0C1N1	convertase
P0C1N2	unassigned
P0C1N3	unassigned
P0C1N4	unassigned
P0C1N5	unassigned
P0C1N6	convertase
P0C1N7	convertase
P0C1N8	convertase
P0C1Q6	unassigned
P0C1T5	unassigned
P0C1T6	convertase
P0C1U8	zymogen_protease
P0C1V5	unassigned
P0C1V6	unassigned
P0C1V9	unassigned
P0C1W3	unassigned
P0C1W4	unassigned
P0C1W5	unassigned
P0C1W6	unassigned
P0C1X1	unassigned
P0C1Y2	unassigned
P0C201	convertase
P0C202	convertase
P0C236	negative
P0C247	unassigned
P0C248	unassigned
P0C250	unassigned
P0C251	convertase
P0C253	convertase
P0C254	convertase
P0C258	convertase
P0C2B0	unassigned
P0C2B1	unassigned
P0C2E5	zymogen_protease
P0C2F3	negative
P0C2I4	negative
P0C2I8	negative
P0C2J2	negative
P0C2J4	negative
P0C2J6	negative
P0C2L5	convertase
P0C2L6	unassigned
P0C2S6	unassigned
P0C2S7	unassigned
P0C2S8	unassigned
P0C2X7	unassigned
P0C365	unassigned
P0C366	unassigned
P0C367	unassigned
P0C408	unassigned
P0C409	unassigned
P0C410	unassigned
P0C425	unassigned
P0C432	unassigned
P0C433	unassigned
P0C434	unassigned
P0C5B4	zymogen_protease
P0C5F2	unassigned
P0C5W7	convertase
P0C5X7	unassigned
P0C607	unassigned
P0C636	unassigned
P0C637	unassigned
P0C638	unassigned
P0C639	unassigned
P0C640	unassigned
P0C641	convertase
P0C666	unassigned
P0C667	convertase
P0C668	convertase
P0C669	unassigned
P0C670	unassigned
P0C7I1	convertase
P0C7S9	unassigned
P0C7T4	negative
P0C828	unassigned
P0C829	unassigned
P0C831	unassigned
P0C833	convertase
P0C834	unassigned
P0C837	unassigned
P0C845	unassigned
P0C846	unassigned
P0C847	unassigned
P0C848	unassigned
P0C850	unassigned
P0C887	negative_context
P0C8A3	unassigned
P0C8A4	convertase
P0C8A5	convertase
P0C8E3	unassigned
P0C8P8	unassigned
P0C8P9	unassigned
P0C8S5	unassigned
P0C8U4	unassigned
P0C8U6	unassigned
P0C8U7	unassigned
P0C8V0	unassigned
P0C8V1	unassigned
P0C8V5	convertase
P0C8V6	convertase
P0C8V7	convertase
P0C8V8	unassigned
P0C8V9	unassigned
P0C8W0	convertase
P0C8W1	convertase
P0C8W2	convertase
P0C8W4	unassigned
P0C8X8	negative
P0C8X9	convertase
P0C901	unassigned
P0C902	unassigned
P0C903	unassigned
P0C904	unassigned
P0C905	unassigned
P0C906	convertase
P0C907	convertase
P0C940	unassigned
P0C954	unassigned
P0C955	unassigned
P0C956	unassigned
P0C957	unassigned
P0C958	unassigned
P0CAQ4	convertase
P0CAQ5	convertase
P0CAQ6	unassigned
P0CAX4	convertase
P0CAZ2	unassigned
P0CAZ3	unassigned
P0CAZ4	unassigned
P0CAZ5	unassigned
P0CAZ6	unassigned
P0CAZ7	unassigned
P0CAZ9	unassigned
P0CB07	unassigned
P0CB08	unassigned
P0CB09	convertase
P0CB10	convertase
P0CB11	convertase
P0CB12	convertase
P0CB20	unassigned
P0CC04	unassigned
P0CC19	unassigned
P0CE24	unassigned
P0CE25	unassigned
P0CE26	unassigned
P0CE27	unassigned
P0CE28	unassigned
P0CE29	unassigned
P0CE30	unassigned
P0CE31	unassigned
P0CE32	unassigned
P0CE33	unassigned
P0CE34	unassigned
P0CE35	unassigned
P0CE36	unassigned
P0CE73	unassigned
P0CE75	unassigned
P0CE76	unassigned
P0CE79	zymogen_protease
P0CE80	zymogen_protease
P0CE81	zymogen_protease
P0CE83	zymogen_protease
P0CG03	zymogen_protease
P0CG37	unassigned
P0CG46	unassigned
P0CG54	unassigned
P0CH14	convertase
P0CH25	negative
P0CH26	negative
P0CH28	unassigned
P0CH45	convertase
P0CH46	convertase
P0CH47	unassigned
P0CH50	negative
P0CH56	unassigned
P0CH57	negative
P0CH90	convertase
P0CI13	convertase
P0CI14	convertase
P0CI42	unassigned
P0CI49	unassigned
P0CI58	negative
P0CI89	convertase
P0CI90	convertase
P0CI91	unassigned
P0CI92	unassigned
P0CJ11	convertase
P0CJ21	convertase
P0CJ41	zymogen_protease
P0CJ45	unassigned
P0CJ57	negative_context
P0CO54	unassigned
P0CO55	unassigned
P0CP28	unassigned
P0CP29	unassigned
P0CP76	convertase
P0CP77	convertase
P0CS83	convertase
P0CS93	unassigned
P0CU33	zymogen_protease
P0CU38	unassigned
P0CU54	zymogen_protease
P0CU55	zymogen_protease
P0CU58	unassigned
P0CU61	unassigned
P0CU62	unassigned
P0CU63	unassigned
P0CU64	unassigned
P0CU65	unassigned
P0CV07	negative_context
P0CV23	negative_context
P0CW02	unassigned
P0CW03	unassigned
P0CX18	unassigned
P0CX19	unassigned
P0CX57	negative
P0CX58	negative
P0CX59	negative
P0CX60	negative
P0CX61	negative
P0CX62	negative
P0CX65	negative
P0CX66	negative
P0CX67	negative
P0CX68	negative
P0CX69	negative
P0CX70	negative
P0CX71	negative
P0CX72	negative
P0CX73	negative
P0CX74	negative
P0CX75	negative
P0CX76	negative
P0CX80	unassigned
P0CX81	unassigned
P0CY26	convertase
P0CY27	convertase
P0CY28	convertase
P0CY29	convertase
P0CY50	unassigned
P0CY51	unassigned
P0CY60	unassigned
P0CY61	unassigned
P0CY62	unassigned
P0CY63	unassigned
P0CY64	unassigned
P0CY65	convertase
P0CY73	unassigned
P0CY75	unassigned
P0CY78	unassigned
P0CY79	unassigned
P0CY80	unassigned
P0CY83	unassigned
P0CY84	unassigned
P0CY86	unassigned
P0CY87	unassigned
P0CY88	unassigned
P0CZ18	unassigned
P0DE28	unassigned
P0DE29	unassigned
P0DJ02	convertase
P0DJ03	convertase
P0DJ06	convertase
P0DJ08	unassigned
P0DJ33	unassigned
P0DJ34	convertase
P0DJ36	unassigned
P0DJ37	unassigned
P0DJ38	unassigned
P0DJ39	unassigned
P0DJ40	unassigned
P0DJ41	convertase
P0DJ46	negative_context
P0DJ64	unassigned
P0DJ65	unassigned
P0DJ67	unassigned
P0DJ68	unassigned
P0DJ70	unassigned
P0DJ71	unassigned
P0DJ72	unassigned
P0DJ73	unassigned
P0DJ75	unassigned
P0DJ76	unassigned
P0DJ78	unassigned
P0DJ79	unassigned
P0DJ80	unassigned
P0DJ81	unassigned
P0DJ82	unassigned
P0DJ84	unassigned
P0DJ85	unassigned
P0DJA9	unassigned
P0DJC4	convertase
P0DJC5	convertase
P0DJC6	convertase
P0DJC7	convertase
P0DJD7	zymogen_protease
P0DJD8	zymogen_protease
P0DJD9	zymogen_protease
P0DJF5	zymogen_protease
P0DJF6	zymogen_protease
P0DJI8	unassigned
P0DJK0	convertase
P0DJK1	convertase
P0DJO3	convertase
P0DJO4	convertase
P0DJQ9	zymogen_protease
P0DKL3	unassigned
P0DKL8	unassigned
P0DKM1	convertase
P0DKM2	unassigned
P0DKM3	unassigned
P0DKN0	unassigned
P0DKN1	unassigned
P0DKP5	unassigned
P0DKP6	unassigned
P0DKP7	unassigned
P0DKP9	convertase
P0DKQ0	convertase
P0DKQ1	convertase
P0DKQ2	convertase
P0DKQ3	unassigned
P0DKQ5	unassigned
P0DKQ6	unassigned
P0DKQ7	convertase
P0DKQ9	unassigned
P0DKU2	convertase
P0DKY9	unassigned
P0DL36	unassigned
P0DL37	negative
P0DL38	unassigned
P0DL49	convertase
P0DL50	convertase
P0DL51	convertase
P0DL52	convertase
P0DL53	convertase
P0DL54	convertase
P0DL55	convertase
P0DL56	convertase
P0DL57	unassigned
P0DL58	unassigned
P0DL75	unassigned
P0DL77	unassigned
P0DL78	unassigned
P0DM16	convertase
P0DM17	unassigned
P0DM18	convertase
P0DM19	convertase
P0DM20	convertase
P0DM21	unassigned
P0DM23	unassigned
P0DM26	convertase
P0DM27	convertase
P0DM30	convertase
P0DM34	convertase
P0DM55	unassigned
P0DM66	unassigned
P0DM67	unassigned
P0DM68	unassigned
P0DM69	unassigned
P0DMB4	unassigned
P0DMB5	unassigned
P0DMD7	convertase
P0DMD8	unassigned
P0DMD9	unassigned
P0DME2	unassigned
P0DME3	unassigned
P0DME4	unassigned
P0DME6	convertase
P0DME7	convertase
P0DME8	convertase
P0DME9	convertase
P0DMF1	unassigned
P0DMF2	unassigned
P0DMF3	unassigned
P0DMF4	unassigned
P0DMF5	unassigned
P0DMF6	unassigned
P0DMF7	unassigned
P0DMF8	unassigned
P0DMF9	convertase
P0DMG0	unassigned
P0DMH7	unassigned
P0DMI6	zymogen_protease
P0DMI7	convertase
P0DMI8	convertase
P0DMI9	convertase
P0DMJ0	convertase
P0DMJ1	unassigned
P0DMP9	negative_context
P0DMQ0	convertase
P0DMQ1	convertase
P0DMQ2	convertase
P0DMQ3	convertase
P0DMQ4	convertase
P0DMX6	convertase
P0DMX7	convertase
P0DMX8	convertase
P0DMX9	convertase
P0DMY0	convertase
P0DMY1	convertase
P0DMY2	convertase
P0DMY4	convertase
P0DMY5	convertase
P0DMY6	convertase
P0DMY7	convertase
P0DMY8	convertase
P0DMY9	unassigned
P0DMZ1	convertase
P0DMZ3	unassigned
P0DMZ4	unassigned
P0DMZ6	convertase
P0DMZ7	convertase
P0DN00	unassigned
P0DN01	unassigned
P0DN02	unassigned
P0DN04	unassigned
P0DN06	unassigned
P0DN07	unassigned
P0DN08	unassigned
P0DN09	unassigned
P0DN10	unassigned
P0DN11	unassigned
P0DN12	unassigned
P0DN13	unassigned
P0DN14	unassigned
P0DN15	unassigned
P0DN17	unassigned
P0DN18	unassigned
P0DN29	convertase
P0DN32	unassigned
P0DN42	convertase
P0DN43	convertase
P0DN44	convertase
P0DN45	convertase
P0DN46	convertase
P0DN47	unassigned
P0DN48	convertase
P0DN49	unassigned
P0DN50	convertase
P0DN51	convertase
P0DN52	unassigned
P0DN53	convertase
P0DN54	convertase
P0DN55	convertase
P0DN56	convertase
P0DN57	unassigned
P0DN58	unassigned
P0DN59	unassigned
P0DN60	convertase
P0DN61	convertase
P0DN62	convertase
P0DN65	unassigned
P0DN96	unassigned
P0DN97	unassigned
P0DN99	unassigned
P0DO15	unassigned
P0DO16	unassigned
P0DOA1	unassigned
P0DOZ7	convertase
P0DP47	unassigned
P0DP52	unassigned
P0DP55	negative
P0DP56	convertase
P0DP58	unassigned
P0DP60	unassigned
P0DP62	unassigned
P0DPA6	unassigned
P0DPE6	convertase
P0DPE7	negative
P0DPG6	unassigned
P0DPK3	negative_context
P0DPL8	unassigned
P0DPL9	unassigned
P0DPM0	unassigned
P0DPM1	unassigned
P0DPM4	unassigned
P0DPQ9	unassigned
P0DPR2	negative_context
P0DPR9	unassigned
P0DPT7	unassigned
P0DPT9	unassigned
P0DPU4	unassigned
P0DPV4	convertase
P0DPW9	unassigned
P0DPX0	unassigned
P0DQA3	convertase
P0DQA4	convertase
P0DQA5	convertase
P0DQE1	negative_context
P0DQJ4	unassigned
P0DQJ5	unassigned
P0DQL3	unassigned
P0DQL4	unassigned
P0DQL5	unassigned
P0DQL6	unassigned
P0DQL7	unassigned
P0DQL8	unassigned
P0DQL9	unassigned
P0DQM0	unassigned
P0DQM1	unassigned
P0DQM2	unassigned
P0DQM3	unassigned
P0DQM4	unassigned
P0DQM5	unassigned
P0DQN7	unassigned
P0DQP3	unassigned
P0DQP4	unassigned
P0DQP5	unassigned
P0DQR6	convertase
P0DQR8	convertase
P0DQT1	unassigned
P0DQT5	unassigned
P0DQV4	unassigned
P0DQX0	unassigned
P0DQX1	unassigned
P0DQX2	unassigned
P0DQY8	convertase
P0DQY9	convertase
P0DQZ1	unassigned
P0DQZ4	unassigned
P0DQZ5	unassigned
P0DQZ6	unassigned
P0DQZ7	unassigned
P0DQZ8	unassigned
P0DQZ9	unassigned
P0DRA0	unassigned
P0DRA1	unassigned
P0DRA2	unassigned
P0DRA3	unassigned
P0DRA4	unassigned
P0DRB3	unassigned
P0DRB4	unassigned
P0DRB9	convertase
P0DRC3	convertase
P0DRC4	unassigned
P0DRC9	convertase
P0DRD0	unassigned
P0DRD1	unassigned
P0DRD2	unassigned
P0DRD3	unassigned
P0DRD4	unassigned
P0DRD5	unassigned
P0DRD6	unassigned
P0DRH3	convertase
P0DRH4	convertase
P0DRH5	convertase
P0DRH6	convertase
P0DRH7	convertase
P0DRH9	unassigned
P0DRI0	unassigned
P0DRI1	unassigned
P0DRI2	unassigned
P0DRI3	unassigned
P0DRI5	negative
P0DRI6	unassigned
P0DRI7	unassigned
P0DRJ4	unassigned
P0DRL1	unassigned
P0DRL4	convertase
P0DRM3	negative
P0DRM5	convertase
P0DRM6	convertase
P0DRM7	unassigned
P0DRN5	unassigned
P0DSI2	unassigned
P0DSI4	unassigned
P0DSI5	unassigned
P0DSI6	unassigned
P0DSJ4	unassigned
P0DSJ5	unassigned
P0DSJ8	unassigned
P0DSJ9	unassigned
P0DSK0	unassigned
P0DSK1	unassigned
P0DSK2	unassigned
P0DSK3	unassigned
P0DSK4	unassigned
P0DSK5	unassigned
P0DSK6	unassigned
P0DSK7	unassigned
P0DSP1	convertase
P0DTJ2	negative
P0DTJ3	unassigned
P0DTJ4	unassigned
P0DTJ5	unassigned
P0DTJ6	unassigned
P0DTJ7	unassigned
P0DTJ8	unassigned
P0DTJ9	unassigned
P0DTL4	unassigned
P0DTR9	unassigned
P0DTU1	convertase
P0DTU2	negative
P0DTU9	negative_context
P0DTW2	unassigned
P0DUB0	convertase
P0DUC0	convertase
P0DUG2	convertase
P0DUG5	unassigned
P0DUG7	unassigned
P0DUG8	unassigned
P0DUG9	unassigned
P0DUH0	unassigned
P0DUH1	unassigned
P0DUH2	unassigned
P0DUH4	unassigned
P0DUJ5	unassigned
P0DUJ6	unassigned
P0DUQ4	convertase
P0DUQ5	convertase
P0DUQ7	convertase
P0DUQ8	convertase
P0DUS1	unassigned
P0DUS2	negative
P0DUS3	negative
P0DUS4	negative
P0DUT2	convertase
P0DUT3	negative
P0DUT4	negative
P0DUT5	negative
P0DUT6	convertase
P0DV31	unassigned
P0DV32	convertase
P0DV62	unassigned
P0DV71	negative
P0DV95	unassigned
P0DV96	unassigned
P0DW17	unassigned
P0DW18	unassigned
P0DW19	convertase
P0DW20	unassigned
P0DW21	convertase
P0DW22	unassigned
P0DW23	unassigned
P0DW24	unassigned
P0DW25	convertase
P0DW26	unassigned
P0DW72	unassigned
P0DW73	unassigned
P0DW74	unassigned
P0DW75	unassigned
P0DW76	unassigned
P0DW77	unassigned
P0DW78	unassigned
P0DW84	unassigned
P0DX47	negative
P0DX48	negative
P0DX49	negative
P0DX55	negative
P0DX60	unassigned
P0DX61	unassigned
P0DX64	convertase
P0DX99	unassigned
P0DXA1	unassigned
P0DXT1	unassigned
P0DXT2	unassigned
P0DXT4	unassigned
P0DXT5	unassigned
P0DXT6	unassigned
P0DXT7	unassigned
P0DXT8	unassigned
P0DXT9	unassigned
P0DXU0	unassigned
P0DXU1	unassigned
P0DXU3	unassigned
P0DXW6	negative
P0DXW7	negative
P0DXW8	negative
P0DXW9	negative
P0DXZ4	unassigned
P0DXZ5	unassigned
P0DXZ6	unassigned
P0DXZ8	convertase
P0DXZ9	convertase
P0DY00	convertase
P0DY01	convertase
P0DY02	convertase
P0DY03	convertase
P0DY04	unassigned
P0DY15	unassigned
P0DY16	unassigned
P0DY17	unassigned
P0DY19	unassigned
P0DY21	unassigned
P0DY24	unassigned
P0DY38	convertase
P0DY39	convertase
P0DY42	convertase
P0DY55	unassigned
P0DYB0	convertase
P0DYB1	unassigned
P0DYB2	unassigned
P0DYB3	convertase
P0DYB4	convertase
P0DYC0	unassigned
P10000	convertase
P10039	convertase
P10082	convertase
P10107	negative
P10163	negative
P10247	negative
P10252	unassigned
P10253	unassigned
P10279	unassigned
P10287	convertase
P10297	unassigned
P10323	zymogen_protease
P10333	negative
P10347	unassigned
P10348	unassigned
P10354	negative
P10362	negative
P10410	convertase
P10414	unassigned
P10476	negative_context
P10510	unassigned
P10513	unassigned
P10552	convertase
P10601	negative
P10602	zymogen_protease
P10605	zymogen_protease
P10631	convertase
P10645	negative
P10673	negative
P10674	unassigned
P10675	unassigned
P10683	convertase
P10696	unassigned
P10730	unassigned
P10731	convertase
P10743	unassigned
P10754	unassigned
P10761	convertase
P10763	unassigned
P10764	convertase
P10769	negative
P10774	unassigned
P10778	negative
P10804	unassigned
P10810	unassigned
P10859	unassigned
P10863	unassigned
P10883	negative
P10885	negative
P10891	convertase
P10892	negative
P10915	unassigned
P10946	unassigned
P10960	unassigned
P10968	unassigned
P10997	convertase
P11018	zymogen_protease
P11030	negative
P11095	unassigned
P11140	negative
P11159	convertase
P11184	negative
P11185	negative
P11242	convertase
P11384	convertase
P11477	unassigned
P11478	unassigned
P11489	zymogen_protease
P11515	zymogen_protease
P11542	convertase
P11543	convertase
P11643	negative_context
P11750	negative
P11751	negative
P11753	negative
P11757	negative
P11827	unassigned
P11828	unassigned
P11834	unassigned
P11838	zymogen_protease
P11848	unassigned
P11858	negative
P11859	negative
P11863	unassigned
P11885	convertase
P11924	negative
P11925	negative
P11952	negative
P11953	negative
P12019	unassigned
P12023	negative
P12026	negative
P12027	unassigned
P12032	negative_context
P12060	unassigned
P12106	negative_context
P12163	unassigned
P12164	unassigned
P12226	unassigned
P12254	unassigned
P12272	convertase
P12285	convertase
P12350	unassigned
P12387	negative
P12463	unassigned
P12545	zymogen_protease
P12546	zymogen_protease
P12547	zymogen_protease
P12656	unassigned
P12661	unassigned
P12703	negative
P12704	negative
P12706	convertase
P12707	convertase
P12708	negative
P12719	unassigned
P12729	unassigned
P12760	convertase
P12788	zymogen_protease
P12819	negative
P12838	unassigned
P12872	negative
P12919	convertase
P12944	unassigned
P12960	unassigned
P12961	negative
P12963	unassigned
P12966	convertase
P12967	convertase
P12968	convertase
P12969	convertase
P13068	unassigned
P13075	unassigned
P13077	unassigned
P13078	unassigned
P13083	negative
P13085	convertase
P13109	unassigned
P13190	convertase
P13204	negative
P13207	convertase
P13208	unassigned
P13238	unassigned
P13241	convertase
P13276	convertase
P13277	zymogen_protease
P13284	unassigned
P13385	unassigned
P13389	negative
P13401	unassigned
P13432	negative
P13487	negative_context
P13497	convertase
P13562	negative
P13609	unassigned
P13684	negative
P13696	negative
P13698	convertase
P13725	convertase
P13727	unassigned
P13731	negative_context
P13814	unassigned
P13815	unassigned
P13819	unassigned
P13826	unassigned
P13828	unassigned
P13829	unassigned
P13852	unassigned
P13910	unassigned
P13943	zymogen_protease
P13987	unassigned
P14043	unassigned
P14087	negative
P14089	unassigned
P14091	zymogen_protease
P14151	unassigned
P14200	negative
P14207	unassigned
P14213	convertase
P14214	convertase
P14237	unassigned
P14384	zymogen_protease
P14387	negative
P14389	negative
P14390	negative
P14448	negative
P14480	negative
P14494	unassigned
P14495	unassigned
P14496	unassigned
P14525	negative
P14531	convertase
P14593	unassigned
P14608	unassigned
P14625	negative_context
P14639	convertase
P14660	unassigned
P14661	unassigned
P14749	unassigned
P14765	negative
P14780	zymogen_protease
P14781	unassigned
P14804	convertase
P14872	convertase
P14894	unassigned
P14904	zymogen_protease
P14925	convertase
P14944	negative
P15013	unassigned
P15085	zymogen_protease
P15086	zymogen_protease
P15087	convertase
P15088	zymogen_protease
P15089	zymogen_protease
P15131	convertase
P15191	unassigned
P15210	negative
P15211	negative
P15217	convertase
P15309	negative
P15322	unassigned
P15328	unassigned
P15369	zymogen_protease
P15391	negative_context
P15410	convertase
P15411	convertase
P15448	negative
P15458	unassigned
P15459	unassigned
P15460	unassigned
P15471	unassigned
P15490	unassigned
P15514	unassigned
P15516	negative
P15555	zymogen_protease
P15566	negative
P15590	unassigned
P15655	unassigned
P15693	unassigned
P15706	zymogen_protease
P15711	unassigned
P15743	convertase
P15750	unassigned
P15797	unassigned
P15812	unassigned
P15819	unassigned
P15944	zymogen_protease
P15945	zymogen_protease
P15946	zymogen_protease
P15947	zymogen_protease
P15948	zymogen_protease
P15949	zymogen_protease
P15969	unassigned
P16014	negative
P16033	unassigned
P16041	negative
P16042	negative
P16043	unassigned
P16047	negative_context
P16049	zymogen_protease
P16094	unassigned
P16228	zymogen_protease
P16229	negative
P16231	unassigned
P16240	convertase
P16278	zymogen_protease
P16291	convertase
P16292	convertase
P16294	convertase
P16296	convertase
P16311	zymogen_protease
P16316	zymogen_protease
P16317	zymogen_protease
P16396	zymogen_protease
P16404	unassigned
P16431	unassigned
P16444	zymogen_protease
P16501	unassigned
P16519	convertase
P16545	unassigned
P16708	unassigned
P16859	negative
P16860	negative
P16870	convertase
P16881	unassigned
P17084	unassigned
P17085	unassigned
P17118	zymogen_protease
P17207	zymogen_protease
P17219	negative
P17238	unassigned
P17251	convertase
P17260	unassigned
P17333	unassigned
P17513	negative_context
P17533	unassigned
P17534	unassigned
P17640	negative
P17647	unassigned
P17655	zymogen_protease
P17668	negative
P17681	negative
P17685	convertase
P17687	negative_context
P17689	negative
P17715	convertase
P17716	convertase
P17722	convertase
P17727	unassigned
P17737	unassigned
P17896	zymogen_protease
P17900	unassigned
P17934	unassigned
P17946	zymogen_protease
P17974	zymogen_protease
P17979	unassigned
P17981	unassigned
P17982	unassigned
P18104	convertase
P18109	negative
P18143	zymogen_protease
P18145	convertase
P18181	unassigned
P18188	unassigned
P18242	zymogen_protease
P18254	unassigned
P18263	unassigned
P18276	zymogen_protease
P18290	unassigned
P18292	convertase
P18301	unassigned
P18313	convertase
P18337	unassigned
P18421	unassigned
P18511	convertase
P18512	convertase
P18513	convertase
P18764	unassigned
P18829	negative
P18830	negative
P18844	negative
P18889	unassigned
P18908	unassigned
P18909	convertase
P18965	zymogen_protease
P18969	negative
P18970	negative
P18971	negative
P18972	negative
P18973	negative
P18975	negative
P18976	negative
P18977	negative
P18978	negative
P19000	unassigned
P19014	negative
P19015	negative
P19021	convertase
P19090	unassigned
P19092	zymogen_protease
P19111	unassigned
P19121	unassigned
P19144	zymogen_protease
P19171	unassigned
P19218	unassigned
P19221	convertase
P19222	zymogen_protease
P19223	zymogen_protease
P19236	zymogen_protease
P19259	unassigned
P19260	unassigned
P19402	convertase
P19425	negative
P19450	negative_context
P19455	unassigned
P19515	zymogen_protease
P19540	convertase
P19578	unassigned
P19594	unassigned
P19596	unassigned
P19597	unassigned
P19598	unassigned
P19599	unassigned
P19619	negative
P19645	negative
P19667	unassigned
P19707	unassigned
P19708	unassigned
P19713	negative
P19799	zymogen_protease
P19806	negative
P19809	negative_context
P19813	unassigned
P19872	negative
P19957	unassigned
P19971	unassigned
P20003	unassigned
P20033	convertase
P20065	negative
P20068	negative
P20076	unassigned
P20094	unassigned
P20112	negative_context
P20142	zymogen_protease
P20146	unassigned
P20151	zymogen_protease
P20156	negative
P20231	zymogen_protease
P20239	convertase
P20347	unassigned
P20366	convertase
P20382	negative
P20394	convertase
P20396	negative
P20481	convertase
P20618	unassigned
P20656	unassigned
P20724	zymogen_protease
P20736	unassigned
P20757	negative
P20798	unassigned
P20827	unassigned
P20840	unassigned
P20854	negative
P20918	convertase
P20946	unassigned
P20947	unassigned
P20948	unassigned
P20949	unassigned
P20950	unassigned
P20968	convertase
P20974	unassigned
P21149	unassigned
P21200	negative
P21226	unassigned
P21379	negative
P21529	zymogen_protease
P21563	convertase
P21588	unassigned
P21589	unassigned
P21591	convertase
P21617	convertase
P21654	unassigned
P21661	convertase
P21692	zymogen_protease
P21742	unassigned
P21752	negative
P21754	convertase
P21764	convertase
P21793	unassigned
P21808	convertase
P21809	unassigned
P21810	unassigned
P21819	convertase
P21838	unassigned
P21840	unassigned
P21845	zymogen_protease
P21850	convertase
P21852	unassigned
P21902	convertase
P21978	unassigned
P22005	convertase
P22032	unassigned
P22063	unassigned
P22079	unassigned
P22146	unassigned
P22223	convertase
P22272	negative_context
P22282	convertase
P22287	unassigned
P22288	unassigned
P22304	zymogen_protease
P22321	zymogen_protease
P22322	zymogen_protease
P22412	zymogen_protease
P22457	convertase
P22466	convertase
P22522	unassigned
P22725	unassigned
P22748	unassigned
P22832	convertase
P22858	convertase
P22889	convertase
P22890	convertase
P22891	convertase
P22894	zymogen_protease
P22895	zymogen_protease
P22923	convertase
P23019	negative
P23026	unassigned
P23079	unassigned
P23093	unassigned
P23110	unassigned
P23132	unassigned
P23176	convertase
P23188	convertase
P23223	zymogen_protease
P23259	negative
P23317	unassigned
P23318	unassigned
P23362	convertase
P23377	convertase
P23389	negative
P23431	unassigned
P23435	negative
P23442	convertase
P23470	negative_context
P23472	unassigned
P23491	convertase
P23502	negative_context
P23505	unassigned
P23515	unassigned
P23535	unassigned
P23546	unassigned
P23578	zymogen_protease
P23582	convertase
P23603	unassigned
P23613	unassigned
P23653	zymogen_protease
P23694	zymogen_protease
P23695	convertase
P23699	unassigned
P23700	unassigned
P23724	unassigned
P23776	convertase
P23780	zymogen_protease
P23785	negative
P23826	unassigned
P23907	unassigned
P24022	unassigned
P24090	negative_context
P24091	unassigned
P24160	convertase
P24259	unassigned
P24268	zymogen_protease
P24291	negative
P24302	unassigned
P24338	unassigned
P24347	convertase
P24393	convertase
P24478	unassigned
P24551	negative
P24625	unassigned
P24627	negative
P24641	negative
P24642	negative
P24665	convertase
P24690	unassigned
P24725	unassigned
P24726	unassigned
P24727	convertase
P24787	negative
P24803	unassigned
P24807	unassigned
P24822	unassigned
P24823	unassigned
P25031	unassigned
P25043	zymogen_protease
P25063	unassigned
P25116	unassigned
P25155	convertase
P25289	convertase
P25291	unassigned
P25308	convertase
P25326	zymogen_protease
P25380	unassigned
P25383	negative
P25421	convertase
P25489	unassigned
P25501	negative
P25653	unassigned
P25723	convertase
P25774	zymogen_protease
P25780	zymogen_protease
P25782	zymogen_protease
P25784	zymogen_protease
P25792	zymogen_protease
P25793	zymogen_protease
P25796	zymogen_protease
P25802	zymogen_protease
P25807	zymogen_protease
P25810	unassigned
P25955	unassigned
P25956	unassigned
P26013	negative_context
P26213	convertase
P26214	zymogen_protease
P26215	zymogen_protease
P26305	unassigned
P26326	unassigned
P26327	unassigned
P26328	unassigned
P26329	unassigned
P26330	unassigned
P26331	unassigned
P26332	unassigned
P26333	unassigned
P26334	unassigned
P26339	negative
P26349	convertase
P26350	negative
P26436	negative_context
P26694	unassigned
P26726	convertase
P26727	convertase
P26728	convertase
P26729	convertase
P26730	convertase
P26731	convertase
P26732	convertase
P26733	convertase
P26734	convertase
P26735	convertase
P26736	convertase
P26737	convertase
P26738	convertase
P26739	convertase
P26740	convertase
P26741	convertase
P26742	convertase
P26743	convertase
P26758	unassigned
P26779	convertase
P26780	unassigned
P26792	zymogen_protease
P26824	unassigned
P26886	unassigned
P26915	negative
P26917	convertase
P26968	negative_context
P26992	unassigned
P27104	unassigned
P27114	negative
P27177	unassigned
P27197	unassigned
P27201	unassigned
P27274	unassigned
P27275	unassigned
P27435	zymogen_protease
P27590	unassigned
P27631	negative_context
P27654	unassigned
P27666	unassigned
P27677	zymogen_protease
P27678	zymogen_protease
P27682	negative
P27693	zymogen_protease
P27740	unassigned
P27802	unassigned
P27803	unassigned
P27804	unassigned
P27805	unassigned
P27821	zymogen_protease
P27822	zymogen_protease
P27823	zymogen_protease
P28039	zymogen_protease
P28053	zymogen_protease
P28061	zymogen_protease
P28062	zymogen_protease
P28063	zymogen_protease
P28064	zymogen_protease
P28065	zymogen_protease
P28070	unassigned
P28072	zymogen_protease
P28073	zymogen_protease
P28074	zymogen_protease
P28075	zymogen_protease
P28076	zymogen_protease
P28077	zymogen_protease
P28173	unassigned
P28254	unassigned
P28296	zymogen_protease
P28309	unassigned
P28310	unassigned
P28311	unassigned
P28312	unassigned
P28319	unassigned
P28522	convertase
P28576	convertase
P28590	negative
P28653	unassigned
P28654	unassigned
P28672	negative
P28673	negative
P28674	negative
P28675	unassigned
P28712	zymogen_protease
P28713	zymogen_protease
P28716	unassigned
P28717	unassigned
P28780	negative
P28797	negative
P28798	negative
P28799	negative
P28800	unassigned
P28825	zymogen_protease
P28826	zymogen_protease
P28840	convertase
P28841	convertase
P28842	zymogen_protease
P28862	zymogen_protease
P28863	zymogen_protease
P28880	unassigned
P28881	unassigned
P28902	unassigned
P28999	convertase
P29000	zymogen_protease
P29002	negative
P29004	negative
P29006	negative
P29007	convertase
P29019	unassigned
P29027	zymogen_protease
P29059	unassigned
P29068	zymogen_protease
P29118	zymogen_protease
P29119	convertase
P29120	convertase
P29121	convertase
P29122	convertase
P29138	zymogen_protease
P29142	zymogen_protease
P29143	zymogen_protease
P29233	convertase
P29240	unassigned
P29270	unassigned
P29293	zymogen_protease
P29335	negative
P29399	negative
P29416	zymogen_protease
P29423	unassigned
P29425	unassigned
P29430	unassigned
P29452	zymogen_protease
P29519	convertase
P29523	unassigned
P29559	unassigned
P29563	unassigned
P29595	unassigned
P29717	convertase
P29786	zymogen_protease
P29787	zymogen_protease
P29794	convertase
P29822	negative_context
P29827	unassigned
P29958	zymogen_protease
P30086	negative
P30233	unassigned
P30406	convertase
P30407	convertase
P30410	convertase
P30558	unassigned
P30561	unassigned
P30617	unassigned
P30655	zymogen_protease
P30656	zymogen_protease
P30657	unassigned
P30714	unassigned
P30811	unassigned
P30832	negative
P30834	convertase
P30836	unassigned
P30941	unassigned
P30945	negative
P30973	negative
P30990	negative
P31044	negative
P31240	convertase
P31241	convertase
P31358	unassigned
P31394	convertase
P31428	zymogen_protease
P31429	zymogen_protease
P31430	zymogen_protease
P31481	unassigned
P31518	unassigned
P31529	convertase
P31579	zymogen_protease
P31580	zymogen_protease
P31581	zymogen_protease
P31694	unassigned
P31706	unassigned
P31736	unassigned
P31757	unassigned
P31760	unassigned
P31785	negative_context
P31837	convertase
P31838	convertase
P31944	zymogen_protease
P31955	unassigned
P31956	zymogen_protease
P31997	unassigned
P32032	unassigned
P32036	unassigned
P32038	zymogen_protease
P32089	unassigned
P32323	unassigned
P32329	convertase
P32412	convertase
P32435	convertase
P32470	convertase
P32478	convertase
P32623	unassigned
P32648	convertase
P32736	unassigned
P32763	unassigned
P32768	unassigned
P32821	zymogen_protease
P32822	zymogen_protease
P32824	zymogen_protease
P32826	zymogen_protease
P32926	convertase
P32950	convertase
P32951	convertase
P33094	convertase
P33146	convertase
P33151	convertase
P33182	unassigned
P33185	unassigned
P33186	unassigned
P33376	zymogen_protease
P33378	zymogen_protease
P33434	zymogen_protease
P33435	zymogen_protease
P33436	zymogen_protease
P33439	negative
P33555	unassigned
P33573	negative
P33587	convertase
P33619	zymogen_protease
P33680	unassigned
P33689	negative
P33712	unassigned
P33715	convertase
P33717	unassigned
P33718	convertase
P33719	convertase
P33720	convertase
P33721	convertase
P33722	convertase
P33745	negative
P33890	unassigned
P34004	unassigned
P34007	unassigned
P34026	unassigned
P34032	negative
P34034	unassigned
P34067	unassigned
P34068	unassigned
P34069	unassigned
P34098	zymogen_protease
P34115	unassigned
P34116	unassigned
P34129	convertase
P34130	convertase
P34131	convertase
P34165	unassigned
P34405	unassigned
P34806	unassigned
P34950	unassigned
P34960	zymogen_protease
P34963	unassigned
P34964	convertase
P34965	unassigned
P34966	unassigned
P35003	zymogen_protease
P35004	zymogen_protease
P35005	zymogen_protease
P35031	zymogen_protease
P35034	zymogen_protease
P35035	zymogen_protease
P35036	zymogen_protease
P35037	zymogen_protease
P35038	zymogen_protease
P35039	convertase
P35040	convertase
P35041	zymogen_protease
P35042	zymogen_protease
P35044	zymogen_protease
P35045	zymogen_protease
P35046	zymogen_protease
P35047	zymogen_protease
P35049	zymogen_protease
P35052	unassigned
P35053	unassigned
P35070	unassigned
P35211	zymogen_protease
P35230	unassigned
P35231	unassigned
P35318	convertase
P35335	zymogen_protease
P35347	negative_context
P35433	unassigned
P35454	negative
P35455	negative
P35459	unassigned
P35460	unassigned
P35461	unassigned
P35518	unassigned
P35555	unassigned
P35556	unassigned
P35581	convertase
P35587	zymogen_protease
P35588	zymogen_protease
P35618	unassigned
P35709	unassigned
P35722	negative
P35747	convertase
P35807	negative
P35808	negative
P35835	zymogen_protease
P35846	unassigned
P35860	unassigned
P35869	unassigned
P35903	convertase
P36060	unassigned
P36091	unassigned
P36170	unassigned
P36178	zymogen_protease
P36184	zymogen_protease
P36190	convertase
P36192	convertase
P36217	unassigned
P36218	unassigned
P36361	unassigned
P36368	zymogen_protease
P36369	zymogen_protease
P36373	zymogen_protease
P36374	zymogen_protease
P36375	zymogen_protease
P36376	zymogen_protease
P36400	zymogen_protease
P36491	unassigned
P36499	unassigned
P36500	unassigned
P36501	unassigned
P36560	unassigned
P36775	zymogen_protease
P36914	unassigned
P37042	negative
P37044	negative
P37045	unassigned
P37085	negative
P37194	negative_context
P37212	unassigned
P37302	zymogen_protease
P37890	zymogen_protease
P37891	zymogen_protease
P38248	unassigned
P38567	unassigned
P38568	unassigned
P38571	unassigned
P38575	convertase
P38578	unassigned
P38579	unassigned
P38580	unassigned
P38616	unassigned
P38624	zymogen_protease
P38739	negative_context
P38832	unassigned
P38836	unassigned
P38844	unassigned
P38894	unassigned
P38977	negative_context
P39041	zymogen_protease
P39045	zymogen_protease
P39047	unassigned
P39058	unassigned
P39084	convertase
P39105	unassigned
P39180	negative_context
P39652	unassigned
P39675	zymogen_protease
P39690	unassigned
P39712	unassigned
P39790	zymogen_protease
P39900	zymogen_protease
P39905	convertase
P39982	negative_context
P40006	negative_context
P40092	unassigned
P40147	convertase
P40148	convertase
P40199	unassigned
P40221	unassigned
P40242	unassigned
P40243	unassigned
P40244	unassigned
P40247	unassigned
P40249	unassigned
P40251	unassigned
P40252	unassigned
P40256	unassigned
P40257	unassigned
P40258	unassigned
P40304	unassigned
P40306	zymogen_protease
P40313	zymogen_protease
P40552	unassigned
P40583	convertase
P40756	convertase
P40795	negative_context
P40842	convertase
P40844	convertase
P40849	unassigned
P40933	unassigned
P40953	unassigned
P40975	unassigned
P41221	unassigned
P41245	zymogen_protease
P41246	zymogen_protease
P41319	convertase
P41327	negative
P41362	zymogen_protease
P41363	zymogen_protease
P41365	convertase
P41413	convertase
P41520	convertase
P41539	convertase
P41540	convertase
P41547	convertase
P41598	unassigned
P41643	unassigned
P41738	unassigned
P41740	unassigned
P41748	zymogen_protease
P41749	zymogen_protease
P41750	zymogen_protease
P41855	convertase
P41870	convertase
P41876	convertase
P41964	unassigned
P42098	convertase
P42099	convertase
P42166	negative
P42167	negative
P42210	zymogen_protease
P42211	zymogen_protease
P42278	zymogen_protease
P42279	zymogen_protease
P42280	zymogen_protease
P42574	zymogen_protease
P42633	negative
P42634	unassigned
P42662	zymogen_protease
P42674	convertase
P42723	unassigned
P42785	zymogen_protease
P42835	unassigned
P42854	unassigned
P42889	unassigned
P42890	unassigned
P42915	negative_context
P43030	unassigned
P43076	unassigned
P43093	convertase
P43094	convertase
P43095	convertase
P43145	convertase
P43150	zymogen_protease
P43153	zymogen_protease
P43154	zymogen_protease
P43157	zymogen_protease
P43159	zymogen_protease
P43163	zymogen_protease
P43212	zymogen_protease
P43231	zymogen_protease
P43232	zymogen_protease
P43233	zymogen_protease
P43234	zymogen_protease
P43235	zymogen_protease
P43236	zymogen_protease
P43298	negative_context
P43306	negative
P43322	unassigned
P43434	zymogen_protease
P43443	convertase
P43477	zymogen_protease
P43497	unassigned
P43507	zymogen_protease
P43508	zymogen_protease
P43509	zymogen_protease
P43510	zymogen_protease
P43527	zymogen_protease
P43648	unassigned
P43683	unassigned
P44084	negative_context
P44572	negative_context
P45114	negative_context
P45452	zymogen_protease
P45453	unassigned
P45644	convertase
P45652	negative
P45653	negative
P45656	negative
P45762	unassigned
P45773	unassigned
P45781	unassigned
P45884	convertase
P46156	unassigned
P46157	unassigned
P46158	unassigned
P46193	negative
P46242	unassigned
P46444	negative_context
P46591	unassigned
P46593	unassigned
P46657	unassigned
P46895	unassigned
P46992	unassigned
P46999	convertase
P47001	convertase
P47033	unassigned
P47099	negative
P47178	unassigned
P47179	unassigned
P47212	convertase
P47291	negative_context
P47476	unassigned
P47710	negative
P47749	unassigned
P47777	unassigned
P47797	zymogen_protease
P47851	convertase
P47852	unassigned
P47853	unassigned
P47932	convertase
P47969	convertase
P47983	convertase
P47984	convertase
P48030	unassigned
P48038	zymogen_protease
P48052	zymogen_protease
P48068	unassigned
P48092	unassigned
P48097	convertase
P48098	convertase
P48143	convertase
P48144	convertase
P48183	unassigned
P48187	unassigned
P48188	unassigned
P48265	unassigned
P48283	unassigned
P48284	unassigned
P48299	convertase
P48346	unassigned
P48503	unassigned
P48540	convertase
P48560	unassigned
P48645	convertase
P48678	unassigned
P48679	unassigned
P48733	unassigned
P48737	negative
P48756	convertase
P48757	convertase
P48798	unassigned
P48800	unassigned
P48819	negative_context
P48827	convertase
P48830	convertase
P48831	convertase
P48832	convertase
P48834	convertase
P48845	unassigned
P49012	convertase
P49046	zymogen_protease
P49062	negative_context
P49064	convertase
P49065	convertase
P49112	unassigned
P49125	negative_context
P49126	unassigned
P49127	convertase
P49188	convertase
P49192	negative
P49275	zymogen_protease
P49276	zymogen_protease
P49291	unassigned
P49369	unassigned
P49460	unassigned
P49472	unassigned
P49513	unassigned
P49575	zymogen_protease
P49616	unassigned
P49662	zymogen_protease
P49670	convertase
P49794	negative
P49822	convertase
P49862	zymogen_protease
P49921	negative
P49927	unassigned
P49931	unassigned
P49935	zymogen_protease
P49983	unassigned
P50144	convertase
P50145	convertase
P50155	unassigned
P50175	convertase
P50272	negative_context
P50280	zymogen_protease
P50281	convertase
P50282	zymogen_protease
P50325	unassigned
P50343	zymogen_protease
P50495	unassigned
P50496	unassigned
P50497	unassigned
P50498	unassigned
P50499	unassigned
P50593	unassigned
P50622	convertase
P50704	unassigned
P50705	unassigned
P50707	unassigned
P50708	unassigned
P50711	unassigned
P50713	unassigned
P50714	unassigned
P50715	unassigned
P50716	unassigned
P50725	convertase
P50757	zymogen_protease
P50899	unassigned
P50982	unassigned
P50985	unassigned
P51212	unassigned
P51317	unassigned
P51356	unassigned
P51446	unassigned
P51447	unassigned
P51456	convertase
P51457	unassigned
P51459	convertase
P51460	convertase
P51461	convertase
P51511	convertase
P51512	convertase
P51559	convertase
P51588	zymogen_protease
P51641	unassigned
P51653	unassigned
P51654	unassigned
P51655	unassigned
P51662	negative
P51688	negative_context
P51693	negative
P51694	convertase
P51740	unassigned
P51759	unassigned
P51764	unassigned
P51765	unassigned
P51779	zymogen_protease
P51780	unassigned
P51865	unassigned
P51917	negative
P51918	negative
P51919	negative
P51921	negative
P51922	negative
P51923	negative
P51924	negative
P51925	negative
P52113	unassigned
P52114	unassigned
P52115	zymogen_protease
P52176	zymogen_protease
P52211	convertase
P52212	convertase
P52401	unassigned
P52407	unassigned
P52700	unassigned
P52710	zymogen_protease
P52711	zymogen_protease
P52718	zymogen_protease
P52719	zymogen_protease
P52754	unassigned
P52793	unassigned
P52794	unassigned
P52797	unassigned
P52798	unassigned
P52801	unassigned
P52802	unassigned
P52803	unassigned
P52804	unassigned
P52823	unassigned
P52826	unassigned
P52905	zymogen_protease
P52961	unassigned
P53007	unassigned
P53140	unassigned
P53219	unassigned
P53301	unassigned
P53334	convertase
P53346	convertase
P53347	convertase
P53366	convertase
P53379	zymogen_protease
P53510	negative_context
P53511	negative_context
P53601	negative
P53621	negative
P53626	convertase
P53634	zymogen_protease
P53690	convertase
P53785	convertase
P53786	convertase
P53813	convertase
P53815	negative_context
P53872	unassigned
P54097	unassigned
P54197	unassigned
P54422	zymogen_protease
P54615	convertase
P54624	zymogen_protease
P54625	zymogen_protease
P54627	zymogen_protease
P54628	zymogen_protease
P54629	zymogen_protease
P54630	zymogen_protease
P54639	zymogen_protease
P54640	zymogen_protease
P54660	unassigned
P54796	unassigned
P54826	unassigned
P54828	unassigned
P54877	negative
P54958	zymogen_protease
P55085	unassigned
P55086	unassigned
P55089	convertase
P55090	convertase
P55091	zymogen_protease
P55095	convertase
P55097	zymogen_protease
P55099	convertase
P55113	convertase
P55206	convertase
P55207	convertase
P55208	negative
P55210	zymogen_protease
P55211	zymogen_protease
P55212	zymogen_protease
P55213	zymogen_protease
P55214	zymogen_protease
P55252	unassigned
P55259	unassigned
P55261	zymogen_protease
P55280	convertase
P55284	convertase
P55285	convertase
P55286	convertase
P55287	convertase
P55288	convertase
P55289	convertase
P55291	convertase
P55302	negative_context
P55314	unassigned
P55319	negative
P55320	negative
P55325	zymogen_protease
P55330	unassigned
P55369	negative_context
P55790	unassigned
P55806	zymogen_protease
P55807	zymogen_protease
P55854	unassigned
P55865	zymogen_protease
P55867	zymogen_protease
P55885	convertase
P55939	unassigned
P55956	zymogen_protease
P55963	unassigned
P56159	unassigned
P56161	unassigned
P56174	convertase
P56249	unassigned
P56254	unassigned
P56283	convertase
P56308	unassigned
P56318	unassigned
P56348	unassigned
P56386	unassigned
P56388	negative
P56413	unassigned
P56469	unassigned
P56473	unassigned
P56488	unassigned
P56529	convertase
P56626	unassigned
P56633	unassigned
P56636	unassigned
P56638	unassigned
P56639	unassigned
P56640	unassigned
P56650	unassigned
P56674	zymogen_protease
P56676	unassigned
P56688	negative
P56708	unassigned
P56712	unassigned
P56713	unassigned
P56714	convertase
P56778	unassigned
P56782	unassigned
P56817	zymogen_protease
P56818	zymogen_protease
P56819	zymogen_protease
P56852	unassigned
P56942	negative
P56943	negative
P56973	unassigned
P56974	unassigned
P57039	unassigned
P57096	unassigned
P57719	unassigned
P57748	zymogen_protease
P57774	negative
P57785	convertase
P58019	unassigned
P58068	negative_context
P58073	convertase
P58248	negative_context
P58273	unassigned
P58454	unassigned
P58455	unassigned
P58457	unassigned
P58502	zymogen_protease
P58514	unassigned
P58519	unassigned
P58550	negative_context
P58560	unassigned
P58583	unassigned
P58599	zymogen_protease
P58604	unassigned
P58784	unassigned
P58786	unassigned
P58787	unassigned
P58806	unassigned
P58808	unassigned
P58809	unassigned
P58811	unassigned
P58844	convertase
P58846	convertase
P58911	unassigned
P58913	convertase
P58917	unassigned
P58920	unassigned
P58922	unassigned
P58924	unassigned
P58925	convertase
P58927	convertase
P59082	unassigned
P59097	unassigned
P59261	unassigned
P59262	unassigned
P59359	unassigned
P59367	unassigned
P59368	unassigned
P59406	zymogen_protease
P59665	unassigned
P59666	unassigned
P59833	unassigned
P59888	zymogen_protease
P59906	unassigned
P59914	unassigned
P60016	convertase
P60022	unassigned
P60023	unassigned
P60030	unassigned
P60031	unassigned
P60032	unassigned
P60041	convertase
P60042	convertase
P60242	unassigned
P60243	unassigned
P60252	convertase
P60253	convertase
P60272	unassigned
P60274	unassigned
P60523	negative
P60529	negative
P60530	negative
P60590	unassigned
P60755	unassigned
P60756	unassigned
P60761	negative
P60775	negative_context
P60827	negative_context
P60852	convertase
P60924	unassigned
P60976	convertase
P60980	unassigned
P61103	convertase
P61104	unassigned
P61116	unassigned
P61118	unassigned
P61148	unassigned
P61149	unassigned
P61261	unassigned
P61262	unassigned
P61263	unassigned
P61276	zymogen_protease
P61277	zymogen_protease
P61278	convertase
P61279	convertase
P61282	unassigned
P61312	convertase
P61364	negative
P61365	negative
P61366	negative
P61409	unassigned
P61516	convertase
P61640	negative_context
P61766	unassigned
P61767	unassigned
P61768	unassigned
P61849	convertase
P61855	convertase
P61871	convertase
P61872	convertase
P61914	convertase
P61915	convertase
P62177	unassigned
P62178	unassigned
P62179	unassigned
P62180	unassigned
P62181	unassigned
P62182	unassigned
P62326	negative
P62327	negative
P62328	negative
P62329	negative
P62530	unassigned
P62531	unassigned
P62804	negative
P62903	unassigned
P62926	unassigned
P62927	unassigned
P62928	unassigned
P62929	unassigned
P62930	unassigned
P62931	unassigned
P63105	negative
P63106	negative
P63107	negative
P63108	negative
P63109	negative
P63110	negative
P63111	negative
P63112	negative
P63152	convertase
P63153	convertase
P63182	negative
P63186	zymogen_protease
P63239	convertase
P63240	convertase
P63292	unassigned
P63298	convertase
P65830	unassigned
P65831	unassigned
P66125	unassigned
P66126	unassigned
P66133	unassigned
P66134	unassigned
P66135	unassigned
P66136	unassigned
P66137	unassigned
P66139	unassigned
P67788	negative
P67815	negative
P67816	negative
P67817	negative
P67818	negative
P67861	unassigned
P67863	unassigned
P67934	convertase
P67968	negative
P67969	negative
P67970	convertase
P67971	negative
P67972	convertase
P67973	negative
P67974	negative
P67986	unassigned
P67987	unassigned
P67988	unassigned
P67989	unassigned
P67992	unassigned
P67993	unassigned
P67994	unassigned
P67995	unassigned
P67996	unassigned
P67997	unassigned
P68235	negative
P68236	negative
P68237	negative
P68241	negative_context
P68243	negative
P68245	negative
P68248	convertase
P68259	convertase
P68407	unassigned
P68408	unassigned
P68409	unassigned
P68421	unassigned
P68424	unassigned
P68425	unassigned
P68426	unassigned
P68500	unassigned
P68577	unassigned
P68827	zymogen_protease
P68871	negative
P68987	negative
P68988	negative
P68989	negative
P68990	negative
P68991	negative
P68992	negative
P69014	negative
P69015	negative
P69021	convertase
P69031	unassigned
P69045	convertase
P69046	negative
P69047	negative
P69048	negative
P69049	negative_context
P69051	unassigned
P69052	unassigned
P69107	negative
P69108	negative
P69109	negative
P69155	negative
P69156	negative
P69157	negative
P69192	zymogen_protease
P69193	zymogen_protease
P69327	convertase
P69328	convertase
P69391	unassigned
P69498	convertase
P69499	convertase
P69500	convertase
P69501	convertase
P69550	unassigned
P69551	unassigned
P69556	unassigned
P69557	unassigned
P69560	unassigned
P69561	unassigned
P69562	unassigned
P69563	unassigned
P69564	unassigned
P69565	unassigned
P69657	unassigned
P69693	unassigned
P69694	unassigned
P69745	unassigned
P69747	convertase
P69748	convertase
P69749	convertase
P69750	convertase
P69751	convertase
P69753	convertase
P69754	unassigned
P69755	convertase
P69757	convertase
P69758	unassigned
P69759	unassigned
P69760	unassigned
P69761	unassigned
P69762	convertase
P69763	convertase
P69764	unassigned
P69769	convertase
P69770	unassigned
P69905	negative
P69906	negative
P69907	negative
P69928	convertase
P69930	convertase
P69939	unassigned
P69940	negative
P70059	zymogen_protease
P70074	negative
P70107	unassigned
P70160	convertase
P70180	unassigned
P70195	zymogen_protease
P70269	zymogen_protease
P70296	negative
P70343	zymogen_protease
P70375	convertase
P70380	unassigned
P70407	convertase
P70408	convertase
P70458	unassigned
P70555	negative_context
P70664	unassigned
P70668	unassigned
P70677	zymogen_protease
P70699	unassigned
P71001	unassigned
P72507	unassigned
P74765	unassigned
P74977	unassigned
P75458	unassigned
P77802	negative_context
P77935	unassigned
P78722	unassigned
P78735	zymogen_protease
P79076	unassigned
P79085	negative_context
P79110	unassigned
P79141	unassigned
P79227	zymogen_protease
P79287	zymogen_protease
P79307	negative
P79357	unassigned
P79695	convertase
P79727	unassigned
P79728	unassigned
P79762	convertase
P79799	unassigned
P79874	convertase
P79875	convertase
P79876	convertase
P79897	unassigned
P79995	convertase
P80009	zymogen_protease
P80010	zymogen_protease
P80025	convertase
P80057	zymogen_protease
P80060	negative
P80067	zymogen_protease
P80090	convertase
P80111	convertase
P80196	zymogen_protease
P80209	zymogen_protease
P80214	unassigned
P80324	negative_context
P80344	convertase
P80345	convertase
P80391	unassigned
P80398	convertase
P80399	convertase
P80470	unassigned
P80511	negative
P80569	unassigned
P80696	unassigned
P80703	convertase
P80708	unassigned
P80710	unassigned
P80713	unassigned
P80734	unassigned
P80735	unassigned
P80884	zymogen_protease
P80957	convertase
P80966	unassigned
P81025	convertase
P81043	negative
P81172	convertase
P81191	negative
P81214	zymogen_protease
P81264	convertase
P81277	convertase
P81278	convertase
P81286	zymogen_protease
P81322	unassigned
P81323	unassigned
P81335	unassigned
P81363	unassigned
P81401	convertase
P81423	negative
P81428	convertase
P81446	unassigned
P81453	zymogen_protease
P81485	convertase
P81497	zymogen_protease
P81498	zymogen_protease
P81564	convertase
P81565	convertase
P81592	convertase
P81602	unassigned
P81603	convertase
P81605	zymogen_protease
P81615	convertase
P81623	negative_context
P81656	negative_context
P81694	unassigned
P81695	unassigned
P81790	unassigned
P81791	unassigned
P81792	unassigned
P81793	unassigned
P81872	convertase
P81881	negative
P81941	unassigned
P82102	unassigned
P82103	unassigned
P82106	unassigned
P82268	convertase
P82269	convertase
P82282	negative
P82284	negative
P82285	negative
P82286	negative
P82319	unassigned
P82320	unassigned
P82358	convertase
P82465	unassigned
P82476	convertase
P82644	negative_context
P82683	unassigned
P82705	unassigned
P82706	unassigned
P82717	negative_context
P82807	convertase
P82951	unassigned
P82959	unassigned
P83055	negative
P83056	negative
P83057	negative
P83059	negative
P83060	negative
P83080	convertase
P83081	convertase
P83082	convertase
P83083	convertase
P83084	convertase
P83118	negative_context
P83211	unassigned
P83228	unassigned
P83234	unassigned
P83253	unassigned
P83264	negative
P83265	negative
P83288	unassigned
P83303	unassigned
P83313	unassigned
P83370	zymogen_protease
P83403	negative
P83404	convertase
P83455	unassigned
P83493	zymogen_protease
P83495	zymogen_protease
P83544	negative_context
P83548	unassigned
P83556	negative_context
P83558	convertase
P83560	convertase
P83561	unassigned
P83562	unassigned
P83580	convertase
P83615	zymogen_protease
P83719	convertase
P83748	zymogen_protease
P83755	unassigned
P83756	unassigned
P83859	unassigned
P83860	unassigned
P83862	unassigned
P83919	unassigned
P83964	unassigned
P83974	unassigned
P84189	unassigned
P84213	convertase
P84276	convertase
P84348	convertase
P84349	convertase
P84350	convertase
P84527	negative
P84567	convertase
P84572	convertase
P84698	negative
P84704	convertase
P84707	convertase
P84715	unassigned
P84808	unassigned
P84845	convertase
P84899	unassigned
P84900	negative
P85013	convertase
P85025	negative
P85070	convertase
P85071	convertase
P85079	unassigned
P85171	unassigned
P85247	unassigned
P85253	unassigned
P85254	unassigned
P85255	unassigned
P85256	unassigned
P85257	unassigned
P85258	unassigned
P85259	unassigned
P85261	negative
P85527	convertase
P85797	convertase
P85798	convertase
P85828	negative
P85831	negative
P85840	negative
P85882	convertase
P85883	convertase
P85886	unassigned
P85966	unassigned
P86013	unassigned
P86037	convertase
P86038	convertase
P86039	convertase
P86040	convertase
P86047	unassigned
P86093	convertase
P86110	unassigned
P86146	unassigned
P86147	unassigned
P86183	unassigned
P86185	convertase
P86186	convertase
P86187	convertase
P86188	convertase
P86189	convertase
P86399	unassigned
P86400	unassigned
P86435	negative
P86437	negative
P86442	convertase
P86471	unassigned
P86475	unassigned
P86476	unassigned
P86483	convertase
P86546	convertase
P86547	convertase
P86716	unassigned
P86717	unassigned
P86718	unassigned
P86719	unassigned
P86720	unassigned
P86789	negative_context
P86821	convertase
P86822	negative
P86841	unassigned
P86842	unassigned
P86899	unassigned
P86956	negative_context
P86994	convertase
P87068	unassigned
P87252	unassigned
P87287	negative_context
P87352	negative
P87384	convertase
P87385	convertase
P89116	zymogen_protease
P91793	convertase
P91797	convertase
P91863	convertase
P91896	convertase
P91963	negative
P91964	negative
P92547	unassigned
P93217	unassigned
P93218	unassigned
P93328	unassigned
P93329	unassigned
P93395	zymogen_protease
P93543	negative
P93761	unassigned
P94416	unassigned
P94421	negative_context
P94664	unassigned
P94853	unassigned
P95316	unassigned
P95317	unassigned
P95318	unassigned
P96787	unassigned
P96989	unassigned
P97291	convertase
P97297	convertase
P97326	convertase
P97463	unassigned
P97467	convertase
P97527	unassigned
P97528	unassigned
P97553	unassigned
P97574	unassigned
P97604	unassigned
P97605	unassigned
P97636	unassigned
P97708	convertase
P97766	unassigned
P97785	unassigned
P97821	zymogen_protease
P97864	zymogen_protease
P97873	convertase
P98063	convertase
P98068	convertase
P98069	convertase
P98074	zymogen_protease
P98131	unassigned
P98133	unassigned
P98136	unassigned
P98137	unassigned
P98139	convertase
P99026	unassigned
P99164	unassigned
P9WEM8	negative
P9WEM9	negative
P9WEN0	negative
P9WEN1	negative
P9WEN2	negative
P9WEN3	negative
P9WEN4	negative
P9WEW3	zymogen_protease
P9WEW4	zymogen_protease
P9WHQ6	unassigned
P9WHQ7	unassigned
P9WHT8	zymogen_protease
P9WHT9	zymogen_protease
P9WIN6	unassigned
P9WIN7	unassigned
P9WK08	unassigned
P9WK09	unassigned
P9WK67	negative_context
P9WLS0	negative_context
Q00046	unassigned
Q00050	unassigned
Q00193	convertase
Q00363	unassigned
Q00410	unassigned
Q00446	zymogen_protease
Q00493	convertase
Q00499	unassigned
Q00518	unassigned
Q00643	negative
Q00652	unassigned
Q00663	convertase
Q00676	convertase
Q00689	zymogen_protease
Q00783	unassigned
Q00829	unassigned
Q00871	zymogen_protease
Q00945	negative
Q00948	convertase
Q00991	unassigned
Q01129	unassigned
Q01177	convertase
Q01284	unassigned
Q01294	zymogen_protease
Q01366	unassigned
Q01381	negative_context
Q01413	unassigned
Q01416	unassigned
Q01493	unassigned
Q01524	unassigned
Q01580	unassigned
Q01589	unassigned
Q01594	unassigned
Q01662	zymogen_protease
Q01693	zymogen_protease
Q01721	unassigned
Q01758	unassigned
Q01819	unassigned
Q01833	negative
Q01889	unassigned
Q01957	zymogen_protease
Q01958	zymogen_protease
Q01972	zymogen_protease
Q01MB6	unassigned
Q02246	unassigned
Q02297	unassigned
Q02307	unassigned
Q02413	convertase
Q02747	negative
Q02765	zymogen_protease
Q02786	unassigned
Q02815	unassigned
Q02816	unassigned
Q02844	zymogen_protease
Q02853	convertase
Q02ZA6	unassigned
Q03023	zymogen_protease
Q03029	unassigned
Q03091	unassigned
Q03110	unassigned
Q03157	negative
Q03168	zymogen_protease
Q03178	convertase
Q03180	convertase
Q03197	unassigned
Q03198	unassigned
Q03199	unassigned
Q03333	convertase
Q03405	unassigned
Q03420	convertase
Q03464	unassigned
Q03467	unassigned
Q03483	negative
Q03515	unassigned
Q03517	negative
Q03643	unassigned
Q03644	unassigned
Q03645	unassigned
Q03646	unassigned
Q03655	unassigned
Q03674	unassigned
Q03699	zymogen_protease
Q03700	zymogen_protease
Q03763	convertase
Q03856	negative
Q03877	unassigned
Q03964	negative
Q03994	unassigned
Q03FZ9	unassigned
Q03M32	unassigned
Q04215	negative
Q04433	unassigned
Q04469	convertase
Q04521	negative_context
Q04592	convertase
Q04617	negative
Q04620	unassigned
Q04706	negative
Q04940	negative
Q04951	convertase
Q04KI2	unassigned
Q05031	unassigned
Q05164	unassigned
Q05439	unassigned
Q05538	unassigned
Q05685	unassigned
Q05744	zymogen_protease
Q05755	zymogen_protease
Q05777	unassigned
Q05806	unassigned
Q058G9	unassigned
Q05915	unassigned
Q05927	unassigned
Q05928	unassigned
Q06031	zymogen_protease
Q06076	negative
Q06077	negative
Q06084	unassigned
Q06135	unassigned
Q06141	unassigned
Q06145	convertase
Q06175	unassigned
Q06186	unassigned
Q06202	negative
Q06203	unassigned
Q06303	unassigned
Q06304	unassigned
Q06305	unassigned
Q06306	unassigned
Q06601	convertase
Q06902	zymogen_protease
Q06922	unassigned
Q06AS9	unassigned
Q06AV4	negative
Q06B79	convertase
Q06FW0	unassigned
Q06FX8	unassigned
Q06FY1	unassigned
Q06GR4	unassigned
Q06GS7	unassigned
Q06GT0	unassigned
Q06H01	unassigned
Q06H14	unassigned
Q06H17	unassigned
Q06J16	unassigned
Q06J66	unassigned
Q06PM8	convertase
Q06RD5	unassigned
Q06RE8	unassigned
Q06RF1	unassigned
Q06SD2	unassigned
Q06SD3	unassigned
Q06ZW0	unassigned
Q07009	zymogen_protease
Q07053	unassigned
Q07121	unassigned
Q07123	unassigned
Q07162	zymogen_protease
Q07212	unassigned
Q07276	zymogen_protease
Q07287	convertase
Q07295	zymogen_protease
Q072L6	zymogen_protease
Q072L7	zymogen_protease
Q07338	unassigned
Q07409	unassigned
Q07425	unassigned
Q07456	negative_context
Q07488	unassigned
Q07490	unassigned
Q07662	negative
Q07663	negative
Q07731	convertase
Q07929	unassigned
Q07932	unassigned
Q07943	zymogen_protease
Q07988	unassigned
Q07990	unassigned
Q07G43	unassigned
Q08002	zymogen_protease
Q08108	unassigned
Q08121	unassigned
Q08169	zymogen_protease
Q08193	unassigned
Q08264	unassigned
Q08271	unassigned
Q08397	convertase
Q08406	unassigned
Q08535	convertase
Q08537	convertase
Q08668	unassigned
Q08676	unassigned
Q08697	negative_context
Q08761	convertase
Q08890	zymogen_protease
Q08906	unassigned
Q08907	unassigned
Q08DJ5	convertase
Q08DY9	zymogen_protease
Q09118	unassigned
Q09140	negative_context
Q09175	convertase
Q09180	convertase
Q09367	convertase
Q09490	unassigned
Q09553	unassigned
Q09626	convertase
Q09627	convertase
Q09628	convertase
Q09840	unassigned
Q09841	zymogen_protease
Q09982	convertase
Q09FY1	unassigned
Q09G66	unassigned
Q09JK2	unassigned
Q09MI2	unassigned
Q09MJ5	unassigned
Q09MJ8	unassigned
Q09T02	unassigned
Q09X21	unassigned
Q09X34	unassigned
Q09X37	unassigned
Q0AWJ2	unassigned
Q0C7P6	unassigned
Q0CMU3	zymogen_protease
Q0DAS9	unassigned
Q0EAE5	convertase
Q0G9M3	unassigned
Q0G9N6	unassigned
Q0G9N9	unassigned
Q0G9W6	unassigned
Q0G9X9	unassigned
Q0G9Y2	unassigned
Q0GY43	unassigned
Q0GY44	unassigned
Q0GY45	unassigned
Q0GY46	unassigned
Q0H293	convertase
Q0H8Y6	unassigned
Q0I3Q2	negative_context
Q0I7J2	unassigned
Q0I910	unassigned
Q0I912	unassigned
Q0IDF4	unassigned
Q0II73	zymogen_protease
Q0IU52	zymogen_protease
Q0IUL4	unassigned
Q0JF21	unassigned
Q0MWV8	convertase
Q0N4U3	unassigned
Q0N4U4	unassigned
Q0N4U5	unassigned
Q0N4U7	unassigned
Q0N4U8	unassigned
Q0P3J1	unassigned
Q0P3J6	unassigned
Q0P3Q1	unassigned
Q0PMG2	unassigned
Q0RLT7	zymogen_protease
Q0SIF9	zymogen_protease
Q0SR53	unassigned
Q0SRD5	zymogen_protease
Q0T9Q5	negative_context
Q0THN1	unassigned
Q0TKK4	zymogen_protease
Q0TLT4	negative_context
Q0TNI4	unassigned
Q0TNR9	zymogen_protease
Q0TU55	zymogen_protease
Q0U6L1	zymogen_protease
Q0V8R6	zymogen_protease
Q0VC44	convertase
Q0VDG4	unassigned
Q0VGU4	negative
Q0VKG8	unassigned
Q0VTT8	unassigned
Q0VTT9	unassigned
Q0VTU0	unassigned
Q0VZ38	convertase
Q0VZ39	convertase
Q0VZ40	convertase
Q0VZ41	convertase
Q0W2D6	zymogen_protease
Q0WNY5	negative_context
Q0WYX8	unassigned
Q0ZA50	negative
Q0ZJ24	unassigned
Q0ZJ37	unassigned
Q0ZJ40	unassigned
Q10057	negative_context
Q10128	negative_context
Q10416	convertase
Q10464	unassigned
Q10588	unassigned
Q10589	unassigned
Q10738	zymogen_protease
Q10739	convertase
Q10944	negative_context
Q10998	unassigned
Q10JL1	unassigned
Q10VK7	unassigned
Q10XU6	unassigned
Q11000	zymogen_protease
Q11005	convertase
Q11133	zymogen_protease
Q11137	zymogen_protease
Q11A00	unassigned
Q12039	unassigned
Q12062	unassigned
Q12085	negative
Q12120	zymogen_protease
Q12127	unassigned
Q12173	negative
Q12217	negative
Q12218	unassigned
Q12260	negative
Q12266	negative
Q12282	unassigned
Q12293	negative
Q12303	convertase
Q12355	unassigned
Q12391	negative
Q12392	negative
Q12408	unassigned
Q12439	negative
Q12441	negative
Q12470	negative
Q12485	negative
Q12546	unassigned
Q12554	convertase
Q12567	zymogen_protease
Q12622	negative_context
Q12628	convertase
Q12680	zymogen_protease
Q12700	negative_context
Q12708	convertase
Q12737	convertase
Q12836	convertase
Q12891	unassigned
Q12YV7	zymogen_protease
Q13219	zymogen_protease
Q13421	convertase
Q13449	unassigned
Q13508	unassigned
Q13519	convertase
Q13634	convertase
Q13822	convertase
Q14002	unassigned
Q14050	negative_context
Q14116	unassigned
Q14126	convertase
Q14154	unassigned
Q14210	unassigned
Q14242	convertase
Q145L3	negative_context
Q14624	unassigned
Q14641	convertase
Q148C3	unassigned
Q14982	unassigned
Q14BU0	unassigned
Q14BX2	zymogen_protease
Q14FG1	unassigned
Q14FH4	unassigned
Q14FH6	unassigned
Q15465	negative_context
Q15661	zymogen_protease
Q15726	negative
Q15843	unassigned
Q16553	unassigned
Q16568	negative
Q16661	unassigned
Q16819	zymogen_protease
Q16820	zymogen_protease
Q16N80	convertase
Q16RI5	convertase
Q17004	zymogen_protease
Q17025	zymogen_protease
Q17027	convertase
Q17128	negative
Q17192	convertase
Q17194	convertase
Q17196	convertase
Q17313	convertase
Q17AN4	convertase
Q17QK3	zymogen_protease
Q17QS0	unassigned
Q17QV3	unassigned
Q17RY6	unassigned
Q18060	negative
Q18184	convertase
Q18234	negative
Q18439	convertase
Q18502	convertase
Q18806	unassigned
Q18B22	unassigned
Q18DC8	zymogen_protease
Q18DC9	zymogen_protease
Q18DH8	unassigned
Q18GX3	zymogen_protease
Q19165	convertase
Q19AZ8	convertase
Q19VC4	unassigned
Q1A3Q1	unassigned
Q1A3Q2	unassigned
Q1A3Q5	convertase
Q1A3Q6	unassigned
Q1A3Q7	convertase
Q1A3Q8	unassigned
Q1A3Q9	unassigned
Q1A3R0	convertase
Q1A3R1	convertase
Q1A3R3	convertase
Q1ACJ6	unassigned
Q1ACL6	unassigned
Q1ACM1	unassigned
Q1B797	zymogen_protease
Q1C5C7	unassigned
Q1CKL2	unassigned
Q1EAR5	unassigned
Q1EG28	unassigned
Q1EIQ3	zymogen_protease
Q1ELT9	unassigned
Q1ELU0	unassigned
Q1ELU1	unassigned
Q1ELU2	unassigned
Q1ELU3	unassigned
Q1ELU4	unassigned
Q1ELU5	unassigned
Q1ELU9	unassigned
Q1ELV0	unassigned
Q1EN11	convertase
Q1EN13	convertase
Q1EN14	convertase
Q1EN15	convertase
Q1G2Y5	unassigned
Q1G3I0	unassigned
Q1G3Y1	negative_context
Q1HA14	unassigned
Q1HA20	unassigned
Q1HAY5	zymogen_protease
Q1I8U1	zymogen_protease
Q1JPW9	unassigned
Q1JS87	convertase
Q1JS88	convertase
Q1JS89	convertase
Q1JS90	convertase
Q1JS91	convertase
Q1JS92	convertase
Q1JS93	convertase
Q1JS94	convertase
Q1KLR6	zymogen_protease
Q1KVU8	unassigned
Q1KVV2	unassigned
Q1KXW3	unassigned
Q1KXX6	unassigned
Q1KXX9	unassigned
Q1L658	convertase
Q1L659	convertase
Q1LW01	zymogen_protease
Q1MX22	convertase
Q1PDX5	zymogen_protease
Q1PFD8	unassigned
Q1RD77	negative_context
Q1RF98	zymogen_protease
Q1RMJ9	unassigned
Q1RMQ4	unassigned
Q1W694	zymogen_protease
Q1W695	zymogen_protease
Q1XDD1	unassigned
Q1XDH0	unassigned
Q1XDS5	unassigned
Q1ZXQ9	unassigned
Q20942	convertase
Q20ET2	unassigned
Q20EY3	unassigned
Q21156	convertase
Q21506	negative_context
Q22125	negative_context
Q22328	unassigned
Q22396	convertase
Q22710	convertase
Q23430	convertase
Q23755	negative
Q23756	negative
Q23757	negative
Q23892	unassigned
Q23894	zymogen_protease
Q23982	negative_context
Q24114	unassigned
Q24238	unassigned
Q24372	unassigned
Q24702	convertase
Q24940	zymogen_protease
Q25054	convertase
Q25077	negative
Q25154	negative
Q253E5	unassigned
Q25461	convertase
Q25588	negative
Q25589	negative
Q25683	negative
Q26324	negative
Q26377	convertase
Q26422	negative_context
Q26431	convertase
Q26443	convertase
Q26464	unassigned
Q26474	unassigned
Q26539	unassigned
Q27023	convertase
Q27081	zymogen_protease
Q27172	unassigned
Q27173	unassigned
Q27174	unassigned
Q27180	unassigned
Q27181	unassigned
Q27182	unassigned
Q27289	zymogen_protease
Q27441	negative
Q27451	zymogen_protease
Q27452	zymogen_protease
Q27601	unassigned
Q27673	zymogen_protease
Q27677	unassigned
Q27709	unassigned
Q27913	unassigned
Q27954	negative
Q27971	zymogen_protease
Q27IM2	convertase
Q27J47	zymogen_protease
Q27J48	unassigned
Q27Q52	unassigned
Q27Q54	zymogen_protease
Q28028	unassigned
Q28105	negative_context
Q28106	unassigned
Q28153	zymogen_protease
Q28193	convertase
Q28207	convertase
Q28216	unassigned
Q28278	convertase
Q28315	convertase
Q28358	unassigned
Q28376	unassigned
Q28380	convertase
Q28381	unassigned
Q28397	zymogen_protease
Q28680	unassigned
Q28730	negative_context
Q28755	unassigned
Q28768	unassigned
Q28773	zymogen_protease
Q28785	unassigned
Q28888	unassigned
Q28894	negative_context
Q28896	unassigned
Q28HK1	unassigned
Q29100	unassigned
Q29125	unassigned
Q29393	unassigned
Q29432	zymogen_protease
Q29451	zymogen_protease
Q29461	zymogen_protease
Q29463	zymogen_protease
Q29485	convertase
Q29486	unassigned
Q295C6	convertase
Q295T3	convertase
Q299B0	convertase
Q29CA0	convertase
Q29PU4	negative
Q29RS5	unassigned
Q2F9P2	convertase
Q2F9P4	convertase
Q2FDM1	negative_context
Q2FFQ5	negative_context
Q2FG82	unassigned
Q2FHV0	unassigned
Q2FKF9	negative_context
Q2FQL8	zymogen_protease
Q2FUW9	unassigned
Q2FXT0	unassigned
Q2FZL2	zymogen_protease
Q2G2J2	negative_context
Q2GVL1	unassigned
Q2H1T8	zymogen_protease
Q2HIM9	unassigned
Q2HJ40	zymogen_protease
Q2HJA4	unassigned
Q2HY54	unassigned
Q2HYY9	convertase
Q2I2P1	convertase
Q2I2P2	convertase
Q2I2P3	unassigned
Q2I2P4	convertase
Q2I2P8	convertase
Q2I2Q1	convertase
Q2I2Q2	unassigned
Q2I2Q3	convertase
Q2I2Q4	convertase
Q2I2Q5	unassigned
Q2I2Q6	unassigned
Q2I2Q9	unassigned
Q2I2R0	unassigned
Q2I2R1	unassigned
Q2I2R2	unassigned
Q2I2R3	unassigned
Q2I2R4	unassigned
Q2I2R5	unassigned
Q2I2R6	unassigned
Q2I2R7	unassigned
Q2J9Q3	zymogen_protease
Q2JP67	unassigned
Q2JTJ2	unassigned
Q2JTM8	unassigned
Q2KHV4	negative
Q2KIC6	unassigned
Q2KIG3	zymogen_protease
Q2KJ15	convertase
Q2KJI7	zymogen_protease
Q2L8Z0	unassigned
Q2L901	unassigned
Q2LC47	unassigned
Q2LC49	unassigned
Q2LKX9	unassigned
Q2M591	convertase
Q2MIA4	unassigned
Q2MIB7	unassigned
Q2MIC0	unassigned
Q2MIJ1	unassigned
Q2MIK4	unassigned
Q2MIK7	unassigned
Q2MKA5	negative_context
Q2NI68	zymogen_protease
Q2NIJ9	unassigned
Q2NU30	negative_context
Q2PAY4	unassigned
Q2PE59	zymogen_protease
Q2PE60	unassigned
Q2PE70	unassigned
Q2PE78	negative_context
Q2PFV2	zymogen_protease
Q2PIT3	zymogen_protease
Q2PMS6	unassigned
Q2PMT9	unassigned
Q2QA04	zymogen_protease
Q2QBT0	unassigned
Q2QD93	unassigned
Q2QDA8	unassigned
Q2QXY1	unassigned
Q2RAP0	unassigned
Q2SS74	unassigned
Q2T116	negative_context
Q2T9N7	negative_context
Q2T9U8	convertase
Q2TA14	zymogen_protease
Q2TBM7	convertase
Q2TBP0	zymogen_protease
Q2TBX6	unassigned
Q2U1F3	zymogen_protease
Q2U3M0	convertase
Q2UBF0	negative_context
Q2UCU3	negative_context
Q2UHL4	zymogen_protease
Q2UIE6	unassigned
Q2UUZ1	unassigned
Q2UVH8	zymogen_protease
Q2UVX4	negative
Q2UXR1	convertase
Q2UXR2	convertase
Q2UXR3	convertase
Q2UXR4	convertase
Q2UXV8	convertase
Q2UXV9	convertase
Q2UXW0	convertase
Q2V2G5	convertase
Q2V2Q2	unassigned
Q2V3C1	negative_context
Q2V4E2	negative
Q2V4J2	negative_context
Q2VEI0	unassigned
Q2VEJ3	unassigned
Q2VEJ6	unassigned
Q2VF17	convertase
Q2VG86	convertase
Q2VL88	unassigned
Q2WCN5	convertase
Q2WCN6	convertase
Q2WCN7	convertase
Q2WCN8	convertase
Q2WGI0	unassigned
Q2XQ09	zymogen_protease
Q2XXL8	convertase
Q2YT85	unassigned
Q2YX94	unassigned
Q30D77	negative_context
Q30KJ6	negative_context
Q30KK1	convertase
Q30KK9	convertase
Q30KL5	negative_context
Q30KL6	negative_context
Q30KP6	negative_context
Q315G1	negative_context
Q31A92	unassigned
Q31CR0	unassigned
Q31L64	negative_context
Q31Z85	negative_context
Q32389	unassigned
Q32KL2	zymogen_protease
Q32KM8	convertase
Q32KZ1	unassigned
Q32LB5	unassigned
Q32LD3	unassigned
Q32PB3	unassigned
Q32RM3	unassigned
Q32RM6	unassigned
Q32RP3	unassigned
Q32RS9	unassigned
Q32RW6	unassigned
Q33282	unassigned
Q332Y2	unassigned
Q33C56	unassigned
Q33C59	unassigned
Q36258	unassigned
Q36835	unassigned
Q36918	unassigned
Q38924	negative_context
Q39131	unassigned
Q39649	unassigned
Q39799	unassigned
Q39962	unassigned
Q39D34	negative_context
Q3AKT2	unassigned
Q3AM89	unassigned
Q3AV15	unassigned
Q3AYB8	unassigned
Q3B8P0	negative
Q3BAP4	unassigned
Q3BAQ9	unassigned
Q3BAR4	unassigned
Q3BDI7	convertase
Q3BER1	unassigned
Q3BER3	unassigned
Q3BER4	unassigned
Q3BK13	unassigned
Q3BK16	unassigned
Q3C1G0	unassigned
Q3C1G3	unassigned
Q3C255	convertase
Q3C256	convertase
Q3C258	negative_context
Q3C2C1	unassigned
Q3E6R4	unassigned
Q3E880	unassigned
Q3E9I4	negative
Q3EBM6	unassigned
Q3ECD6	negative
Q3ECH9	negative
Q3ECJ5	negative
Q3ECM0	unassigned
Q3ECU1	negative
Q3EDH8	negative
Q3EDI6	negative
Q3IPX1	zymogen_protease
Q3K5T4	negative_context
Q3K7W5	negative_context
Q3KLQ7	unassigned
Q3KPV7	unassigned
Q3L180	unassigned
Q3L8P3	negative_context
Q3LRV9	negative_context
Q3M4K0	unassigned
Q3MAB1	unassigned
Q3MB78	unassigned
Q3MCT0	unassigned
Q3MHN0	zymogen_protease
Q3SAF7	unassigned
Q3SB03	unassigned
Q3SB04	unassigned
Q3SB05	unassigned
Q3SB06	unassigned
Q3SB07	unassigned
Q3SWX5	convertase
Q3SYP2	zymogen_protease
Q3SZC2	zymogen_protease
Q3SZM7	zymogen_protease
Q3SZN3	zymogen_protease
Q3T0A3	zymogen_protease
Q3T0I2	zymogen_protease
Q3T0P5	zymogen_protease
Q3T0P7	negative
Q3T0T1	zymogen_protease
Q3T108	unassigned
Q3T112	zymogen_protease
Q3TMH2	unassigned
Q3UKY7	zymogen_protease
Q3ULF4	zymogen_protease
Q3UQ24	unassigned
Q3UZV7	negative_context
Q3V1T4	negative_context
Q3V538	unassigned
Q3V554	unassigned
Q3Y5G8	unassigned
Q3YED1	unassigned
Q3YED3	unassigned
Q3YED5	convertase
Q3YED6	unassigned
Q3YED8	unassigned
Q3YEE1	convertase
Q3YEE2	unassigned
Q3YEE3	unassigned
Q3YEE4	convertase
Q3YEE5	unassigned
Q3YEE6	unassigned
Q3YEE8	convertase
Q3YEE9	convertase
Q3YEF0	convertase
Q3YEF1	convertase
Q3YEF3	unassigned
Q3YEF4	convertase
Q3YEF7	unassigned
Q3YEF8	convertase
Q3YEF9	convertase
Q3YEG0	unassigned
Q3YEG3	convertase
Q3YEG4	convertase
Q3YEG6	unassigned
Q3YEG7	convertase
Q3YEG9	convertase
Q3YEH1	convertase
Q3YEH2	convertase
Q3YEH3	convertase
Q3YEH5	convertase
Q3YEH6	convertase
Q3YEH7	convertase
Q3YIX4	negative
Q3Z360	negative_context
Q3ZC64	unassigned
Q3ZCJ8	zymogen_protease
Q3ZD69	unassigned
Q3ZJ18	unassigned
Q3ZJ60	unassigned
Q3ZKN1	zymogen_protease
Q3ZT29	unassigned
Q40161	unassigned
Q40987	unassigned
Q41066	unassigned
Q41114	unassigned
Q41142	unassigned
Q41233	unassigned
Q41358	negative
Q41433	unassigned
Q41448	unassigned
Q41480	unassigned
Q41484	unassigned
Q42456	zymogen_protease
Q42460	unassigned
Q42596	unassigned
Q42597	unassigned
Q42838	unassigned
Q43007	unassigned
Q43089	negative_context
Q43304	negative_context
Q43348	zymogen_protease
Q43645	unassigned
Q43646	unassigned
Q43857	zymogen_protease
Q45670	zymogen_protease
Q45VN2	unassigned
Q46085	zymogen_protease
Q46858	negative_context
Q46G14	zymogen_protease
Q46HA2	unassigned
Q46JV2	unassigned
Q47185	unassigned
Q47899	zymogen_protease
Q47NZ4	zymogen_protease
Q48314	unassigned
Q48315	unassigned
Q48501	unassigned
Q48509	unassigned
Q496H8	unassigned
Q49780	zymogen_protease
Q499S5	convertase
Q499T2	unassigned
Q49L02	unassigned
Q49L15	unassigned
Q49L18	unassigned
Q49Y83	unassigned
Q4FFN5	unassigned
Q4G0I0	negative_context
Q4G3C7	unassigned
Q4G3F2	unassigned
Q4GZL1	unassigned
Q4HY20	negative_context
Q4JAA8	zymogen_protease
Q4JAY3	zymogen_protease
Q4JEI2	unassigned
Q4KM35	zymogen_protease
Q4L6Z1	unassigned
Q4LAL9	zymogen_protease
Q4P580	unassigned
Q4PLJ0	unassigned
Q4PRD1	negative_context
Q4PSX1	negative
Q4PSZ8	unassigned
Q4QQW8	negative_context
Q4QXT8	convertase
Q4QXT9	convertase
Q4R128	unassigned
Q4R1C4	unassigned
Q4R4M3	convertase
Q4R4S5	unassigned
Q4R540	negative
Q4R5M2	zymogen_protease
Q4R5M8	unassigned
Q4R7M2	unassigned
Q4R7R2	convertase
Q4U0U2	unassigned
Q4U9M9	unassigned
Q4UNB7	negative_context
Q4V3D2	zymogen_protease
Q4V645	convertase
Q4V9H3	negative_context
Q4VZQ0	unassigned
Q4W9P4	zymogen_protease
Q4WBE1	zymogen_protease
Q4WCX9	unassigned
Q4WD22	unassigned
Q4WDN4	zymogen_protease
Q4WEP7	unassigned
Q4WFV6	unassigned
Q4WG16	unassigned
Q4WI46	unassigned
Q4WLB9	unassigned
Q4WMA6	unassigned
Q4WNE1	unassigned
Q4WNS8	unassigned
Q4WNV0	zymogen_protease
Q4WQT2	zymogen_protease
Q4WR80	zymogen_protease
Q4WUK7	unassigned
Q4WZS3	zymogen_protease
Q4X084	unassigned
Q4X136	unassigned
Q4YSU6	unassigned
Q4Z4D2	unassigned
Q50028	unassigned
Q501W4	unassigned
Q504N0	zymogen_protease
Q51822	unassigned
Q51825	unassigned
Q51826	unassigned
Q51827	unassigned
Q51MW4	unassigned
Q52085	unassigned
Q52581	negative_context
Q52FS9	unassigned
Q52K95	unassigned
Q52N47	negative
Q52R90	unassigned
Q53020	unassigned
Q53047	unassigned
Q53079	zymogen_protease
Q53083	zymogen_protease
Q53446	unassigned
Q53HY0	unassigned
Q53I06	convertase
Q53P54	negative_context
Q54875	zymogen_protease
Q548P6	unassigned
Q54957	unassigned
Q54BC8	zymogen_protease
Q54BG3	unassigned
Q54DR6	negative_context
Q54EQ7	unassigned
Q54GU3	unassigned
Q54IM7	unassigned
Q54LB9	unassigned
Q54LC0	unassigned
Q54LC1	unassigned
Q54LC2	unassigned
Q54LC3	unassigned
Q54LH6	unassigned
Q54LM2	unassigned
Q54M25	unassigned
Q54N81	unassigned
Q54QD9	zymogen_protease
Q54QR2	zymogen_protease
Q54QX2	negative_context
Q54SJ8	unassigned
Q54T57	unassigned
Q54TT6	negative_context
Q55038	unassigned
Q55332	unassigned
Q553T1	unassigned
Q55621	unassigned
Q556Y7	negative_context
Q55GJ6	zymogen_protease
Q55U20	unassigned
Q566V9	convertase
Q569A3	negative_context
Q56F26	unassigned
Q56P17	unassigned
Q56VR3	convertase
Q571V3	convertase
Q571V4	unassigned
Q571V6	unassigned
Q57312	unassigned
Q57873	unassigned
Q57SB5	zymogen_protease
Q57SD5	negative_context
Q58301	unassigned
Q58302	unassigned
Q58303	unassigned
Q585F3	zymogen_protease
Q58634	zymogen_protease
Q58795	unassigned
Q58864	unassigned
Q589B1	unassigned
Q58CQ9	unassigned
Q58CU5	negative_context
Q58D55	zymogen_protease
Q58D68	unassigned
Q58D85	unassigned
Q58DA5	unassigned
Q58L90	unassigned
Q58L91	unassigned
Q58L93	convertase
Q58L94	convertase
Q58L95	convertase
Q58L96	convertase
Q58T39	convertase
Q58T40	convertase
Q58T41	convertase
Q58T42	convertase
Q58T43	convertase
Q58T44	convertase
Q58T45	convertase
Q58T46	convertase
Q58T48	convertase
Q58T49	convertase
Q58T51	convertase
Q58T52	convertase
Q58T55	convertase
Q58T56	convertase
Q58T58	convertase
Q58T59	convertase
Q58T60	convertase
Q58T61	convertase
Q58T62	convertase
Q58T64	convertase
Q58T65	convertase
Q58T68	convertase
Q58T69	convertase
Q58T70	convertase
Q58T72	convertase
Q58T74	convertase
Q58T77	convertase
Q58T79	convertase
Q58T80	convertase
Q58T83	convertase
Q58T86	convertase
Q58T87	convertase
Q58T89	convertase
Q58T90	convertase
Q58T91	convertase
Q58T92	convertase
Q58T93	convertase
Q58T94	convertase
Q58T95	convertase
Q593B6	zymogen_protease
Q59689	negative_context
Q59947	zymogen_protease
Q59986	zymogen_protease
Q59HN7	unassigned
Q59KZ1	zymogen_protease
Q59L12	unassigned
Q59L72	unassigned
Q59L86	unassigned
Q59L96	unassigned
Q59MD0	unassigned
Q59N10	unassigned
Q59PF9	unassigned
Q59QA5	unassigned
Q59SG9	unassigned
Q59SU1	convertase
Q59TP1	unassigned
Q59UP6	unassigned
Q59UT4	unassigned
Q59UT5	unassigned
Q59V01	unassigned
Q59V02	unassigned
Q59VW6	unassigned
Q59XA7	unassigned
Q59XB0	unassigned
Q59XL0	unassigned
Q59Y11	unassigned
Q59Y31	unassigned
Q5A029	unassigned
Q5A1A9	unassigned
Q5A1B2	unassigned
Q5A1B3	unassigned
Q5A1E0	unassigned
Q5A1E1	unassigned
Q5A210	unassigned
Q5A2Z7	unassigned
Q5A312	unassigned
Q5A343	unassigned
Q5A4X8	unassigned
Q5A5K7	unassigned
Q5A5M7	unassigned
Q5A5U4	unassigned
Q5A5U6	unassigned
Q5A5U9	unassigned
Q5A651	convertase
Q5A6M0	unassigned
Q5A6M2	unassigned
Q5A6U1	unassigned
Q5A849	unassigned
Q5A8A2	unassigned
Q5A8I6	unassigned
Q5A8I8	unassigned
Q5A8N2	convertase
Q5A8T4	unassigned
Q5A8T7	unassigned
Q5AA09	unassigned
Q5AA33	unassigned
Q5AAL9	unassigned
Q5ABW2	unassigned
Q5AC08	convertase
Q5ACL7	unassigned
Q5ACN3	unassigned
Q5ACP5	unassigned
Q5ACV9	unassigned
Q5ACZ2	unassigned
Q5AD05	unassigned
Q5AD07	unassigned
Q5AD23	unassigned
Q5AD34	unassigned
Q5AD78	unassigned
Q5ADQ7	unassigned
Q5AEG7	unassigned
Q5AEM6	convertase
Q5AF39	unassigned
Q5AF41	unassigned
Q5AFA2	unassigned
Q5AFC2	unassigned
Q5AFN8	unassigned
Q5AG46	unassigned
Q5AGC4	unassigned
Q5AHA4	unassigned
Q5AHC0	unassigned
Q5AHE8	unassigned
Q5AIA1	unassigned
Q5AJC0	unassigned
Q5AJK6	unassigned
Q5AJV5	unassigned
Q5AJY5	unassigned
Q5AK54	unassigned
Q5AK97	unassigned
Q5AL03	unassigned
Q5AMF7	unassigned
Q5AMJ5	unassigned
Q5AP52	unassigned
Q5APJ9	unassigned
Q5ATH9	negative_context
Q5ATQ3	zymogen_protease
Q5AUT0	unassigned
Q5AX00	negative_context
Q5AXE5	zymogen_protease
Q5B0Q1	unassigned
Q5B428	unassigned
Q5B508	zymogen_protease
Q5B8T6	unassigned
Q5BAP5	unassigned
Q5BIV7	unassigned
Q5BIV9	unassigned
Q5BJN8	unassigned
Q5BK84	unassigned
Q5BKW7	unassigned
Q5BU36	unassigned
Q5CZK2	convertase
Q5CZK3	convertase
Q5CZK5	convertase
Q5CZK6	convertase
Q5DFZ7	negative_context
Q5DRQ5	negative_context
Q5DVA5	convertase
Q5DVA6	convertase
Q5DW47	convertase
Q5DWV1	convertase
Q5DWV2	convertase
Q5E968	zymogen_protease
Q5E998	zymogen_protease
Q5E9C1	zymogen_protease
Q5E9X0	unassigned
Q5EA64	negative_context
Q5EDF9	negative
Q5EHP1	unassigned
Q5EHP2	convertase
Q5EHP3	unassigned
Q5EHP4	convertase
Q5F1N4	unassigned
Q5FVH0	negative_context
Q5FVX5	convertase
Q5FXM5	negative
Q5G234	unassigned
Q5G860	unassigned
Q5G862	unassigned
Q5G863	unassigned
Q5G864	unassigned
Q5G865	unassigned
Q5G866	unassigned
Q5G8A6	negative
Q5G8B3	convertase
Q5G8B4	convertase
Q5G8B5	convertase
Q5GC91	convertase
Q5GC92	convertase
Q5GC94	convertase
Q5H7N4	unassigned
Q5H7N5	unassigned
Q5H7N6	unassigned
Q5HDD4	negative_context
Q5HFB8	unassigned
Q5HGV3	unassigned
Q5HH14	unassigned
Q5HH35	zymogen_protease
Q5HHM4	zymogen_protease
Q5HMC6	negative_context
Q5HN75	zymogen_protease
Q5HNQ6	unassigned
Q5HQA0	unassigned
Q5HYA8	negative_context
Q5HZW7	unassigned
Q5I2B2	unassigned
Q5I2P0	unassigned
Q5I4E5	convertase
Q5I4E6	convertase
Q5I931	unassigned
Q5IS42	unassigned
Q5IS54	zymogen_protease
Q5IS61	unassigned
Q5IS80	negative
Q5IS87	unassigned
Q5IS99	zymogen_protease
Q5J6J1	zymogen_protease
Q5J6J2	zymogen_protease
Q5J8R1	convertase
Q5JDJ9	zymogen_protease
Q5JHL8	zymogen_protease
Q5JJY5	negative_context
Q5JNJ5	unassigned
Q5JTB6	negative_context
Q5K0B8	convertase
Q5K0B9	convertase
Q5K0C0	convertase
Q5K0C1	convertase
Q5K0C2	convertase
Q5K0C4	convertase
Q5K0C5	unassigned
Q5K0C7	unassigned
Q5K0C8	unassigned
Q5K0C9	unassigned
Q5K0D0	unassigned
Q5K0D1	unassigned
Q5K0D2	convertase
Q5K0D3	unassigned
Q5K0D5	unassigned
Q5K0D6	unassigned
Q5K0D7	unassigned
Q5K0D8	unassigned
Q5K2P8	zymogen_protease
Q5K2P9	zymogen_protease
Q5K4E3	zymogen_protease
Q5KK80	unassigned
Q5KT10	negative
Q5KT11	negative
Q5KWP3	unassigned
Q5M158	unassigned
Q5M872	zymogen_protease
Q5MCS0	zymogen_protease
Q5MGC9	convertase
Q5MGE6	convertase
Q5MJS3	unassigned
Q5N337	unassigned
Q5N4D2	unassigned
Q5N5R2	unassigned
Q5NVC3	negative
Q5NVH5	convertase
Q5NVQ3	unassigned
Q5NVR8	convertase
Q5P7I9	negative_context
Q5PFN4	zymogen_protease
Q5PP12	unassigned
Q5PQL7	negative
Q5PU89	unassigned
Q5Q113	unassigned
Q5Q114	unassigned
Q5QFG1	unassigned
Q5R1M5	zymogen_protease
Q5R1V9	unassigned
Q5R231	convertase
Q5R412	unassigned
Q5R4R0	negative
Q5R510	unassigned
Q5R537	convertase
Q5R551	unassigned
Q5R5A3	negative_context
Q5R5C1	unassigned
Q5R5H4	negative
Q5R6D1	zymogen_protease
Q5R790	negative
Q5R7A9	unassigned
Q5R7H8	negative
Q5R7P4	zymogen_protease
Q5R876	negative
Q5R8S2	zymogen_protease
Q5R8X6	zymogen_protease
Q5RAB7	negative_context
Q5RAD6	unassigned
Q5RB02	zymogen_protease
Q5RB45	unassigned
Q5RBU7	zymogen_protease
Q5RC84	zymogen_protease
Q5RCB6	unassigned
Q5RDG8	unassigned
Q5RDJ5	unassigned
Q5RDN7	zymogen_protease
Q5RDP6	unassigned
Q5RE54	unassigned
Q5REC2	convertase
Q5REL2	negative
Q5RES1	convertase
Q5RET9	unassigned
Q5RFD6	zymogen_protease
Q5RJH3	convertase
Q5RLZ1	zymogen_protease
Q5S502	unassigned
Q5SCW5	unassigned
Q5SCW8	unassigned
Q5SCX1	unassigned
Q5SH37	negative_context
Q5SW46	unassigned
Q5T4W7	unassigned
Q5U2V4	zymogen_protease
Q5U2X4	unassigned
Q5U523	unassigned
Q5U901	convertase
Q5U9D2	convertase
Q5UAF1	unassigned
Q5UJG1	unassigned
Q5UJG3	unassigned
Q5UJG7	unassigned
Q5UJH0	unassigned
Q5UJH8	unassigned
Q5UJI7	unassigned
Q5V1D5	zymogen_protease
Q5V1N0	unassigned
Q5V4S6	zymogen_protease
Q5VJ71	zymogen_protease
Q5VJ73	zymogen_protease
Q5VJ74	zymogen_protease
Q5VJ75	zymogen_protease
Q5VJG6	zymogen_protease
Q5VJS9	unassigned
Q5VY80	unassigned
Q5W1L3	convertase
Q5W1L4	convertase
Q5W1L5	convertase
Q5W416	zymogen_protease
Q5W958	unassigned
Q5W959	zymogen_protease
Q5W960	zymogen_protease
Q5W9T8	unassigned
Q5WES5	unassigned
Q5WQV8	unassigned
Q5X878	negative_context
Q5XCS5	unassigned
Q5XGS4	negative_context
Q5XIE8	negative
Q5XIF4	unassigned
Q5XJY4	negative
Q5XLE4	convertase
Q5XVM4	unassigned
Q5XXR2	negative
Q5Y4U2	unassigned
Q5Y4U3	unassigned
Q5Y4U4	unassigned
Q5Y4U5	unassigned
Q5Y4U6	unassigned
Q5Y4U7	unassigned
Q5Y4U8	unassigned
Q5Y4U9	unassigned
Q5Y4V0	unassigned
Q5Y4V1	unassigned
Q5Y4V2	unassigned
Q5Y4V3	unassigned
Q5Y4V4	unassigned
Q5Y4V5	unassigned
Q5Y4V6	unassigned
Q5Y4V7	unassigned
Q5Y4V8	unassigned
Q5Y4V9	unassigned
Q5Y4W0	unassigned
Q5Y4W1	unassigned
Q5Y4W2	unassigned
Q5Y4W3	unassigned
Q5Y4W4	unassigned
Q5Y4W5	unassigned
Q5Y4W6	unassigned
Q5Y4W7	unassigned
Q5Y4W8	unassigned
Q5Y4W9	unassigned
Q5Y4X0	unassigned
Q5Y4X1	unassigned
Q5Y4X2	unassigned
Q5Y4X3	unassigned
Q5Y4X4	unassigned
Q5Y4X5	unassigned
Q5Y4X6	unassigned
Q5Y4X7	unassigned
Q5Y4X9	unassigned
Q5Y4Y0	unassigned
Q5Y4Y1	unassigned
Q5Y4Y2	unassigned
Q5Y4Y3	unassigned
Q5Y4Y4	unassigned
Q5Y4Y5	unassigned
Q5YUX2	zymogen_protease
Q5Z9C8	unassigned
Q60136	zymogen_protease
Q60431	zymogen_protease
Q60468	unassigned
Q60495	negative
Q60506	unassigned
Q60541	convertase
Q60549	convertase
Q60692	zymogen_protease
Q60935	unassigned
Q60943	negative_context
Q60E70	unassigned
Q60HC1	negative
Q60HF6	zymogen_protease
Q60HG6	zymogen_protease
Q60I18	unassigned
Q60S81	negative_context
Q61207	unassigned
Q61247	unassigned
Q61330	unassigned
Q61468	convertase
Q61475	unassigned
Q61495	convertase
Q61503	unassigned
Q61521	unassigned
Q61554	unassigned
Q61555	unassigned
Q61754	zymogen_protease
Q61759	zymogen_protease
Q61826	negative_context
Q61839	convertase
Q61847	zymogen_protease
Q61878	unassigned
Q62005	convertase
Q62170	convertase
Q62361	negative
Q624D2	unassigned
Q62587	convertase
Q62625	unassigned
Q62638	negative_context
Q62682	unassigned
Q62713	unassigned
Q62714	unassigned
Q62715	unassigned
Q62716	unassigned
Q62718	unassigned
Q62813	unassigned
Q62845	unassigned
Q62923	convertase
Q62949	convertase
Q62997	unassigned
Q63064	unassigned
Q63072	unassigned
Q63088	zymogen_protease
Q63189	unassigned
Q63198	unassigned
Q63207	convertase
Q63317	unassigned
Q63341	zymogen_protease
Q63415	convertase
Q634A1	unassigned
Q634M0	zymogen_protease
Q63645	unassigned
Q63691	unassigned
Q63912	unassigned
Q63ZK0	zymogen_protease
Q64171	convertase
Q64194	unassigned
Q641X3	zymogen_protease
Q64230	zymogen_protease
Q64253	unassigned
Q64263	unassigned
Q64277	unassigned
Q64280	unassigned
Q64299	negative_context
Q64339	unassigned
Q64365	unassigned
Q64387	convertase
Q64389	unassigned
Q64411	zymogen_protease
Q64444	unassigned
Q64605	negative_context
Q64610	convertase
Q64K32	zymogen_protease
Q64K33	zymogen_protease
Q64K34	zymogen_protease
Q64K36	zymogen_protease
Q659U5	negative_context
Q65DC2	unassigned
Q65DC4	unassigned
Q65GM5	unassigned
Q65H47	zymogen_protease
Q65UN0	negative_context
Q65VT8	negative_context
Q65Z15	convertase
Q667N8	unassigned
Q66H42	unassigned
Q66IA6	unassigned
Q66S08	unassigned
Q66S13	unassigned
Q66S17	unassigned
Q66S21	unassigned
Q66S25	unassigned
Q67SC7	unassigned
Q67UE8	unassigned
Q689Z7	zymogen_protease
Q68AY9	negative_context
Q68G95	unassigned
Q68GV9	zymogen_protease
Q68KK0	unassigned
Q68LC0	convertase
Q68RJ9	negative
Q68S10	unassigned
Q68S23	unassigned
Q68S26	unassigned
Q68SP4	convertase
Q68Y22	unassigned
Q68Y23	unassigned
Q69F34	zymogen_protease
Q69F35	zymogen_protease
Q69F56	zymogen_protease
Q69F58	zymogen_protease
Q69IF8	zymogen_protease
Q69T51	unassigned
Q69U49	negative_context
Q69Z26	unassigned
Q6ASY2	zymogen_protease
Q6AYE8	unassigned
Q6B4T3	unassigned
Q6B4T4	convertase
Q6B4T5	convertase
Q6B8V0	unassigned
Q6B917	unassigned
Q6B929	unassigned
Q6BEA2	zymogen_protease
Q6BEG6	unassigned
Q6BEG7	unassigned
Q6BIS8	unassigned
Q6BPV1	unassigned
Q6BT31	unassigned
Q6BV42	unassigned
Q6C0J1	unassigned
Q6C794	unassigned
Q6CHU5	unassigned
Q6CMF8	unassigned
Q6CNE0	unassigned
Q6CRM2	unassigned
Q6CXL4	unassigned
Q6D0E2	negative_context
Q6DDP3	unassigned
Q6DGP8	unassigned
Q6DJ00	convertase
Q6DLS0	convertase
Q6DLW5	convertase
Q6DN61	unassigned
Q6DR98	unassigned
Q6DSU1	unassigned
Q6DT45	zymogen_protease
Q6DYE7	convertase
Q6EAN6	unassigned
Q6EBC1	unassigned
Q6ECK6	convertase
Q6EH50	unassigned
Q6EH52	unassigned
Q6ENJ0	unassigned
Q6ENJ4	unassigned
Q6ENJ7	unassigned
Q6ENY0	unassigned
Q6ENY5	unassigned
Q6EW52	unassigned
Q6EW65	unassigned
Q6EW68	unassigned
Q6F125	unassigned
Q6F495	unassigned
Q6FLP9	unassigned
Q6FNB1	unassigned
Q6FT26	unassigned
Q6G8S4	unassigned
Q6GA84	unassigned
Q6GAE3	unassigned
Q6GAG4	zymogen_protease
Q6GB41	zymogen_protease
Q6GEY5	negative_context
Q6GG59	unassigned
Q6GHV5	unassigned
Q6GI14	unassigned
Q6GI34	zymogen_protease
Q6GIK1	zymogen_protease
Q6GLR6	unassigned
Q6GQ29	zymogen_protease
Q6GUL6	unassigned
Q6GXJ1	unassigned
Q6H266	unassigned
Q6H2Z4	negative
Q6H321	zymogen_protease
Q6HD83	unassigned
Q6HDK0	zymogen_protease
Q6ID76	unassigned
Q6IE75	zymogen_protease
Q6IGX9	unassigned
Q6INW9	unassigned
Q6IQ49	unassigned
Q6IRK9	zymogen_protease
Q6ITB0	negative_context
Q6ITZ3	unassigned
Q6IV23	unassigned
Q6IV26	unassigned
Q6IVA5	unassigned
Q6IWA9	negative
Q6IWB1	negative
Q6IWB2	negative
Q6J4G7	negative_context
Q6JLX1	unassigned
Q6JQN2	convertase
Q6L181	zymogen_protease
Q6L3B3	unassigned
Q6L3B5	unassigned
Q6LAD6	zymogen_protease
Q6LWM4	unassigned
Q6LXR6	unassigned
Q6LYT4	unassigned
Q6LZC0	unassigned
Q6LZD4	zymogen_protease
Q6LZM3	unassigned
Q6LZM4	unassigned
Q6LZU5	unassigned
Q6M0N3	unassigned
Q6M0N7	unassigned
Q6MG58	unassigned
Q6MT50	unassigned
Q6NKW9	unassigned
Q6NLD7	unassigned
Q6NLF4	unassigned
Q6NLF7	unassigned
Q6NME6	unassigned
Q6NMF0	negative
Q6NMS3	negative_context
Q6NN00	unassigned
Q6NNL3	unassigned
Q6NPN4	unassigned
Q6NRI5	unassigned
Q6NUJ1	unassigned
Q6NW40	unassigned
Q6NWB6	unassigned
Q6P326	zymogen_protease
Q6P4A8	zymogen_protease
Q6P7A9	unassigned
Q6P8K8	zymogen_protease
Q6PAQ9	unassigned
Q6PFX6	convertase
Q6PHU5	convertase
Q6PN80	unassigned
Q6PN81	convertase
Q6PN82	convertase
Q6PN83	convertase
Q6PN84	convertase
Q6PN85	convertase
Q6PN86	convertase
Q6PN98	zymogen_protease
Q6PPB3	unassigned
Q6PTD0	convertase
Q6PTD1	unassigned
Q6PTD6	unassigned
Q6PTD7	unassigned
Q6PXP0	zymogen_protease
Q6Q252	unassigned
Q6Q473	negative_context
Q6Q5H1	negative
Q6Q7I7	convertase
Q6QLQ9	unassigned
Q6QLR1	unassigned
Q6QLR2	unassigned
Q6QLR3	unassigned
Q6QWR1	unassigned
Q6RUW3	negative
Q6S9C5	negative
Q6SA95	convertase
Q6T178	zymogen_protease
Q6T6H8	unassigned
Q6T6S7	unassigned
Q6T6T2	unassigned
Q6T6T3	unassigned
Q6U8D7	unassigned
Q6UC88	negative_context
Q6UEH6	unassigned
Q6UG02	unassigned
Q6UQ28	unassigned
Q6URK6	convertase
Q6UW15	unassigned
Q6UW60	convertase
Q6UWB4	zymogen_protease
Q6UWM5	unassigned
Q6UWN0	unassigned
Q6UWN5	unassigned
Q6UWR7	unassigned
Q6UX82	unassigned
Q6UXB3	unassigned
Q6V4S5	negative_context
Q6VU70	convertase
Q6W3B0	convertase
Q6WRU0	unassigned
Q6X7V3	convertase
Q6XBF8	zymogen_protease
Q6Y4Q5	zymogen_protease
Q6Y4S4	negative
Q6YBR5	convertase
Q6YGZ1	unassigned
Q6YHK3	unassigned
Q6YK33	convertase
Q6YRC7	unassigned
Q6YXN4	unassigned
Q6YXN9	unassigned
Q6Z232	unassigned
Q6Z4G7	unassigned
Q6Z4G8	unassigned
Q6ZVN8	unassigned
Q6ZXC3	negative
Q70HJ3	zymogen_protease
Q70HJ4	zymogen_protease
Q70IB1	negative_context
Q70KY3	unassigned
Q70Y07	unassigned
Q70Y14	unassigned
Q70Y17	unassigned
Q718F4	convertase
Q71DC3	unassigned
Q71DR4	unassigned
Q71MJ0	negative_context
Q71QH5	zymogen_protease
Q71QH6	zymogen_protease
Q71QH7	zymogen_protease
Q71QH9	zymogen_protease
Q71QI0	unassigned
Q71QI1	zymogen_protease
Q71QI2	zymogen_protease
Q71QI3	zymogen_protease
Q71QI4	zymogen_protease
Q71QI5	zymogen_protease
Q71QI7	zymogen_protease
Q71QI8	zymogen_protease
Q71QJ0	zymogen_protease
Q71QJ1	zymogen_protease
Q71QJ2	zymogen_protease
Q71QJ3	zymogen_protease
Q71QJ4	unassigned
Q71RP1	unassigned
Q71UE8	unassigned
Q71ZD0	unassigned
Q72ZY3	unassigned
Q730L4	zymogen_protease
Q73YW8	zymogen_protease
Q74IL5	unassigned
Q755X2	unassigned
Q756Q3	unassigned
Q75DG6	unassigned
Q75G39	unassigned
Q75N90	unassigned
Q75S48	unassigned
Q75S51	unassigned
Q75SZ9	unassigned
Q75V93	unassigned
Q75V94	convertase
Q75V95	convertase
Q75WG6	unassigned
Q75WG7	convertase
Q75WH2	unassigned
Q75WH3	unassigned
Q75WH4	unassigned
Q75WH5	unassigned
Q75WH6	unassigned
Q765I0	convertase
Q765I1	convertase
Q765I2	convertase
Q765Z4	convertase
Q766C2	zymogen_protease
Q766C3	zymogen_protease
Q766Y7	unassigned
Q769J6	convertase
Q76B45	zymogen_protease
Q76CA0	convertase
Q76CA1	convertase
Q76CA2	unassigned
Q76CA3	convertase
Q76CL2	convertase
Q76DT2	unassigned
Q76IQ4	convertase
Q76KW6	convertase
Q76LX8	convertase
Q78EH2	convertase
Q792G6	negative
Q79AV1	unassigned
Q7A151	unassigned
Q7A654	unassigned
Q7A6A6	zymogen_protease
Q7A6P2	zymogen_protease
Q7AKQ5	zymogen_protease
Q7AP54	unassigned
Q7DLR9	zymogen_protease
Q7DLS1	zymogen_protease
Q7EB72	unassigned
Q7FNT3	unassigned
Q7JFN6	negative
Q7JGL8	unassigned
Q7JGL9	unassigned
Q7JGM0	unassigned
Q7JGM1	unassigned
Q7JGM2	unassigned
Q7JIG6	zymogen_protease
Q7JIH3	unassigned
Q7JIY2	unassigned
Q7JK02	unassigned
Q7K5V2	unassigned
Q7K740	unassigned
Q7KUD5	convertase
Q7LHD1	unassigned
Q7LHG5	negative
Q7M1E7	zymogen_protease
Q7M2Y4	negative
Q7M303	unassigned
Q7M323	zymogen_protease
Q7M334	zymogen_protease
Q7M3B6	negative
Q7M3B8	negative
Q7M3E1	zymogen_protease
Q7M428	negative
Q7M6Z0	unassigned
Q7M761	zymogen_protease
Q7M7A9	unassigned
Q7MXK0	unassigned
Q7NBB0	unassigned
Q7NH81	unassigned
Q7NJX5	unassigned
Q7NQB0	negative_context
Q7PJ76	negative_context
Q7PRX9	negative_context
Q7PTL2	convertase
Q7PYT9	negative_context
Q7Q2T8	zymogen_protease
Q7Q7R8	convertase
Q7RTW8	unassigned
Q7RTY7	zymogen_protease
Q7RTY9	zymogen_protease
Q7RTZ1	zymogen_protease
Q7RYC8	zymogen_protease
Q7RZ85	unassigned
Q7SYF1	zymogen_protease
Q7SZE1	zymogen_protease
Q7SZN0	unassigned
Q7T141	unassigned
Q7T1R0	unassigned
Q7T1R1	unassigned
Q7T229	unassigned
Q7T273	convertase
Q7T293	unassigned
Q7T2Q4	unassigned
Q7T2Q5	unassigned
Q7T3L1	negative
Q7TMD7	convertase
Q7TMR0	zymogen_protease
Q7TNK8	convertase
Q7TPZ8	zymogen_protease
Q7TQ32	unassigned
Q7TQ33	unassigned
Q7TQN2	unassigned
Q7TSB7	negative
Q7TSF0	convertase
Q7TSF1	convertase
Q7TSK2	negative_context
Q7TSK3	negative_context
Q7TSP4	negative_context
Q7TSP5	unassigned
Q7TT47	zymogen_protease
Q7TTH6	unassigned
Q7TTJ7	unassigned
Q7TV59	unassigned
Q7TZ13	zymogen_protease
Q7U4Z3	unassigned
Q7U669	unassigned
Q7U9L1	unassigned
Q7V323	unassigned
Q7V365	unassigned
Q7V4T1	unassigned
Q7V735	unassigned
Q7V7B7	unassigned
Q7V8T1	unassigned
Q7VDR4	unassigned
Q7XR91	unassigned
Q7YJW0	negative_context
Q7YJX6	unassigned
Q7YJY5	unassigned
Q7YJY8	unassigned
Q7YRC3	negative
Q7YRU7	convertase
Q7YT39	unassigned
Q7YWA6	unassigned
Q7YWA7	unassigned
Q7YWA8	unassigned
Q7YWA9	unassigned
Q7YWB0	unassigned
Q7YX32	convertase
Q7YXK5	convertase
Q7YZS9	convertase
Q7Z027	unassigned
Q7Z028	unassigned
Q7Z090	convertase
Q7Z096	convertase
Q7Z0M7	convertase
Q7Z1Y7	zymogen_protease
Q7Z3B1	unassigned
Q7Z442	negative_context
Q7Z4H4	convertase
Q7Z553	unassigned
Q7ZW34	unassigned
Q7ZXZ6	convertase
Q7ZZM2	unassigned
Q800A0	zymogen_protease
Q800F1	negative
Q800I7	convertase
Q800I8	convertase
Q800R2	convertase
Q800R3	convertase
Q800R4	convertase
Q800R9	convertase
Q800Y1	unassigned
Q801Y3	convertase
Q802F0	zymogen_protease
Q803W1	unassigned
Q803Y4	unassigned
Q804X6	convertase
Q805D3	convertase
Q805D5	convertase
Q805D6	convertase
Q805D8	convertase
Q805E9	convertase
Q805F2	zymogen_protease
Q805F3	zymogen_protease
Q80T19	convertase
Q80V42	zymogen_protease
Q80VU4	convertase
Q80WD0	unassigned
Q80WD1	unassigned
Q80YF6	negative_context
Q80Z24	unassigned
Q80ZA0	unassigned
Q80ZQ0	unassigned
Q810H5	convertase
Q811A2	unassigned
Q812G9	unassigned
Q817U4	unassigned
Q818E2	zymogen_protease
Q81BJ6	zymogen_protease
Q81LE8	unassigned
Q81LR5	zymogen_protease
Q828I8	zymogen_protease
Q82JE3	zymogen_protease
Q836X4	unassigned
Q83RD2	unassigned
Q84JN2	negative_context
Q84JV2	unassigned
Q84MC0	unassigned
Q84VZ5	unassigned
Q84W98	negative
Q85AU0	unassigned
Q85BB6	unassigned
Q85BH5	unassigned
Q85C23	unassigned
Q85FM3	unassigned
Q85FN7	unassigned
Q85FY2	unassigned
Q85G59	unassigned
Q85Q99	unassigned
Q85WS3	unassigned
Q85WW6	unassigned
Q85X72	unassigned
Q862A7	negative
Q862Z3	unassigned
Q863C3	convertase
Q865C0	negative_context
Q865F0	negative_context
Q865R1	unassigned
Q867B0	zymogen_protease
Q867B1	negative_context
Q867F4	negative_context
Q867W1	negative
Q868F8	convertase
Q868G6	convertase
Q868M7	unassigned
Q86A85	unassigned
Q86BW2	unassigned
Q86C49	unassigned
Q86C51	convertase
Q86DU6	convertase
Q86FQ0	unassigned
Q86GF7	zymogen_protease
Q86LE4	convertase
Q86LE5	negative_context
Q86MA7	unassigned
Q86N75	negative
Q86QI5	convertase
Q86QN6	convertase
Q86QT2	negative
Q86RA3	convertase
Q86SA8	convertase
Q86SC0	negative
Q86SJ6	convertase
Q86UN2	unassigned
Q86UN3	unassigned
Q86UP0	convertase
Q86UP6	negative_context
Q86UU9	convertase
Q86V40	zymogen_protease
Q86Y78	unassigned
Q86YL7	negative
Q873Y0	unassigned
Q876J3	zymogen_protease
Q877A8	convertase
Q88WN3	unassigned
Q892N6	unassigned
Q899Y1	zymogen_protease
Q89YR9	negative_context
Q8AUU1	convertase
Q8AVA3	unassigned
Q8AVA4	unassigned
Q8AXC7	negative_context
Q8AXR2	convertase
Q8AXR3	convertase
Q8AXW7	unassigned
Q8AXZ4	unassigned
Q8AY45	negative_context
Q8AY50	negative_context
Q8AY78	zymogen_protease
Q8AY79	zymogen_protease
Q8AY80	zymogen_protease
Q8AY81	zymogen_protease
Q8AY82	unassigned
Q8AYD0	convertase
Q8AYR5	convertase
Q8AYR6	convertase
Q8BFS3	convertase
Q8BG41	zymogen_protease
Q8BGN3	unassigned
Q8BGN6	convertase
Q8BH35	unassigned
Q8BH61	zymogen_protease
Q8BJ48	zymogen_protease
Q8BJR6	zymogen_protease
Q8BKV1	unassigned
Q8BLC3	unassigned
Q8BM88	zymogen_protease
Q8BM92	convertase
Q8BPP5	unassigned
Q8BS03	unassigned
Q8BVP6	unassigned
Q8BWU1	unassigned
Q8C1C1	unassigned
Q8C1N8	unassigned
Q8C1P2	unassigned
Q8C255	zymogen_protease
Q8C3Q9	zymogen_protease
Q8C4W3	unassigned
Q8CE23	unassigned
Q8CFV4	unassigned
Q8CFZ4	unassigned
Q8CGR5	zymogen_protease
Q8CGZ9	negative_context
Q8CH34	convertase
Q8CHK2	convertase
Q8CIE6	negative
Q8CIH9	unassigned
Q8CII9	negative_context
Q8CIY2	negative_context
Q8CJY7	unassigned
Q8CS89	unassigned
Q8CT30	unassigned
Q8CVV4	negative_context
Q8CW15	unassigned
Q8CXC9	zymogen_protease
Q8D5G0	negative_context
Q8D7C6	negative_context
Q8D8S3	negative_context
Q8DAM3	negative_context
Q8DI95	negative_context
Q8DIV4	unassigned
Q8DQN5	zymogen_protease
Q8DUQ4	unassigned
Q8DYV5	unassigned
Q8E4G3	unassigned
Q8EPP8	unassigned
Q8EVW5	unassigned
Q8FJ35	negative_context
Q8FJN6	negative_context
Q8GCB2	unassigned
Q8GR90	zymogen_protease
Q8GS39	zymogen_protease
Q8GTM0	unassigned
Q8GUI4	unassigned
Q8GUK4	zymogen_protease
Q8GUL8	unassigned
Q8GWW6	zymogen_protease
Q8GWX9	zymogen_protease
Q8GYS8	unassigned
Q8GZ17	unassigned
Q8H0Q5	unassigned
Q8H6Q0	unassigned
Q8H6Q1	unassigned
Q8HB52	unassigned
Q8HDG8	unassigned
Q8HWE5	unassigned
Q8HWE7	unassigned
Q8HXV2	convertase
Q8HY17	convertase
Q8HY34	negative
Q8HY81	zymogen_protease
Q8HY82	zymogen_protease
Q8HY83	negative_context
Q8HYC2	convertase
Q8HZM6	negative
Q8HZQ3	unassigned
Q8I0U8	unassigned
Q8I1F6	convertase
Q8I1Y4	unassigned
Q8I333	negative_context
Q8I423	unassigned
Q8I6K1	zymogen_protease
Q8I6K2	zymogen_protease
Q8I6R2	unassigned
Q8I6S2	unassigned
Q8I6S3	unassigned
Q8I6T1	unassigned
Q8I6V7	unassigned
Q8I6X9	unassigned
Q8I7X1	convertase
Q8I817	unassigned
Q8I912	zymogen_protease
Q8I913	zymogen_protease
Q8I914	zymogen_protease
Q8I948	negative
Q8IDN0	unassigned
Q8ILP3	unassigned
Q8IS41	unassigned
Q8IS98	unassigned
Q8ISL8	negative_context
Q8IV16	unassigned
Q8IVL8	zymogen_protease
Q8IW00	negative
Q8IWV2	unassigned
Q8IXL6	unassigned
Q8IYP2	negative_context
Q8J0D7	zymogen_protease
Q8J0D9	zymogen_protease
Q8J0P4	unassigned
Q8J136	unassigned
Q8J1Y4	unassigned
Q8J282	unassigned
Q8J2N2	zymogen_protease
Q8J2T0	convertase
Q8J2V8	unassigned
Q8JFB2	unassigned
Q8JFG2	unassigned
Q8JFY4	convertase
Q8JH85	zymogen_protease
Q8JHB9	convertase
Q8JHE1	convertase
Q8JIM3	convertase
Q8JZM4	negative_context
Q8JZQ2	zymogen_protease
Q8JZU2	unassigned
Q8K0E8	negative
Q8K0S5	unassigned
Q8K182	unassigned
Q8K1J5	unassigned
Q8K3U6	convertase
Q8K4P1	convertase
Q8K4P2	convertase
Q8K561	unassigned
Q8KQR1	unassigned
Q8L3C7	zymogen_protease
Q8L6Z5	unassigned
Q8L7D2	zymogen_protease
Q8L7I2	zymogen_protease
Q8L7S6	negative_context
Q8L868	unassigned
Q8L8Q7	unassigned
Q8L8Y3	unassigned
Q8L9H6	negative
Q8L9P8	unassigned
Q8L9T8	unassigned
Q8LAX3	unassigned
Q8LC95	unassigned
Q8LCE4	unassigned
Q8LCN5	unassigned
Q8LD27	zymogen_protease
Q8LD43	unassigned
Q8LD63	unassigned
Q8LDN4	negative
Q8LDW6	unassigned
Q8LE92	unassigned
Q8LEE9	unassigned
Q8LEJ6	unassigned
Q8LEM4	unassigned
Q8LFL4	negative
Q8LG54	unassigned
Q8LPS1	unassigned
Q8LW54	unassigned
Q8M9W3	unassigned
Q8M9W5	unassigned
Q8MA00	unassigned
Q8MI35	convertase
Q8MJ80	convertase
Q8MJC3	zymogen_protease
Q8MJU1	zymogen_protease
Q8MJV4	convertase
Q8MK67	negative
Q8MKI5	zymogen_protease
Q8MLZ7	negative_context
Q8MMH4	unassigned
Q8MMJ7	convertase
Q8MNZ1	zymogen_protease
Q8MP00	convertase
Q8MPY9	convertase
Q8MTX2	convertase
Q8MZM3	zymogen_protease
Q8N109	negative_context
Q8N158	unassigned
Q8N2G4	unassigned
Q8N4T0	convertase
Q8N5G0	negative
Q8N687	convertase
Q8N6Q3	unassigned
Q8N7M5	unassigned
Q8NBL3	negative_context
Q8NFP4	unassigned
Q8NFY4	negative_context
Q8NG41	convertase
Q8NI32	unassigned
Q8NID9	zymogen_protease
Q8NJJ4	unassigned
Q8NJP6	convertase
Q8NK76	negative_context
Q8NK98	zymogen_protease
Q8NK99	zymogen_protease
Q8NKB6	zymogen_protease
Q8NX91	unassigned
Q8NX98	zymogen_protease
Q8NXI6	zymogen_protease
Q8PZ04	zymogen_protease
Q8QFQ3	convertase
Q8QFQ4	unassigned
Q8QFQ5	convertase
Q8QFQ8	unassigned
Q8QFQ9	negative
Q8QFW3	unassigned
Q8QFW4	unassigned
Q8QG86	zymogen_protease
Q8QGA2	convertase
Q8QGH3	convertase
Q8QGP7	unassigned
Q8QHK2	zymogen_protease
Q8QHK3	zymogen_protease
Q8R182	unassigned
Q8R1I2	convertase
Q8R1Q3	negative_context
Q8R1R3	unassigned
Q8R2G4	unassigned
Q8R2I5	negative_context
Q8R2Q8	unassigned
Q8R2S8	negative_context
Q8R422	unassigned
Q8R460	unassigned
Q8R481	unassigned
Q8R4F1	unassigned
Q8R4G0	unassigned
Q8R4H4	convertase
Q8R4K8	zymogen_protease
Q8R4S2	unassigned
Q8R4S4	unassigned
Q8R4S5	unassigned
Q8R4S6	unassigned
Q8R4S7	unassigned
Q8R5G8	unassigned
Q8R5G9	unassigned
Q8RB77	zymogen_protease
Q8RBA7	unassigned
Q8REI3	unassigned
Q8S2W4	unassigned
Q8S8M2	negative
Q8S8N0	negative
Q8S8N1	negative
Q8S8N2	negative
Q8S8N3	negative
Q8S8P7	unassigned
Q8S8X7	unassigned
Q8S8Y4	unassigned
Q8S9J6	zymogen_protease
Q8SQ41	zymogen_protease
Q8SQ46	unassigned
Q8SQD7	convertase
Q8SQG7	unassigned
Q8SQG8	unassigned
Q8SQN7	zymogen_protease
Q8SR11	zymogen_protease
Q8SWI4	unassigned
Q8SXL2	unassigned
Q8T0Y7	negative
Q8T0Z3	unassigned
Q8T112	convertase
Q8T117	unassigned
Q8T1G4	unassigned
Q8T1G5	unassigned
Q8T1G6	unassigned
Q8T3S7	unassigned
Q8T6Z0	unassigned
Q8T9R8	negative
Q8TDM5	unassigned
Q8TFG9	unassigned
Q8TGE1	unassigned
Q8TJB5	zymogen_protease
Q8TL28	zymogen_protease
Q8TW10	zymogen_protease
Q8U125	zymogen_protease
Q8U4C9	zymogen_protease
Q8U7P1	negative_context
Q8UUG0	unassigned
Q8UUG2	unassigned
Q8UUH7	unassigned
Q8UUH8	unassigned
Q8UUH9	unassigned
Q8UUI0	unassigned
Q8UUI1	unassigned
Q8UUI2	unassigned
Q8UUI3	unassigned
Q8UUI4	unassigned
Q8UUK2	zymogen_protease
Q8UUT8	negative
Q8UVX1	zymogen_protease
Q8UW08	unassigned
Q8UW30	unassigned
Q8UW31	unassigned
Q8UW64	zymogen_protease
Q8UW80	negative
Q8UW81	negative
Q8UW82	negative
Q8VCI0	zymogen_protease
Q8VEN2	unassigned
Q8VI51	unassigned
Q8VXF2	unassigned
Q8VXX5	unassigned
Q8VYE5	unassigned
Q8VYI9	unassigned
Q8VYL3	zymogen_protease
Q8VYV9	zymogen_protease
Q8VZK8	unassigned
Q8VZU3	unassigned
Q8W261	negative
Q8W4Y8	unassigned
Q8WI34	unassigned
Q8WI36	unassigned
Q8WN12	convertase
Q8WPC2	negative_context
Q8WPU1	unassigned
Q8WRC7	convertase
Q8WS88	convertase
Q8WTD3	unassigned
Q8WTD4	unassigned
Q8WVF2	unassigned
Q8WWA0	unassigned
Q8WXF3	convertase
Q8WXQ8	convertase
Q8WZY7	unassigned
Q8X176	unassigned
Q8X1N0	negative_context
Q8X5L0	negative_context
Q8X783	unassigned
Q8X9X2	negative_context
Q8XIJ1	unassigned
Q8XIS3	zymogen_protease
Q8Y585	unassigned
Q8YQS7	unassigned
Q8YYG5	unassigned
Q8ZDC4	unassigned
Q8ZL65	negative_context
Q8ZPK9	unassigned
Q8ZST5	zymogen_protease
Q90325	unassigned
Q90326	unassigned
Q90611	zymogen_protease
Q90627	zymogen_protease
Q90628	zymogen_protease
Q90629	zymogen_protease
Q90686	zymogen_protease
Q90762	convertase
Q90763	convertase
Q90773	unassigned
Q90839	negative_context
Q90VW7	unassigned
Q90W22	convertase
Q90W78	convertase
Q90W79	unassigned
Q90W88	negative
Q90WA7	unassigned
Q90WA8	unassigned
Q90WF4	negative
Q90WP7	convertase
Q90WW4	unassigned
Q90WX8	unassigned
Q90WZ1	negative
Q90X85	unassigned
Q90Y63	negative
Q90ZM9	unassigned
Q90ZX8	unassigned
Q90ZY0	unassigned
Q91041	zymogen_protease
Q91053	zymogen_protease
Q91082	negative
Q91133	unassigned
Q91166	negative
Q91167	negative
Q91189	convertase
Q91194	convertase
Q91274	convertase
Q91330	negative
Q91507	zymogen_protease
Q91508	zymogen_protease
Q91509	zymogen_protease
Q91510	zymogen_protease
Q91511	zymogen_protease
Q91516	zymogen_protease
Q91826	convertase
Q91838	convertase
Q91971	convertase
Q91V13	convertase
Q91VK4	negative
Q91W27	convertase
Q91WW1	unassigned
Q91X17	unassigned
Q91X79	zymogen_protease
Q91XI3	convertase
Q91XL7	unassigned
Q91YK8	unassigned
Q91ZF2	zymogen_protease
Q92030	unassigned
Q92058	unassigned
Q92084	unassigned
Q92085	unassigned
Q92086	unassigned
Q920E0	unassigned
Q920E1	unassigned
Q920H8	negative_context
Q920S2	zymogen_protease
Q92106	negative
Q92178	zymogen_protease
Q92223	unassigned
Q92340	unassigned
Q92392	negative
Q92405	convertase
Q924A4	unassigned
Q924B5	unassigned
Q92542	negative_context
Q92619	negative
Q92673	convertase
Q92686	negative
Q926Q5	negative_context
Q92824	convertase
Q92876	convertase
Q93070	unassigned
Q93109	convertase
Q931Q3	unassigned
Q93243	convertase
Q933I7	unassigned
Q93409	negative
Q93702	convertase
Q93MH4	unassigned
Q93MH5	unassigned
Q93MH6	unassigned
Q93R80	unassigned
Q93V72	unassigned
Q93VC9	zymogen_protease
Q93WH6	unassigned
Q93X17	unassigned
Q93X49	unassigned
Q93XK2	unassigned
Q93XX5	unassigned
Q93Z04	unassigned
Q93Z08	unassigned
Q93ZH0	unassigned
Q941C5	negative
Q941C7	unassigned
Q94503	zymogen_protease
Q94504	zymogen_protease
Q945T0	unassigned
Q94676	negative
Q94714	zymogen_protease
Q94715	zymogen_protease
Q94AX3	unassigned
Q94BT2	unassigned
Q94CD8	unassigned
Q94DM8	unassigned
Q94EY2	unassigned
Q94F08	unassigned
Q94F57	unassigned
Q94K85	zymogen_protease
Q94KT8	unassigned
Q95198	unassigned
Q95209	convertase
Q95211	unassigned
Q95220	convertase
Q95222	unassigned
Q95229	convertase
Q95235	unassigned
Q95237	unassigned
Q95241	negative
Q95253	unassigned
Q95274	negative
Q95323	unassigned
Q95333	zymogen_protease
Q95335	negative
Q95336	negative
Q95J18	unassigned
Q95J22	unassigned
Q95J24	unassigned
Q95J46	convertase
Q95J88	unassigned
Q95JB4	convertase
Q95JC3	convertase
Q95JC9	unassigned
Q95L04	convertase
Q95L39	convertase
Q95LD9	unassigned
Q95LI0	convertase
Q95LP3	negative_context
Q95M08	unassigned
Q95M25	convertase
Q95M33	unassigned
Q95M66	unassigned
Q95M67	unassigned
Q95M68	unassigned
Q95ND5	zymogen_protease
Q95ND7	convertase
Q95NE0	unassigned
Q95NJ8	negative
Q95NK7	negative
Q95P48	convertase
Q95P65	negative_context
Q95P69	negative_context
Q95PD7	zymogen_protease
Q95WD1	negative
Q95WD3	negative
Q96316	unassigned
Q969E1	convertase
Q969E3	unassigned
Q969J5	negative_context
Q96A33	negative_context
Q96A98	convertase
Q96CW9	unassigned
Q96IY4	zymogen_protease
Q96MU5	negative_context
Q96PH6	convertase
Q96PL2	unassigned
Q96RI0	unassigned
Q96RP3	unassigned
Q96TS6	unassigned
Q96W96	negative_context
Q96WV6	unassigned
Q975D1	zymogen_protease
Q975U8	zymogen_protease
Q97AZ7	zymogen_protease
Q97JJ9	zymogen_protease
Q97JL5	unassigned
Q97QP7	zymogen_protease
Q97T80	zymogen_protease
Q980L4	zymogen_protease
Q98892	unassigned
Q98919	unassigned
Q98ST6	unassigned
Q98TA8	convertase
Q98TU0	convertase
Q99013	unassigned
Q99031	unassigned
Q99034	convertase
Q99036	unassigned
Q99049	negative_context
Q99075	unassigned
Q99134	convertase
Q99219	negative
Q99303	negative
Q99315	negative
Q99317	unassigned
Q99319	unassigned
Q99320	unassigned
Q99405	zymogen_protease
Q99436	zymogen_protease
Q99523	convertase
Q99542	zymogen_protease
Q99748	unassigned
Q99895	zymogen_protease
Q99935	negative
Q99969	unassigned
Q99J86	unassigned
Q99JB6	unassigned
Q99LS0	convertase
Q99M75	unassigned
Q99MA2	zymogen_protease
Q99MH3	convertase
Q99ML8	unassigned
Q99MP5	negative
Q99MQ4	unassigned
Q99N14	convertase
Q99P67	negative_context
Q99PG6	negative_context
Q99PI8	unassigned
Q99PJ0	unassigned
Q99PW6	convertase
Q99UX3	unassigned
Q99V45	zymogen_protease
Q99VJ0	zymogen_protease
Q9A1S2	unassigned
Q9A6U9	negative_context
Q9AIS7	unassigned
Q9AVB0	unassigned
Q9AYP9	unassigned
Q9BBS2	unassigned
Q9BBU3	unassigned
Q9BDB7	negative
Q9BDJ5	unassigned
Q9BDJ6	unassigned
Q9BEF8	unassigned
Q9BH10	convertase
Q9BH11	convertase
Q9BH21	convertase
Q9BH51	unassigned
Q9BH73	unassigned
Q9BH75	convertase
Q9BH79	unassigned
Q9BH81	unassigned
Q9BH84	convertase
Q9BH86	convertase
Q9BHA0	unassigned
Q9BHA6	unassigned
Q9BHB7	unassigned
Q9BJV7	unassigned
Q9BJV8	unassigned
Q9BMP8	unassigned
Q9BP51	unassigned
Q9BP53	convertase
Q9BP56	unassigned
Q9BP58	unassigned
Q9BP59	convertase
Q9BP60	unassigned
Q9BP61	convertase
Q9BP62	convertase
Q9BP63	convertase
Q9BP64	convertase
Q9BP65	convertase
Q9BP66	convertase
Q9BP67	convertase
Q9BP68	convertase
Q9BP69	convertase
Q9BP70	convertase
Q9BP71	convertase
Q9BP72	convertase
Q9BP73	unassigned
Q9BP74	convertase
Q9BP75	convertase
Q9BP76	convertase
Q9BP77	convertase
Q9BP78	unassigned
Q9BP79	unassigned
Q9BP80	unassigned
Q9BP81	unassigned
Q9BP82	unassigned
Q9BP83	unassigned
Q9BP84	unassigned
Q9BP85	convertase
Q9BP86	unassigned
Q9BP87	convertase
Q9BP88	convertase
Q9BP89	convertase
Q9BP90	convertase
Q9BP91	convertase
Q9BP92	unassigned
Q9BP93	unassigned
Q9BP94	unassigned
Q9BP95	unassigned
Q9BP96	convertase
Q9BP97	convertase
Q9BP98	convertase
Q9BP99	unassigned
Q9BPA0	convertase
Q9BPA1	unassigned
Q9BPA2	convertase
Q9BPA3	convertase
Q9BPA4	convertase
Q9BPA5	convertase
Q9BPA6	unassigned
Q9BPA7	convertase
Q9BPA9	unassigned
Q9BPB0	unassigned
Q9BPB1	convertase
Q9BPB2	convertase
Q9BPB4	convertase
Q9BPB7	unassigned
Q9BPB9	unassigned
Q9BPC1	convertase
Q9BPC2	unassigned
Q9BPC3	convertase
Q9BPC4	unassigned
Q9BPC5	unassigned
Q9BPC6	convertase
Q9BPC7	convertase
Q9BPC8	convertase
Q9BPC9	unassigned
Q9BPD0	unassigned
Q9BPD1	convertase
Q9BPD2	unassigned
Q9BPD3	convertase
Q9BPD4	convertase
Q9BPD5	convertase
Q9BPD6	convertase
Q9BPD7	unassigned
Q9BPD9	unassigned
Q9BPE0	unassigned
Q9BPE1	unassigned
Q9BPE2	unassigned
Q9BPE3	unassigned
Q9BPE4	unassigned
Q9BPE5	unassigned
Q9BPE6	unassigned
Q9BPE7	convertase
Q9BPE9	unassigned
Q9BPF1	convertase
Q9BPF2	convertase
Q9BPF3	convertase
Q9BPF4	convertase
Q9BPF5	unassigned
Q9BPF6	unassigned
Q9BPF7	unassigned
Q9BPF8	unassigned
Q9BPF9	unassigned
Q9BPG0	convertase
Q9BPG1	unassigned
Q9BPG2	unassigned
Q9BPG3	unassigned
Q9BPG5	convertase
Q9BPG7	convertase
Q9BPG8	convertase
Q9BPH0	convertase
Q9BPH1	convertase
Q9BPH2	convertase
Q9BPH3	convertase
Q9BPH4	unassigned
Q9BPH5	convertase
Q9BPH6	convertase
Q9BPH7	unassigned
Q9BPH8	unassigned
Q9BPH9	unassigned
Q9BPI0	unassigned
Q9BPI1	unassigned
Q9BPI3	convertase
Q9BPI4	convertase
Q9BPI5	convertase
Q9BPI6	convertase
Q9BPI7	convertase
Q9BPI8	convertase
Q9BPI9	convertase
Q9BPJ0	convertase
Q9BPJ1	convertase
Q9BPJ2	unassigned
Q9BPJ3	unassigned
Q9BPJ4	convertase
Q9BPJ5	convertase
Q9BPJ6	convertase
Q9BPJ7	convertase
Q9BPJ8	convertase
Q9BPJ9	convertase
Q9BPK0	convertase
Q9BQR3	zymogen_protease
Q9BT56	convertase
Q9BXN1	unassigned
Q9BXW4	unassigned
Q9BY14	unassigned
Q9BZD6	convertase
Q9BZD7	unassigned
Q9BZJ3	zymogen_protease
Q9BZM4	unassigned
Q9BZM5	unassigned
Q9BZM6	unassigned
Q9BZR6	unassigned
Q9BZS1	unassigned
Q9C0X9	unassigned
Q9C169	unassigned
Q9C5S0	unassigned
Q9C7F7	unassigned
Q9C7U5	unassigned
Q9C7U8	zymogen_protease
Q9C8A4	unassigned
Q9C8D6	unassigned
Q9C9B1	unassigned
Q9C9G4	unassigned
Q9CA23	unassigned
Q9CGL5	unassigned
Q9CQ52	zymogen_protease
Q9CQC2	unassigned
Q9CQV6	unassigned
Q9CQW3	convertase
Q9CQX2	unassigned
Q9CR53	convertase
Q9CRA0	unassigned
Q9CWP4	unassigned
Q9CZD5	unassigned
Q9CZQ6	unassigned
Q9D106	zymogen_protease
Q9D1N2	unassigned
Q9D3H2	negative_context
Q9D3P9	negative
Q9D5A0	negative_context
Q9D6Z6	unassigned
Q9D777	convertase
Q9D7F2	unassigned
Q9D7R7	zymogen_protease
Q9D7S0	unassigned
Q9D7Z7	unassigned
Q9D8H7	zymogen_protease
Q9DA79	unassigned
Q9DCV6	unassigned
Q9DD06	unassigned
Q9DD23	unassigned
Q9DD33	zymogen_protease
Q9DD49	negative
Q9DE68	unassigned
Q9DEA2	negative_context
Q9DEQ3	negative_context
Q9DET7	convertase
Q9DEX3	zymogen_protease
Q9DF33	unassigned
Q9DF52	unassigned
Q9DF56	unassigned
Q9DF66	zymogen_protease
Q9DF67	zymogen_protease
Q9DF68	zymogen_protease
Q9DG36	negative
Q9DG83	zymogen_protease
Q9DG84	zymogen_protease
Q9DGC8	negative
Q9DGC9	negative
Q9DGD4	unassigned
Q9DGK7	negative
Q9EPI2	unassigned
Q9EPL5	zymogen_protease
Q9EPL6	zymogen_protease
Q9EPS2	convertase
Q9EPW9	negative_context
Q9EQ21	convertase
Q9EQF4	unassigned
Q9EQV9	zymogen_protease
Q9EQX0	unassigned
Q9ER63	unassigned
Q9ERA7	convertase
Q9ESQ8	convertase
Q9ESQ9	convertase
Q9ESY9	unassigned
Q9F1K9	unassigned
Q9F7P4	negative_context
Q9FFH6	unassigned
Q9FFY3	unassigned
Q9FGF6	unassigned
Q9FGH4	unassigned
Q9FGU3	zymogen_protease
Q9FH31	unassigned
Q9FHA4	zymogen_protease
Q9FHA6	unassigned
Q9FHN6	unassigned
Q9FHQ6	unassigned
Q9FHX5	unassigned
Q9FIA9	unassigned
Q9FIF8	zymogen_protease
Q9FIG1	zymogen_protease
Q9FIG2	zymogen_protease
Q9FIM5	zymogen_protease
Q9FIM6	zymogen_protease
Q9FIM8	zymogen_protease
Q9FIW0	convertase
Q9FIW1	convertase
Q9FJ13	unassigned
Q9FJU9	unassigned
Q9FK16	unassigned
Q9FK76	zymogen_protease
Q9FKT1	unassigned
Q9FLI4	zymogen_protease
Q9FM65	unassigned
Q9FN39	unassigned
Q9FNQ2	unassigned
Q9FPR2	unassigned
Q9FSI9	unassigned
Q9FVE0	unassigned
Q9FY19	zymogen_protease
Q9FY78	unassigned
Q9FZ54	unassigned
Q9FZ86	unassigned
Q9FZA0	unassigned
Q9FZD0	unassigned
Q9FZE4	negative
Q9GJY2	unassigned
Q9GK11	zymogen_protease
Q9GK16	unassigned
Q9GK77	unassigned
Q9GKE1	zymogen_protease
Q9GKQ8	convertase
Q9GKY0	negative_context
Q9GKY5	unassigned
Q9GL30	zymogen_protease
Q9GL67	convertase
Q9GLC7	convertase
Q9GLD0	unassigned
Q9GLE3	zymogen_protease
Q9GLE4	convertase
Q9GLE5	zymogen_protease
Q9GLF6	convertase
Q9GLG1	zymogen_protease
Q9GLG4	negative
Q9GLK4	negative
Q9GLN8	negative
Q9GLP2	convertase
Q9GLP6	negative
Q9GLR0	convertase
Q9GLR1	convertase
Q9GM96	convertase
Q9GMS5	negative_context
Q9GMY2	zymogen_protease
Q9GMY3	zymogen_protease
Q9GMY4	zymogen_protease
Q9GMY6	zymogen_protease
Q9GMY7	zymogen_protease
Q9GMY8	zymogen_protease
Q9GNG8	negative_context
Q9GP84	unassigned
Q9GQV7	convertase
Q9GQW4	convertase
Q9GSA4	negative
Q9GU57	convertase
Q9GU58	convertase
Q9GZQ8	unassigned
Q9GZZ7	unassigned
Q9H106	negative_context
Q9H159	convertase
Q9H1M4	convertase
Q9H1Z8	convertase
Q9H239	convertase
Q9H2E6	negative_context
Q9H2R5	zymogen_protease
Q9H300	negative
Q9H306	zymogen_protease
Q9H3Y0	unassigned
Q9H4A9	zymogen_protease
Q9H4B8	unassigned
Q9HB29	negative_context
Q9HBT6	convertase
Q9HCQ7	convertase
Q9HEZ3	zymogen_protease
Q9HR36	zymogen_protease
Q9I194	zymogen_protease
Q9I837	unassigned
Q9I842	unassigned
Q9I843	unassigned
Q9I844	unassigned
Q9I845	unassigned
Q9I846	unassigned
Q9I847	unassigned
Q9I8P2	convertase
Q9I8P3	negative
Q9I8W9	zymogen_protease
Q9I8X0	zymogen_protease
Q9I8X1	zymogen_protease
Q9I8X2	zymogen_protease
Q9I900	unassigned
Q9I928	negative_context
Q9I9D3	negative
Q9IA08	negative
Q9IA09	negative
Q9IA10	negative
Q9IAU2	negative
Q9IB75	unassigned
Q9JHH6	zymogen_protease
Q9JHI0	zymogen_protease
Q9JHJ7	zymogen_protease
Q9JHW0	zymogen_protease
Q9JI58	unassigned
Q9JI81	zymogen_protease
Q9JIA9	zymogen_protease
Q9JJ16	negative_context
Q9JJT2	unassigned
Q9JL18	zymogen_protease
Q9JL96	zymogen_protease
Q9JLA2	unassigned
Q9JLB4	convertase
Q9JLT2	unassigned
Q9JM53	unassigned
Q9JM71	zymogen_protease
Q9JMB8	unassigned
Q9JMI7	unassigned
Q9JYM0	negative_context
Q9K5K2	unassigned
Q9K5K3	unassigned
Q9K5K8	unassigned
Q9K8J7	unassigned
Q9KD78	zymogen_protease
Q9KDP2	negative_context
Q9KFG3	negative_context
Q9KJY7	negative_context
Q9KKA3	unassigned
Q9KMU6	zymogen_protease
Q9KWM4	unassigned
Q9KWN0	unassigned
Q9L5D6	zymogen_protease
Q9L7Q2	zymogen_protease
Q9LDJ3	negative_context
Q9LE56	zymogen_protease
Q9LE89	unassigned
Q9LEH8	unassigned
Q9LFW3	unassigned
Q9LH43	unassigned
Q9LIB6	unassigned
Q9LII0	unassigned
Q9LIP2	zymogen_protease
Q9LJ85	unassigned
Q9LJ86	unassigned
Q9LJD9	unassigned
Q9LJU0	unassigned
Q9LJU1	unassigned
Q9LK37	unassigned
Q9LLL8	zymogen_protease
Q9LMY9	unassigned
Q9LNN7	negative
Q9LTW9	unassigned
Q9LUA1	negative
Q9LUM3	zymogen_protease
Q9LUS7	unassigned
Q9LV87	unassigned
Q9LV88	unassigned
Q9LV97	negative
Q9LVC0	unassigned
Q9LVJ1	zymogen_protease
Q9LX20	zymogen_protease
Q9LXU0	negative
Q9LXW3	zymogen_protease
Q9LY91	unassigned
Q9LYF6	unassigned
Q9LZH5	unassigned
Q9LZL3	zymogen_protease
Q9LZS6	zymogen_protease
Q9LZX4	unassigned
Q9M088	unassigned
Q9M099	zymogen_protease
Q9M0A1	unassigned
Q9M0F2	negative_context
Q9M0I0	unassigned
Q9M0S4	unassigned
Q9M2G1	unassigned
Q9M2K6	unassigned
Q9M373	unassigned
Q9M653	negative
Q9M654	negative
Q9M8T8	negative_context
Q9MA44	negative_context
Q9MA62	unassigned
Q9MAC1	unassigned
Q9MAP4	zymogen_protease
Q9MAP5	zymogen_protease
Q9MAP7	zymogen_protease
Q9MS55	unassigned
Q9MS58	unassigned
Q9MS61	unassigned
Q9MS64	unassigned
Q9MS67	unassigned
Q9MS70	unassigned
Q9MS73	unassigned
Q9MS76	unassigned
Q9MS79	unassigned
Q9MTL6	unassigned
Q9MTN2	unassigned
Q9MUS0	unassigned
Q9MUW0	unassigned
Q9MUW1	unassigned
Q9MYM4	unassigned
Q9MYY0	unassigned
Q9N0E3	unassigned
Q9N0V5	convertase
Q9N2D0	unassigned
Q9N2D1	zymogen_protease
Q9N2D2	zymogen_protease
Q9N2D3	zymogen_protease
Q9N2D4	zymogen_protease
Q9N2I2	unassigned
Q9N4V0	convertase
Q9N563	negative
Q9N5R0	convertase
Q9N661	unassigned
Q9NDA5	unassigned
Q9NDA6	convertase
Q9NDA7	convertase
Q9NDE7	convertase
Q9NFP1	unassigned
Q9NGP0	negative
Q9NIP6	convertase
Q9NJ15	convertase
Q9NJC6	unassigned
Q9NJQ2	convertase
Q9NL55	convertase
Q9NPA2	convertase
Q9NPD7	unassigned
Q9NQ38	negative
Q9NQX7	negative
Q9NQZ5	unassigned
Q9NRE1	zymogen_protease
Q9NRR1	negative_context
Q9NZH6	unassigned
Q9NZH8	unassigned
Q9P0G3	zymogen_protease
Q9P121	unassigned
Q9P232	unassigned
Q9P358	zymogen_protease
Q9P359	zymogen_protease
Q9P378	unassigned
Q9P3E4	unassigned
Q9P4W3	zymogen_protease
Q9P4W4	zymogen_protease
Q9P6S0	unassigned
Q9P7J9	unassigned
Q9P992	zymogen_protease
Q9P996	zymogen_protease
Q9P9I1	unassigned
Q9P9I3	unassigned
Q9PJV0	unassigned
Q9PQT2	unassigned
Q9PRG0	unassigned
Q9PT26	zymogen_protease
Q9PT40	unassigned
Q9PT41	zymogen_protease
Q9PT75	convertase
Q9PT98	convertase
Q9PT99	convertase
Q9PTA0	negative
Q9PTA1	unassigned
Q9PTL3	zymogen_protease
Q9PTQ4	negative
Q9PTS1	convertase
Q9PTU8	zymogen_protease
Q9PU29	convertase
Q9PU41	convertase
Q9PUG7	unassigned
Q9PUG8	unassigned
Q9PUG9	unassigned
Q9PUH0	unassigned
Q9PUH1	unassigned
Q9PUH2	unassigned
Q9PUH3	unassigned
Q9PUH4	unassigned
Q9PUH5	unassigned
Q9PUH6	unassigned
Q9PUH7	unassigned
Q9PUH8	unassigned
Q9PUH9	unassigned
Q9PUI0	unassigned
Q9PUI1	unassigned
Q9PUR0	convertase
Q9PUR1	convertase
Q9PVW7	unassigned
Q9PW68	negative
Q9QUG3	unassigned
Q9QUK6	negative_context
Q9QUK9	zymogen_protease
Q9QUP5	unassigned
Q9QUR8	unassigned
Q9QXK8	convertase
Q9QXQ6	convertase
Q9QXQ7	unassigned
Q9QXU9	negative
Q9QXV0	negative
Q9QXX3	convertase
Q9QYH7	unassigned
Q9QYX2	negative_context
Q9QYZ9	zymogen_protease
Q9QZ25	unassigned
Q9QZF2	unassigned
Q9QZQ4	convertase
Q9QZT3	convertase
Q9QZY5	unassigned
Q9R014	zymogen_protease
Q9R087	unassigned
Q9R0R1	unassigned
Q9R0R3	convertase
Q9R0R4	convertase
Q9R0S2	convertase
Q9R0S3	convertase
Q9R0T7	zymogen_protease
Q9R171	negative
Q9R1E6	convertase
Q9R1T3	zymogen_protease
Q9RN37	negative_context
Q9RQJ2	unassigned
Q9S0W8	unassigned
Q9S3W5	unassigned
Q9S740	unassigned
Q9S9K4	zymogen_protease
Q9SBK8	unassigned
Q9SD84	unassigned
Q9SE93	unassigned
Q9SGP2	negative_context
Q9SI16	negative_context
Q9SI57	unassigned
Q9SIL7	unassigned
Q9SIU6	unassigned
Q9SIZ9	unassigned
Q9SJ81	unassigned
Q9SJY7	unassigned
Q9SK27	unassigned
Q9SKW7	unassigned
Q9SNC3	unassigned
Q9SPL4	negative
Q9SPL5	negative
Q9SQN9	unassigned
Q9SQT9	unassigned
Q9SRT7	unassigned
Q9SRY3	unassigned
Q9SSG3	unassigned
Q9STF7	zymogen_protease
Q9STH5	unassigned
Q9STQ2	zymogen_protease
Q9STQ3	unassigned
Q9STY3	negative_context
Q9SU13	unassigned
Q9SU40	unassigned
Q9SU56	unassigned
Q9SUC9	unassigned
Q9SUV6	unassigned
Q9SV61	negative_context
Q9SV73	unassigned
Q9SVT4	zymogen_protease
Q9SXA6	unassigned
Q9SYL6	negative_context
Q9SZ51	unassigned
Q9SZG4	unassigned
Q9SZY2	zymogen_protease
Q9SZY3	zymogen_protease
Q9T045	unassigned
Q9T076	unassigned
Q9T351	unassigned
Q9TJ82	unassigned
Q9TKY7	unassigned
Q9TKZ9	unassigned
Q9TL35	unassigned
Q9TNF7	unassigned
Q9TNF8	unassigned
Q9TQY7	negative
Q9TRM8	convertase
Q9TRY9	unassigned
Q9TS34	negative
Q9TS35	negative
Q9TSX8	unassigned
Q9TSZ0	negative
Q9TSZ1	zymogen_protease
Q9TT95	convertase
Q9TTC5	unassigned
Q9TTE2	unassigned
Q9TU18	unassigned
Q9TU53	convertase
Q9TU73	unassigned
Q9TUI9	convertase
Q9TUX7	convertase
Q9TV36	unassigned
Q9TVA3	negative
Q9TWM7	unassigned
Q9TY83	unassigned
Q9TY84	unassigned
Q9TY95	zymogen_protease
Q9TZP5	unassigned
Q9U3Z3	convertase
Q9U5D2	negative
Q9U619	unassigned
Q9U644	convertase
Q9U645	unassigned
Q9U647	convertase
Q9U648	convertase
Q9U650	unassigned
Q9U651	unassigned
Q9U654	convertase
Q9U655	convertase
Q9U656	convertase
Q9U657	convertase
Q9U659	unassigned
Q9U660	convertase
Q9U662	convertase
Q9U6X1	convertase
Q9U6Z5	unassigned
Q9U6Z6	convertase
Q9U6Z8	convertase
Q9U6Z9	convertase
Q9U700	unassigned
Q9U8R2	convertase
Q9UBC7	convertase
Q9UBR2	zymogen_protease
Q9UBU3	unassigned
Q9UHA7	unassigned
Q9UHF0	convertase
Q9UHG2	negative
Q9UI42	zymogen_protease
Q9UK23	zymogen_protease
Q9UKY0	unassigned
Q9ULB4	convertase
Q9ULB5	convertase
Q9ULK0	negative_context
Q9ULX7	negative_context
Q9ULZ1	convertase
Q9ULZ9	convertase
Q9UNI1	zymogen_protease
Q9UPU3	convertase
Q9UQ52	unassigned
Q9UQ90	zymogen_protease
Q9UR19	zymogen_protease
Q9URR2	zymogen_protease
Q9UV63	unassigned
Q9UVP6	zymogen_protease
Q9UWG6	unassigned
Q9UXF3	zymogen_protease
Q9UYL3	unassigned
Q9V0N9	zymogen_protease
Q9V247	zymogen_protease
Q9V253	unassigned
Q9V2W8	unassigned
Q9V2W9	unassigned
Q9V2X0	unassigned
Q9V2X1	unassigned
Q9V521	zymogen_protease
Q9V751	convertase
Q9V8G0	unassigned
Q9VBC7	convertase
Q9VC44	convertase
Q9VCW0	convertase
Q9VET0	convertase
Q9VFJ3	zymogen_protease
Q9VG55	convertase
Q9VGE8	convertase
Q9VIH9	unassigned
Q9VII1	unassigned
Q9VII3	unassigned
Q9VIQ0	convertase
Q9VJ33	unassigned
Q9VKA0	unassigned
Q9VLK4	convertase
Q9VN14	unassigned
Q9VPR7	unassigned
Q9VT50	convertase
Q9VT51	convertase
Q9VT52	convertase
Q9VT53	convertase
Q9VTM6	unassigned
Q9VTZ5	unassigned
Q9VU58	unassigned
Q9VV28	unassigned
Q9VV72	unassigned
Q9VVF7	convertase
Q9VZ21	unassigned
Q9W0W6	convertase
Q9W1V6	convertase
Q9W3T7	unassigned
Q9W4Q9	convertase
Q9W4Z4	convertase
Q9W6M9	convertase
Q9W6V2	unassigned
Q9W7C5	unassigned
Q9W7E9	convertase
Q9W7F0	convertase
Q9W7J3	unassigned
Q9W7J4	unassigned
Q9W7R2	convertase
Q9WTR0	convertase
Q9WU60	unassigned
Q9WU67	unassigned
Q9WUC3	unassigned
Q9WUG6	convertase
Q9WUU7	zymogen_protease
Q9WUV3	negative_context
Q9WVA8	convertase
Q9WVA9	convertase
Q9WVJ3	zymogen_protease
Q9WYZ1	zymogen_protease
Q9X2V7	unassigned
Q9X6B1	negative_context
Q9X6V6	negative_context
Q9X721	zymogen_protease
Q9XEB5	unassigned
Q9XEC4	zymogen_protease
Q9XF04	negative
Q9XFX4	zymogen_protease
Q9XIL9	negative_context
Q9XPS4	unassigned
Q9XS63	negative
Q9XSD9	unassigned
Q9XSE2	negative
Q9XSE9	negative
Q9XSJ6	unassigned
Q9XSM2	zymogen_protease
Q9XSN2	negative
Q9XSN3	negative
Q9XSQ7	unassigned
Q9XSR0	unassigned
Q9XSW6	negative
Q9XSZ5	zymogen_protease
Q9XT35	convertase
Q9XT90	convertase
Q9XU75	zymogen_protease
Q9XUV0	zymogen_protease
Q9XVX1	convertase
Q9XW71	convertase
Q9XWV7	convertase
Q9XYR5	convertase
Q9XYZ0	unassigned
Q9XYZ1	unassigned
Q9XZK2	unassigned
Q9XZK3	unassigned
Q9XZK4	unassigned
Q9XZK5	convertase
Q9XZK6	unassigned
Q9XZK7	unassigned
Q9XZK8	unassigned
Q9XZK9	convertase
Q9XZL0	convertase
Q9XZL1	unassigned
Q9XZL2	convertase
Q9XZL3	unassigned
Q9XZL4	unassigned
Q9XZL5	unassigned
Q9Y1U9	convertase
Q9Y251	unassigned
Q9Y287	negative
Q9Y2I2	unassigned
Q9Y4W6	zymogen_protease
Q9Y5Q6	convertase
Q9Y5Z0	zymogen_protease
Q9Y625	unassigned
Q9Y646	zymogen_protease
Q9Y6M0	zymogen_protease
Q9Y6N8	convertase
Q9Y749	zymogen_protease
Q9Y778	zymogen_protease
Q9Y7S9	unassigned
Q9Y7Y7	unassigned
Q9Y833	unassigned
Q9YAN6	unassigned
Q9YAN8	unassigned
Q9YER0	zymogen_protease
Q9YES4	zymogen_protease
Q9YGH3	convertase
Q9YGH4	convertase
Q9YGH5	convertase
Q9YGI6	zymogen_protease
Q9YGJ2	zymogen_protease
Q9YGJ8	zymogen_protease
Q9YGJ9	zymogen_protease
Q9YGK2	convertase
Q9YGK4	convertase
Q9YGK5	convertase
Q9YH26	unassigned
Q9YH85	unassigned
Q9Z0F1	negative
Q9Z0J1	unassigned
Q9Z0J8	unassigned
Q9Z0K8	unassigned
Q9Z0L2	unassigned
Q9Z0L5	unassigned
Q9Z0L6	convertase
Q9Z0M1	zymogen_protease
Q9Z0M3	convertase
Q9Z0M5	unassigned
Q9Z0T3	unassigned
Q9Z0X1	unassigned
Q9Z0Y2	zymogen_protease
Q9Z172	unassigned
Q9Z1F1	unassigned
Q9Z1Q3	unassigned
Q9Z1Q4	unassigned
Q9Z2Q3	unassigned
Q9ZQ23	unassigned
Q9ZQG9	unassigned
Q9ZQI8	unassigned
Q9ZSB0	zymogen_protease
Q9ZSB1	zymogen_protease
Q9ZT16	unassigned
Q9ZT17	unassigned
Q9ZU91	unassigned
Q9ZUF6	zymogen_protease
Q9ZVC7	unassigned
Q9ZWA8	unassigned
R4IR27	zymogen_protease
R4JJN6	convertase
R4JNJ5	convertase
R4JQZ0	convertase
R9UC00	unassigned
R9UC04	unassigned
R9UC06	unassigned
R9UC10	unassigned
R9UCX1	unassigned
R9UE59	unassigned
R9UE63	unassigned
R9UE65	unassigned
R9UE68	unassigned
R9UFE0	unassigned
R9UFE4	unassigned
R9UFJ8	unassigned
S0F1M4	convertase
S0F1M6	convertase
S0F1M9	convertase
S0F1N0	convertase
S0F1N6	convertase
S0F1N7	convertase
S0F1P1	convertase
S0F204	convertase
S0F207	convertase
S0F209	convertase
S0F215	convertase
S4S2C7	unassigned
S4S3F6	unassigned
S4S3G3	unassigned
S4UJV1	unassigned
S4UJW3	unassigned
S4UKA9	unassigned
S6CWV8	unassigned
S6D3A7	unassigned
S7Q0E7	unassigned
S7RK00	negative_context
S8AKE6	unassigned
T1NXB5	negative
T1PQV6	convertase
T1PRE3	convertase
T1W425	unassigned
T2KNC2	unassigned
U3UBT3	convertase
U4N938	negative
U5L396	unassigned
U5L397	unassigned
U5L3J5	unassigned
U5L3J7	unassigned
U5L3J9	unassigned
U5L3K1	unassigned
U5L3M6	unassigned
U5L3M7	unassigned
U5L3M8	unassigned
U5L3X0	unassigned
U5L3X2	unassigned
U5L406	unassigned
U5L408	unassigned
U5L409	unassigned
V5IRP6	unassigned
V5LU01	zymogen_protease
V5V9Y7	unassigned
W0THY6	unassigned
W4VRU5	convertase
W4VRU6	unassigned
W4VRU8	convertase
W4VRV3	convertase
W4VRV4	unassigned
W4VRW1	convertase
W4VRW4	convertase
W4VRW6	convertase
W4VRY9	convertase
W4VS08	convertase
W4VS12	convertase
W4VS15	convertase
W4VS16	unassigned
W4VS20	convertase
W4VS49	unassigned
W4VS82	unassigned
W4VSA0	unassigned
W4VSA2	convertase
W4VSA5	convertase
W4VSA7	unassigned
W4VSB6	unassigned
W4VSC0	unassigned
W4VSE7	unassigned
W4VSF6	convertase
W4VSG7	convertase
W4VSI1	convertase
W4VSI3	convertase
W4VSI4	convertase
W4VSI9	unassigned
W4VSM1	unassigned
W5U5X5	unassigned
W7DQ33	unassigned
W8GNV3	unassigned
X5I9Y2	convertase
X5I9Z2	convertase
X5IFY8	unassigned
X5IFZ1	unassigned
X5IGW1	convertase
X5IWS1	unassigned
X5IWT5	unassigned
X5IXY8	unassigned
X5IY26	convertase
