accession	mechanism
A0A024B7W1	convertase
A0A024SC78	unassigned
A0A024SH76	unassigned
A0A044RE18	convertase
A0A068CNX1	unassigned
A0A097PTA8	convertase
A0A0B4U9L8	zymogen_protease
A0A0B5AC95	convertase
A0A0C3RR82	unassigned
A0A0D4WTV1	zymogen_protease
A0A0F7G352	unassigned
A0A0H2UNG0	unassigned
A0A0H2URK1	unassigned
A0A0H3K686	unassigned
A0A0K1YW63	unassigned
A0A0K2JNB8	zymogen_protease
A0A0N7CSQ4	unassigned
A0A0N9E2K8	zymogen_protease
A0A0R4IKU3	unassigned
A0A126GUP6	zymogen_protease
A0A142I5B9	zymogen_protease
A0A144A2H0	zymogen_protease
A0A144LUY5	unassigned
A0A1D5PPP7	zymogen_protease
A0A1D5PUP4	unassigned
A0A1D8PQ86	unassigned
A0A1D8PQB9	unassigned
A0A1I9LMX5	unassigned
A0A1L4BJ46	convertase
A0A1P8AQ95	convertase
A0A1S4F020	zymogen_protease
A0A2H1A319	unassigned
A0A2I0C265	zymogen_protease
A0A2L2DDD0	convertase
A0A2L2DDE6	convertase
A0A2Z5Z9X0	convertase
A0A384J6C4	unassigned
A0A384K116	unassigned
A0A452E9Y6	unassigned
A0A509AM03	zymogen_protease
A0A5C2A2T2	unassigned
A0A6B7FMR5	unassigned
A0A7J6KDB0	unassigned
A0AAQ4VMX2	convertase
A0FI79	unassigned
A0JNK3	zymogen_protease
A0JQ18	convertase
A0MLS4	unassigned
A0S864	unassigned
A0S865	unassigned
A1A278	unassigned
A1A4K5	convertase
A1C2U6	convertase
A1C3L3	unassigned
A2D4U1	convertase
A2D670	convertase
A2QTS4	unassigned
A2QYT9	unassigned
A2T6K4	convertase
A3R0T9	zymogen_protease
A4FV54	unassigned
A4PBQ9	zymogen_protease
A4VCL2	unassigned
A4ZFB2	unassigned
A5A6J7	unassigned
A5A6P7	unassigned
A5JUY8	unassigned
A5K3U9	zymogen_protease
A5LHG2	convertase
A5LHX3	zymogen_protease
A6BM07	unassigned
A6IBC5	unassigned
A6ND01	unassigned
A6NDB9	unassigned
A6NFA1	zymogen_protease
A6P3B2	convertase
A6XIP3	convertase
A6XMY0	unassigned
A7BHQ9	unassigned
A7YY44	unassigned
A8AZP4	unassigned
A8CL69	convertase
A8DS38	zymogen_protease
A8DYH2	unassigned
A8QL56	zymogen_protease
A8QPD9	zymogen_protease
A8T644	zymogen_protease
A8T650	zymogen_protease
A8T655	zymogen_protease
A8T658	zymogen_protease
A8T662	zymogen_protease
A8T666	zymogen_protease
A8T672	zymogen_protease
A8T677	zymogen_protease
A8T682	zymogen_protease
A8T688	zymogen_protease
A8T695	zymogen_protease
A8T6A1	zymogen_protease
A8T6A6	zymogen_protease
A8YPR6	convertase
A8YPR9	convertase
B0BK71	unassigned
B0BK72	unassigned
B0BND0	unassigned
B0KW95	convertase
B0R8E4	unassigned
B0XT72	unassigned
B1ATG9	zymogen_protease
B1NWR6	convertase
B1NWS4	convertase
B1P1D9	unassigned
B1P1E0	unassigned
B1P1E1	unassigned
B1P1E2	unassigned
B1P1E3	unassigned
B2KI42	convertase
B2KPN7	convertase
B2RH54	unassigned
B2RHG1	unassigned
B2RHG4	unassigned
B2RLK2	zymogen_protease
B3GS44	unassigned
B3H4Y2	convertase
B3H5A9	unassigned
B3H5J1	unassigned
B3H7I1	convertase
B3LV44	zymogen_protease
B3M185	unassigned
B3NZR4	unassigned
B3P7F8	zymogen_protease
B4G2I8	zymogen_protease
B4GFJ8	unassigned
B4HFB7	zymogen_protease
B4HKC7	unassigned
B4JTF5	zymogen_protease
B4K4M0	zymogen_protease
B4LY29	unassigned
B4LZT9	zymogen_protease
B4NJP3	zymogen_protease
B4PN49	zymogen_protease
B4PUP5	unassigned
B4R1D8	zymogen_protease
B4USZ0	convertase
B5A5T4	unassigned
B5LUQ7	unassigned
B5LUQ8	unassigned
B5LUQ9	unassigned
B5LUR0	unassigned
B5LUR1	unassigned
B5SY89	unassigned
B6D434	convertase
B6KAM0	unassigned
B6ULW4	unassigned
B6ULW5	unassigned
B6ULW6	unassigned
B6ULW7	unassigned
B7G6D3	zymogen_protease
B7S4N9	unassigned
B7TB45	unassigned
B8JLQ9	zymogen_protease
B8K1W0	zymogen_protease
B8N106	zymogen_protease
B9J3S4	zymogen_protease
B9W4V6	unassigned
C0HK27	unassigned
C0HKG7	unassigned
C0HKG8	unassigned
C0HKG9	unassigned
C0HL58	unassigned
C0HLG4	unassigned
C0HLV2	zymogen_protease
C0HLZ9	convertase
C0HM00	convertase
C0HM68	convertase
C0L2T8	zymogen_protease
C5H431	zymogen_protease
C6EVG7	convertase
C6KSX0	unassigned
C8XPA8	convertase
C8XPB2	zymogen_protease
C9K4X8	convertase
D0EM77	zymogen_protease
D2Y1X6	unassigned
D2Y1X7	unassigned
D2Y1X8	unassigned
D2Y1X9	unassigned
D2Y1Y0	unassigned
D2Y1Y1	unassigned
D2Y1Y2	unassigned
D2Y1Y3	unassigned
D2Y1Z4	unassigned
D2Y1Z7	unassigned
D2Y1Z8	unassigned
D2Y232	unassigned
D2Y233	unassigned
D2Y2D1	unassigned
D2Y2D2	unassigned
D2Y2D3	unassigned
D2Y2D7	unassigned
D2Y2I3	unassigned
D3TTC1	zymogen_protease
D3TTC2	zymogen_protease
D3VML5	unassigned
D3XDX9	unassigned
D3Z752	convertase
D3Z8C9	unassigned
D3Z8L7	unassigned
D3ZDI8	unassigned
D3ZS74	zymogen_protease
D3ZTT2	unassigned
D3ZZX1	unassigned
D4A540	convertase
D4AE59	unassigned
D4GYZ1	zymogen_protease
D5LGE0	convertase
D6PXE8	zymogen_protease
D7RF80	convertase
E0Y419	zymogen_protease
E0Y421	zymogen_protease
E3PQQ8	convertase
E3YBA4	unassigned
E5D3Z8	zymogen_protease
E5KIB6	unassigned
E6Y8B9	zymogen_protease
E7CLP2	unassigned
E7EZ53	convertase
E9PUN6	convertase
E9Q3E1	unassigned
E9QBI7	zymogen_protease
F1N5C8	unassigned
F1NV61	zymogen_protease
F1PAA9	convertase
F1PTE3	unassigned
F1QQI2	convertase
F1QSQ0	unassigned
F1R4U0	unassigned
F1RWC3	convertase
F4JBX1	unassigned
F4JJL0	unassigned
F4JJL3	unassigned
F4KCH3	convertase
F6PTN1	zymogen_protease
F6RBT1	unassigned
F8J4S0	unassigned
F8W2M8	zymogen_protease
G0RUP7	unassigned
G1CRV4	convertase
G1UB63	unassigned
G1UBC2	unassigned
G2X495	zymogen_protease
G2XKQ0	unassigned
G3FEX6	convertase
G3FNQ9	zymogen_protease
G4NDG4	zymogen_protease
G5EB30	unassigned
G5EBM1	zymogen_protease
G5EBU3	zymogen_protease
G5ECN9	convertase
G5EEC2	convertase
G5EEL5	unassigned
G5EFD9	convertase
G5EGM1	convertase
G5EGP8	zymogen_protease
H2DF87	zymogen_protease
H2EQR6	convertase
H2KZ60	unassigned
I0CME7	zymogen_protease
I0DEB3	convertase
I1C4E4	unassigned
I1CFE1	unassigned
I1RAQ3	unassigned
I1REI8	unassigned
I2C090	convertase
I2DBY1	unassigned
I2G9B4	unassigned
J3QMK6	unassigned
J9VHN6	unassigned
J9VND2	unassigned
J9VPD7	unassigned
J9VS02	zymogen_protease
K1WG73	unassigned
K1XT82	unassigned
K1XVG1	unassigned
K1XW16	unassigned
K4LLQ2	zymogen_protease
K8DWB5	unassigned
L0L3V3	convertase
L0PIN3	unassigned
L0PJV8	unassigned
M0R8L2	convertase
M1C146	unassigned
N0A5N4	zymogen_protease
O00212	unassigned
O00230	convertase
O00253	unassigned
O00254	unassigned
O00292	unassigned
O00451	unassigned
O00526	convertase
O01382	zymogen_protease
O02002	zymogen_protease
O02840	convertase
O03042	unassigned
O04385	unassigned
O04468	convertase
O04529	zymogen_protease
O04795	unassigned
O04796	unassigned
O06350	unassigned
O07623	unassigned
O08523	unassigned
O08529	zymogen_protease
O08543	unassigned
O08545	unassigned
O08602	unassigned
O08603	unassigned
O08604	unassigned
O08675	unassigned
O08689	convertase
O08717	convertase
O08736	zymogen_protease
O08738	zymogen_protease
O08842	unassigned
O09037	unassigned
O09043	zymogen_protease
O09049	unassigned
O09051	unassigned
O09061	unassigned
O09107	convertase
O09164	unassigned
O13318	unassigned
O13351	unassigned
O13547	unassigned
O13849	zymogen_protease
O13928	unassigned
O14113	unassigned
O14511	unassigned
O14610	unassigned
O14669	unassigned
O14672	convertase
O14773	zymogen_protease
O14793	convertase
O14798	unassigned
O14807	unassigned
O14944	unassigned
O15072	convertase
O15130	convertase
O15204	zymogen_protease
O15496	convertase
O15498	unassigned
O15943	unassigned
O16846	convertase
O17798	convertase
O18733	zymogen_protease
O18754	unassigned
O18823	zymogen_protease
O18831	convertase
O18836	convertase
O18927	zymogen_protease
O19045	convertase
O19073	unassigned
O23507	zymogen_protease
O23710	zymogen_protease
O23717	zymogen_protease
O31422	unassigned
O34313	unassigned
O34344	unassigned
O35118	unassigned
O35186	zymogen_protease
O35205	zymogen_protease
O35227	unassigned
O35251	convertase
O35298	zymogen_protease
O35312	convertase
O35397	zymogen_protease
O35417	convertase
O35509	unassigned
O35521	zymogen_protease
O35522	zymogen_protease
O35523	zymogen_protease
O35524	zymogen_protease
O35548	convertase
O35569	unassigned
O35598	convertase
O35626	unassigned
O35632	unassigned
O35674	convertase
O35728	unassigned
O35757	convertase
O35902	convertase
O35926	unassigned
O35955	zymogen_protease
O35975	unassigned
O39927	zymogen_protease
O39928	zymogen_protease
O39929	zymogen_protease
O41515	unassigned
O42220	convertase
O42221	convertase
O42222	convertase
O42364	unassigned
O42779	zymogen_protease
O42825	unassigned
O43169	unassigned
O43184	convertase
O43280	unassigned
O43464	zymogen_protease
O43506	zymogen_protease
O43612	convertase
O43653	unassigned
O43895	zymogen_protease
O43897	zymogen_protease
O43915	convertase
O43921	unassigned
O44185	convertase
O44516	unassigned
O44712	unassigned
O44836	convertase
O45734	zymogen_protease
O46427	zymogen_protease
O46501	unassigned
O46540	unassigned
O46564	convertase
O46576	convertase
O48915	unassigned
O49006	unassigned
O54329	unassigned
O54715	unassigned
O54732	convertase
O54766	convertase
O54767	convertase
O54800	convertase
O54861	convertase
O55111	convertase
O55123	zymogen_protease
O55183	unassigned
O55186	unassigned
O55232	convertase
O55234	zymogen_protease
O55241	convertase
O57413	zymogen_protease
O57460	zymogen_protease
O59893	convertase
O60259	zymogen_protease
O60383	convertase
O60494	convertase
O60609	unassigned
O60882	zymogen_protease
O60884	unassigned
O60911	zymogen_protease
O61142	zymogen_protease
O61643	convertase
O61705	unassigned
O61722	unassigned
O62643	unassigned
O62680	unassigned
O62806	zymogen_protease
O65039	zymogen_protease
O65351	zymogen_protease
O65390	zymogen_protease
O65493	zymogen_protease
O70138	zymogen_protease
O70176	convertase
O70244	convertase
O70274	unassigned
O70370	zymogen_protease
O74213	convertase
O74752	unassigned
O74922	unassigned
O75003	unassigned
O75015	unassigned
O75077	convertase
O75078	convertase
O75173	convertase
O75326	unassigned
O75365	unassigned
O75443	unassigned
O75487	unassigned
O75601	zymogen_protease
O75610	unassigned
O75781	unassigned
O75829	convertase
O75882	unassigned
O75888	convertase
O75900	convertase
O76818	convertase
O76856	zymogen_protease
O77150	unassigned
O77633	convertase
O77656	zymogen_protease
O77668	convertase
O77726	convertase
O77801	convertase
O80460	unassigned
O82777	convertase
O87236	unassigned
O87237	unassigned
O88038	unassigned
O88272	convertase
O88307	convertase
O88310	unassigned
O88507	unassigned
O88634	unassigned
O88676	convertase
O88766	zymogen_protease
O88767	zymogen_protease
O88780	zymogen_protease
O88783	zymogen_protease
O88839	convertase
O88875	unassigned
O88947	convertase
O89017	zymogen_protease
O89023	zymogen_protease
O89094	zymogen_protease
O89110	zymogen_protease
O91532	unassigned
O91936	zymogen_protease
O92529	zymogen_protease
O92530	zymogen_protease
O92531	zymogen_protease
O92532	zymogen_protease
O92920	unassigned
O92972	zymogen_protease
O93523	zymogen_protease
O94183	unassigned
O94272	unassigned
O94309	unassigned
O94363	unassigned
O94614	unassigned
O94753	zymogen_protease
O94779	unassigned
O95057	unassigned
O95166	unassigned
O95274	unassigned
O95390	convertase
O95393	convertase
O95399	convertase
O95450	zymogen_protease
O95497	unassigned
O95498	unassigned
O95760	unassigned
O95831	unassigned
O95867	unassigned
O95868	unassigned
O95971	unassigned
O95972	unassigned
O95980	unassigned
O96009	zymogen_protease
O96390	unassigned
O97364	zymogen_protease
O97939	unassigned
P00410	unassigned
P00433	unassigned
P00440	unassigned
P00488	zymogen_protease
P00497	unassigned
P00590	unassigned
P00592	zymogen_protease
P00593	zymogen_protease
P00594	zymogen_protease
P00596	unassigned
P00597	unassigned
P00598	unassigned
P00611	unassigned
P00617	unassigned
P00618	unassigned
P00619	unassigned
P00627	unassigned
P00628	unassigned
P00629	unassigned
P00630	unassigned
P00644	zymogen_protease
P00729	zymogen_protease
P00730	zymogen_protease
P00734	convertase
P00735	convertase
P00740	convertase
P00741	zymogen_protease
P00742	convertase
P00743	convertase
P00745	convertase
P00746	zymogen_protease
P00747	convertase
P00750	convertase
P00752	zymogen_protease
P00755	zymogen_protease
P00756	zymogen_protease
P00759	zymogen_protease
P00760	zymogen_protease
P00762	zymogen_protease
P00763	zymogen_protease
P00772	zymogen_protease
P00773	zymogen_protease
P00777	zymogen_protease
P00780	zymogen_protease
P00782	zymogen_protease
P00784	zymogen_protease
P00785	zymogen_protease
P00786	zymogen_protease
P00787	zymogen_protease
P00791	zymogen_protease
P00794	zymogen_protease
P00795	zymogen_protease
P00796	convertase
P00797	convertase
P00854	unassigned
P00875	unassigned
P00876	unassigned
P00877	unassigned
P00974	unassigned
P00981	unassigned
P01021	convertase
P01029	convertase
P01030	convertase
P01031	convertase
P01089	convertase
P01111	unassigned
P01112	unassigned
P01116	unassigned
P01119	unassigned
P01120	unassigned
P01127	convertase
P01134	unassigned
P01135	unassigned
P01138	convertase
P01139	convertase
P01142	convertase
P01143	convertase
P01160	unassigned
P01161	convertase
P01168	convertase
P01190	convertase
P01191	convertase
P01192	convertase
P01193	convertase
P01210	convertase
P01211	convertase
P01213	convertase
P01222	unassigned
P01235	unassigned
P01257	convertase
P01258	convertase
P01268	convertase
P01270	convertase
P01272	convertase
P01274	convertase
P01275	convertase
P01282	convertase
P01283	convertase
P01286	convertase
P01289	convertase
P01297	convertase
P01298	convertase
P01308	convertase
P01315	convertase
P01317	convertase
P01321	convertase
P01322	convertase
P01323	convertase
P01325	convertase
P01326	convertase
P01329	convertase
P01344	convertase
P01346	convertase
P01347	convertase
P01348	convertase
P01350	convertase
P01355	convertase
P01362	convertase
P01501	unassigned
P01522	unassigned
P01523	convertase
P01579	convertase
P01582	unassigned
P01583	unassigned
P01584	unassigned
P01830	unassigned
P01831	unassigned
P02452	unassigned
P02453	unassigned
P02454	unassigned
P02457	unassigned
P02458	unassigned
P02459	unassigned
P02460	unassigned
P02461	unassigned
P02462	unassigned
P02463	unassigned
P02465	unassigned
P02466	unassigned
P02467	unassigned
P02545	unassigned
P02572	unassigned
P02574	unassigned
P02592	unassigned
P02698	unassigned
P02702	unassigned
P02765	unassigned
P02768	convertase
P02769	convertase
P02770	convertase
P02818	convertase
P02820	convertase
P02822	convertase
P02866	unassigned
P02870	unassigned
P02879	unassigned
P02893	unassigned
P02945	unassigned
P02974	unassigned
P02976	unassigned
P03153	unassigned
P03314	convertase
P03607	unassigned
P03953	zymogen_protease
P03954	zymogen_protease
P03956	zymogen_protease
P03957	zymogen_protease
P03967	unassigned
P03969	unassigned
P03970	convertase
P03971	unassigned
P03994	unassigned
P04002	unassigned
P04022	convertase
P04024	zymogen_protease
P04025	zymogen_protease
P04039	convertase
P04054	zymogen_protease
P04055	zymogen_protease
P04058	unassigned
P04070	convertase
P04085	convertase
P04088	convertase
P04089	convertase
P04090	convertase
P04094	convertase
P04118	unassigned
P04156	unassigned
P04166	unassigned
P04187	zymogen_protease
P04189	zymogen_protease
P04216	unassigned
P04273	unassigned
P04388	unassigned
P04405	unassigned
P04640	convertase
P04717	unassigned
P04737	unassigned
P04739	unassigned
P04776	unassigned
P04822	unassigned
P04836	convertase
P04917	unassigned
P04925	unassigned
P04932	unassigned
P04933	unassigned
P04963	convertase
P04971	zymogen_protease
P05017	unassigned
P05019	unassigned
P05110	convertase
P05111	convertase
P05117	unassigned
P05125	convertase
P05154	unassigned
P05161	unassigned
P05164	unassigned
P05186	unassigned
P05187	unassigned
P05200	convertase
P05208	zymogen_protease
P05230	unassigned
P05305	convertase
P05431	unassigned
P05484	unassigned
P05533	unassigned
P05539	unassigned
P05620	zymogen_protease
P05769	convertase
P05997	unassigned
P06003	unassigned
P06181	convertase
P06281	zymogen_protease
P06296	convertase
P06298	convertase
P06299	convertase
P06300	convertase
P06307	convertase
P06575	unassigned
P06585	unassigned
P06596	zymogen_protease
P06623	unassigned
P06684	convertase
P06731	unassigned
P06750	unassigned
P06767	convertase
P06780	unassigned
P06781	unassigned
P06797	zymogen_protease
P06807	zymogen_protease
P06811	unassigned
P06850	convertase
P06865	zymogen_protease
P06867	convertase
P06868	convertase
P06870	zymogen_protease
P06875	zymogen_protease
P06881	convertase
P06883	convertase
P06915	unassigned
P06935	convertase
P07056	unassigned
P07140	unassigned
P07146	zymogen_protease
P07154	zymogen_protease
P07170	unassigned
P07224	convertase
P07225	convertase
P07231	convertase
P07255	convertase
P07267	zymogen_protease
P07268	zymogen_protease
P07288	zymogen_protease
P07339	zymogen_protease
P07357	convertase
P07358	unassigned
P07455	unassigned
P07456	convertase
P07477	zymogen_protease
P07478	zymogen_protease
P07492	convertase
P07499	unassigned
P07500	unassigned
P07501	unassigned
P07519	zymogen_protease
P07564	convertase
P07567	unassigned
P07570	zymogen_protease
P07572	zymogen_protease
P07584	zymogen_protease
P07585	unassigned
P07602	unassigned
P07647	zymogen_protease
P07662	zymogen_protease
P07686	zymogen_protease
P07688	zymogen_protease
P07692	unassigned
P07711	zymogen_protease
P07713	unassigned
P07720	convertase
P07724	convertase
P07753	unassigned
P07858	zymogen_protease
P07911	unassigned
P07987	unassigned
P07988	unassigned
P07994	convertase
P07995	convertase
P08001	zymogen_protease
P08021	convertase
P08025	unassigned
P08067	unassigned
P08120	unassigned
P08121	unassigned
P08122	unassigned
P08123	unassigned
P08134	unassigned
P08148	zymogen_protease
P08174	unassigned
P08176	zymogen_protease
P08217	zymogen_protease
P08218	zymogen_protease
P08246	zymogen_protease
P08252	unassigned
P08253	zymogen_protease
P08254	zymogen_protease
P08289	unassigned
P08306	unassigned
P08311	zymogen_protease
P08419	zymogen_protease
P08424	convertase
P08476	convertase
P08493	unassigned
P08556	unassigned
P08569	unassigned
P08571	unassigned
P08572	unassigned
P08582	unassigned
P08594	zymogen_protease
P08640	unassigned
P08641	convertase
P08642	unassigned
P08644	unassigned
P08645	unassigned
P08646	unassigned
P08647	unassigned
P08649	convertase
P08650	convertase
P08697	unassigned
P08709	convertase
P08796	unassigned
P08818	zymogen_protease
P08819	zymogen_protease
P08861	zymogen_protease
P08878	unassigned
P08882	zymogen_protease
P08883	zymogen_protease
P08884	zymogen_protease
P08897	zymogen_protease
P08928	unassigned
P08949	convertase
P08989	convertase
P09010	unassigned
P09038	unassigned
P09040	convertase
P09167	unassigned
P09230	convertase
P09232	zymogen_protease
P09237	zymogen_protease
P09238	zymogen_protease
P09240	convertase
P09242	unassigned
P09326	unassigned
P09487	unassigned
P09529	convertase
P09535	convertase
P09543	unassigned
P09545	unassigned
P09558	convertase
P09598	zymogen_protease
P09668	zymogen_protease
P09681	convertase
P09683	convertase
P09732	convertase
P09803	convertase
P09831	zymogen_protease
P09848	zymogen_protease
P09849	zymogen_protease
P09866	convertase
P09916	convertase
P09923	unassigned
P09936	zymogen_protease
P09958	convertase
P09971	convertase
P0A444	unassigned
P0A446	unassigned
P0A6G7	zymogen_protease
P0ABF1	unassigned
P0ACE0	unassigned
P0AD68	zymogen_protease
P0C0J0	zymogen_protease
P0C0J1	zymogen_protease
P0C0L4	convertase
P0C0L5	convertase
P0C0P6	convertase
P0C195	convertase
P0C1D0	unassigned
P0C1U8	zymogen_protease
P0C1W5	unassigned
P0C1W6	unassigned
P0C247	unassigned
P0C248	unassigned
P0C250	unassigned
P0C512	unassigned
P0C573	unassigned
P0C5B4	zymogen_protease
P0C625	unassigned
P0C692	unassigned
P0C699	unassigned
P0C6E4	zymogen_protease
P0C6E8	zymogen_protease
P0C6G7	unassigned
P0C6G9	unassigned
P0C6H2	unassigned
P0C6H3	unassigned
P0C6H5	unassigned
P0C6I1	unassigned
P0C6I5	unassigned
P0C6J0	unassigned
P0C6J2	unassigned
P0C6J3	unassigned
P0C6J4	unassigned
P0C6J5	unassigned
P0C6J6	unassigned
P0C7B0	zymogen_protease
P0C7P5	convertase
P0C828	unassigned
P0C8P9	unassigned
P0CB20	unassigned
P0CE79	zymogen_protease
P0CE80	zymogen_protease
P0CE82	zymogen_protease
P0CE83	zymogen_protease
P0CG03	zymogen_protease
P0CG37	unassigned
P0CG47	unassigned
P0CG48	unassigned
P0CG49	unassigned
P0CG51	unassigned
P0CG53	unassigned
P0CG63	unassigned
P0CH24	convertase
P0CH90	convertase
P0CS83	convertase
P0CS93	unassigned
P0CX80	unassigned
P0CX81	unassigned
P0CY26	convertase
P0CY27	convertase
P0CY28	convertase
P0CY29	convertase
P0CY32	unassigned
P0CY33	unassigned
P0CY66	unassigned
P0DD38	zymogen_protease
P0DJ06	convertase
P0DJ41	convertase
P0DJD7	zymogen_protease
P0DJD8	zymogen_protease
P0DJD9	zymogen_protease
P0DJI8	unassigned
P0DJM0	unassigned
P0DKL3	unassigned
P0DKU2	convertase
P0DKZ0	unassigned
P0DM21	unassigned
P0DM92	unassigned
P0DMB4	unassigned
P0DMB5	unassigned
P0DO76	unassigned
P0DOH7	convertase
P0DOH8	convertase
P0DOH9	convertase
P0DOK8	convertase
P0DP58	unassigned
P0DP60	unassigned
P0DPA6	unassigned
P0DPQ9	unassigned
P0DRL4	convertase
P0DRM4	convertase
P0DRM5	convertase
P0DRM6	convertase
P0DSP1	convertase
P0DY99	unassigned
P0DYB0	convertase
P10000	convertase
P10039	convertase
P10056	zymogen_protease
P10082	convertase
P10092	convertase
P10114	unassigned
P10144	zymogen_protease
P10252	unassigned
P10253	unassigned
P10279	unassigned
P10287	convertase
P10288	convertase
P10297	unassigned
P10301	unassigned
P10323	zymogen_protease
P10547	zymogen_protease
P10552	convertase
P10605	zymogen_protease
P10611	unassigned
P10631	convertase
P10674	unassigned
P10683	convertase
P10696	unassigned
P10731	convertase
P10749	unassigned
P10754	unassigned
P10761	convertase
P10763	unassigned
P10764	convertase
P10810	unassigned
P10833	unassigned
P10863	unassigned
P10960	unassigned
P10981	unassigned
P10984	unassigned
P10987	unassigned
P10997	convertase
P11032	zymogen_protease
P11048	unassigned
P11087	unassigned
P11214	convertase
P11233	unassigned
P11234	unassigned
P11247	unassigned
P11280	convertase
P11383	unassigned
P11384	convertase
P11477	unassigned
P11491	unassigned
P11541	unassigned
P11542	convertase
P11678	unassigned
P11685	unassigned
P11686	unassigned
P11827	unassigned
P11828	unassigned
P11885	convertase
P12019	unassigned
P12105	unassigned
P12107	unassigned
P12226	unassigned
P12256	zymogen_protease
P12259	zymogen_protease
P12272	convertase
P12544	zymogen_protease
P12545	zymogen_protease
P12547	zymogen_protease
P12643	convertase
P12644	convertase
P12645	convertase
P12729	unassigned
P12760	convertase
P12823	convertase
P12825	unassigned
P12830	convertase
P12838	unassigned
P12919	convertase
P12960	unassigned
P12968	convertase
P12969	convertase
P13085	convertase
P13109	unassigned
P13134	convertase
P13206	convertase
P13207	convertase
P13208	unassigned
P13233	unassigned
P13238	unassigned
P13265	unassigned
P13284	unassigned
P13385	unassigned
P13497	convertase
P13521	convertase
P13582	zymogen_protease
P13589	convertase
P13609	unassigned
P13725	convertase
P13727	unassigned
P13852	unassigned
P13856	unassigned
P13941	unassigned
P13942	unassigned
P13943	zymogen_protease
P13987	unassigned
P14091	zymogen_protease
P14138	convertase
P14151	unassigned
P14207	unassigned
P14250	zymogen_protease
P14269	unassigned
P14280	zymogen_protease
P14335	convertase
P14336	convertase
P14337	convertase
P14340	convertase
P14384	zymogen_protease
P14403	convertase
P14530	zymogen_protease
P14580	unassigned
P14581	unassigned
P14731	unassigned
P14732	unassigned
P14733	unassigned
P14738	unassigned
P14756	zymogen_protease
P14780	zymogen_protease
P14789	zymogen_protease
P14894	unassigned
P14904	zymogen_protease
P14925	convertase
P15064	unassigned
P15085	zymogen_protease
P15086	zymogen_protease
P15087	convertase
P15116	convertase
P15133	unassigned
P15153	unassigned
P15167	zymogen_protease
P15322	unassigned
P15328	unassigned
P15513	convertase
P15514	unassigned
P15655	unassigned
P15693	unassigned
P15812	unassigned
P15875	unassigned
P15926	zymogen_protease
P15945	zymogen_protease
P15946	zymogen_protease
P15947	zymogen_protease
P15948	zymogen_protease
P15949	zymogen_protease
P16033	unassigned
P16043	unassigned
P16225	unassigned
P16228	zymogen_protease
P16278	zymogen_protease
P16291	convertase
P16292	convertase
P16293	zymogen_protease
P16294	convertase
P16296	convertase
P16311	zymogen_protease
P16330	unassigned
P16396	zymogen_protease
P16444	zymogen_protease
P16499	unassigned
P16501	unassigned
P16519	convertase
P16545	unassigned
P16598	unassigned
P16613	convertase
P16636	unassigned
P16870	convertase
P16952	unassigned
P17081	unassigned
P17085	unassigned
P17099	unassigned
P17139	unassigned
P17260	unassigned
P17322	convertase
P17347	zymogen_protease
P17349	zymogen_protease
P17404	convertase
P17490	convertase
P17491	convertase
P17534	unassigned
P17655	zymogen_protease
P17715	convertase
P17727	unassigned
P17763	convertase
P17896	zymogen_protease
P17900	unassigned
P17977	zymogen_protease
P17981	unassigned
P17982	unassigned
P18075	unassigned
P18104	convertase
P18181	unassigned
P18242	zymogen_protease
P18254	unassigned
P18280	convertase
P18291	zymogen_protease
P18292	convertase
P18331	convertase
P18337	unassigned
P18356	convertase
P18430	unassigned
P18509	convertase
P18613	unassigned
P18852	unassigned
P18965	zymogen_protease
P19021	convertase
P19022	convertase
P19069	convertase
P19073	unassigned
P19110	convertase
P19121	unassigned
P19171	unassigned
P19218	unassigned
P19221	convertase
P19236	zymogen_protease
P19402	convertase
P19534	convertase
P19540	convertase
P19596	unassigned
P19597	unassigned
P19599	unassigned
P19637	convertase
P19660	unassigned
P19661	unassigned
P19813	unassigned
P19823	unassigned
P19827	unassigned
P19957	unassigned
P19971	unassigned
P20002	unassigned
P20003	unassigned
P20005	zymogen_protease
P20033	convertase
P20142	zymogen_protease
P20151	zymogen_protease
P20160	zymogen_protease
P20164	zymogen_protease
P20171	unassigned
P20181	convertase
P20231	zymogen_protease
P20239	convertase
P20305	unassigned
P20310	convertase
P20366	convertase
P20398	unassigned
P20481	convertase
P20618	unassigned
P20700	unassigned
P20718	zymogen_protease
P20722	convertase
P20783	convertase
P20800	convertase
P20816	unassigned
P20817	unassigned
P20827	unassigned
P20840	unassigned
P20863	convertase
P20908	unassigned
P20909	unassigned
P20918	convertase
P20974	unassigned
P21237	convertase
P21274	convertase
P21275	convertase
P21529	zymogen_protease
P21588	unassigned
P21589	unassigned
P21617	convertase
P21619	unassigned
P21661	convertase
P21692	zymogen_protease
P21754	convertase
P21786	convertase
P21793	unassigned
P21809	unassigned
P21810	unassigned
P21812	zymogen_protease
P21844	zymogen_protease
P21845	zymogen_protease
P21902	convertase
P21910	unassigned
P22003	convertase
P22004	convertase
P22005	convertase
P22063	unassigned
P22079	unassigned
P22129	unassigned
P22146	unassigned
P22223	convertase
P22226	unassigned
P22288	unassigned
P22304	zymogen_protease
P22338	convertase
P22355	unassigned
P22387	convertase
P22388	convertase
P22389	convertase
P22412	zymogen_protease
P22457	convertase
P22466	convertase
P22725	unassigned
P22748	unassigned
P22757	zymogen_protease
P22858	convertase
P22891	convertase
P22894	zymogen_protease
P22923	convertase
P22981	unassigned
P23026	unassigned
P23093	unassigned
P23097	zymogen_protease
P23188	convertase
P23359	unassigned
P23363	convertase
P23377	convertase
P23439	unassigned
P23440	unassigned
P23472	unassigned
P23491	convertase
P23515	unassigned
P23560	convertase
P23578	zymogen_protease
P23582	convertase
P23613	unassigned
P23631	convertase
P23694	zymogen_protease
P23695	convertase
P23724	unassigned
P23776	convertase
P23780	zymogen_protease
P23907	unassigned
P23943	convertase
P23946	zymogen_protease
P24091	unassigned
P24158	zymogen_protease
P24259	unassigned
P24268	zymogen_protease
P24338	unassigned
P24347	convertase
P24393	convertase
P24406	unassigned
P24492	unassigned
P24807	unassigned
P24822	unassigned
P24823	unassigned
P24856	unassigned
P24936	unassigned
P25031	unassigned
P25043	zymogen_protease
P25062	unassigned
P25063	unassigned
P25116	unassigned
P25155	convertase
P25250	zymogen_protease
P25291	unassigned
P25349	unassigned
P25374	unassigned
P25378	unassigned
P25427	convertase
P25428	convertase
P25491	unassigned
P25653	unassigned
P25686	unassigned
P25723	convertase
P25773	zymogen_protease
P25774	zymogen_protease
P25779	zymogen_protease
P25805	zymogen_protease
P25810	unassigned
P25918	unassigned
P25975	zymogen_protease
P26016	convertase
P26214	zymogen_protease
P26660	zymogen_protease
P26661	zymogen_protease
P26662	zymogen_protease
P26663	zymogen_protease
P26664	zymogen_protease
P26779	convertase
P26824	unassigned
P26992	unassigned
P27064	unassigned
P27091	convertase
P27092	unassigned
P27093	convertase
P27104	unassigned
P27106	unassigned
P27177	unassigned
P27197	unassigned
P27213	unassigned
P27274	unassigned
P27395	convertase
P27435	zymogen_protease
P27502	zymogen_protease
P27539	convertase
P27590	unassigned
P27596	unassigned
P27654	unassigned
P27664	unassigned
P27909	convertase
P27912	convertase
P27913	convertase
P27915	convertase
P27954	unassigned
P27955	unassigned
P27956	unassigned
P27957	unassigned
P27958	zymogen_protease
P27959	unassigned
P27960	unassigned
P27961	unassigned
P28039	zymogen_protease
P28053	zymogen_protease
P28061	zymogen_protease
P28062	zymogen_protease
P28063	zymogen_protease
P28065	zymogen_protease
P28070	unassigned
P28072	zymogen_protease
P28073	zymogen_protease
P28074	zymogen_protease
P28075	zymogen_protease
P28076	zymogen_protease
P28077	zymogen_protease
P28293	zymogen_protease
P28296	zymogen_protease
P28300	unassigned
P28301	unassigned
P28309	unassigned
P28310	unassigned
P28311	unassigned
P28319	unassigned
P28327	unassigned
P28481	unassigned
P28576	convertase
P28653	unassigned
P28654	unassigned
P28656	unassigned
P28800	unassigned
P28825	zymogen_protease
P28826	zymogen_protease
P28840	convertase
P28841	convertase
P28862	zymogen_protease
P28880	unassigned
P29001	zymogen_protease
P29026	zymogen_protease
P29027	zymogen_protease
P29068	zymogen_protease
P29119	convertase
P29120	convertase
P29121	convertase
P29122	convertase
P29141	zymogen_protease
P29165	convertase
P29293	zymogen_protease
P29416	zymogen_protease
P29452	zymogen_protease
P29466	zymogen_protease
P29560	convertase
P29594	zymogen_protease
P29595	unassigned
P29717	convertase
P29794	convertase
P29837	convertase
P29838	convertase
P29846	zymogen_protease
P29957	unassigned
P29990	convertase
P29991	convertase
P29996	unassigned
P30026	convertase
P30403	zymogen_protease
P30430	convertase
P30431	zymogen_protease
P30432	convertase
P30558	unassigned
P30561	unassigned
P30617	unassigned
P30656	zymogen_protease
P30657	unassigned
P30714	unassigned
P30836	unassigned
P30885	convertase
P30944	convertase
P31021	unassigned
P31107	convertase
P31178	zymogen_protease
P31240	convertase
P31358	unassigned
P31371	unassigned
P31394	convertase
P31428	zymogen_protease
P31429	zymogen_protease
P31430	zymogen_protease
P31689	unassigned
P31837	convertase
P31838	convertase
P31944	zymogen_protease
P31955	unassigned
P31997	unassigned
P32019	unassigned
P32038	zymogen_protease
P32089	unassigned
P32252	unassigned
P32253	unassigned
P32254	unassigned
P32323	unassigned
P32329	convertase
P32455	unassigned
P32456	unassigned
P32478	convertase
P32623	unassigned
P32648	convertase
P32736	unassigned
P32768	unassigned
P32883	unassigned
P32886	convertase
P32926	convertase
P33072	unassigned
P33146	convertase
P33147	convertase
P33148	convertase
P33150	convertase
P33151	convertase
P33186	unassigned
P33287	unassigned
P33378	zymogen_protease
P33432	unassigned
P33434	zymogen_protease
P33435	zymogen_protease
P33436	zymogen_protease
P33478	convertase
P33515	convertase
P33587	convertase
P33712	unassigned
P33726	unassigned
P34004	unassigned
P34007	unassigned
P34067	unassigned
P34098	zymogen_protease
P34115	unassigned
P34116	unassigned
P34130	convertase
P34144	unassigned
P34145	unassigned
P34146	unassigned
P34148	unassigned
P34149	unassigned
P34165	unassigned
P34166	unassigned
P34182	zymogen_protease
P34226	unassigned
P34821	unassigned
P34822	convertase
P34960	zymogen_protease
P35030	zymogen_protease
P35052	unassigned
P35053	unassigned
P35070	unassigned
P35230	unassigned
P35231	unassigned
P35280	unassigned
P35282	unassigned
P35286	unassigned
P35288	unassigned
P35293	unassigned
P35318	convertase
P35433	unassigned
P35456	unassigned
P35555	unassigned
P35556	unassigned
P35621	convertase
P35747	convertase
P35765	convertase
P35835	zymogen_protease
P35846	unassigned
P35869	unassigned
P35913	unassigned
P36015	unassigned
P36060	unassigned
P36170	unassigned
P36184	zymogen_protease
P36193	convertase
P36217	unassigned
P36218	unassigned
P36364	unassigned
P36368	zymogen_protease
P36369	zymogen_protease
P36373	zymogen_protease
P36375	zymogen_protease
P36775	zymogen_protease
P36860	unassigned
P38040	unassigned
P38182	unassigned
P38248	unassigned
P38567	unassigned
P38568	unassigned
P38571	unassigned
P38624	zymogen_protease
P38704	zymogen_protease
P38836	unassigned
P38844	unassigned
P38894	unassigned
P39038	convertase
P39045	zymogen_protease
P39105	unassigned
P39898	zymogen_protease
P39899	zymogen_protease
P39900	zymogen_protease
P39905	convertase
P40147	convertase
P40148	convertase
P40199	unassigned
P40244	unassigned
P40252	unassigned
P40306	zymogen_protease
P40682	unassigned
P40792	unassigned
P40793	unassigned
P40855	unassigned
P40933	unassigned
P40953	unassigned
P41221	unassigned
P41245	zymogen_protease
P41246	zymogen_protease
P41413	convertase
P41534	convertase
P41535	convertase
P41539	convertase
P41540	convertase
P41585	convertase
P41694	convertase
P41738	unassigned
P41740	unassigned
P41855	convertase
P41964	unassigned
P42098	convertase
P42099	convertase
P42210	zymogen_protease
P42565	convertase
P42573	zymogen_protease
P42574	zymogen_protease
P42575	zymogen_protease
P42662	zymogen_protease
P42785	zymogen_protease
P42790	zymogen_protease
P42825	unassigned
P42835	unassigned
P42854	unassigned
P43021	convertase
P43026	convertase
P43027	convertase
P43028	convertase
P43029	convertase
P43032	convertase
P43076	unassigned
P43094	convertase
P43096	convertase
P43119	unassigned
P43145	convertase
P43234	zymogen_protease
P43235	zymogen_protease
P43252	unassigned
P43253	unassigned
P43296	zymogen_protease
P43297	zymogen_protease
P43322	unassigned
P43353	unassigned
P43434	zymogen_protease
P43477	zymogen_protease
P43497	unassigned
P43508	zymogen_protease
P43527	zymogen_protease
P43648	unassigned
P45436	zymogen_protease
P45452	zymogen_protease
P45453	unassigned
P45658	unassigned
P45697	unassigned
P46075	zymogen_protease
P46076	convertase
P46085	unassigned
P46158	unassigned
P46593	unassigned
P46629	unassigned
P46638	unassigned
P46844	unassigned
P46881	unassigned
P46925	zymogen_protease
P47001	convertase
P47002	zymogen_protease
P47033	unassigned
P47178	unassigned
P47212	convertase
P47932	convertase
P47969	convertase
P47983	convertase
P47984	convertase
P48030	unassigned
P48052	zymogen_protease
P48143	convertase
P48148	unassigned
P48183	unassigned
P48284	unassigned
P48299	convertase
P48346	unassigned
P48448	unassigned
P48540	convertase
P48554	unassigned
P48555	unassigned
P48645	convertase
P48678	unassigned
P48679	unassigned
P48756	convertase
P48794	unassigned
P48798	unassigned
P48800	unassigned
P48829	convertase
P48830	convertase
P48831	convertase
P48832	convertase
P48833	convertase
P49000	unassigned
P49001	convertase
P49003	convertase
P49012	convertase
P49046	zymogen_protease
P49065	convertase
P49126	unassigned
P49290	unassigned
P49454	unassigned
P49616	unassigned
P49662	zymogen_protease
P49767	convertase
P49822	convertase
P49862	zymogen_protease
P49863	zymogen_protease
P49864	zymogen_protease
P49913	convertase
P49927	unassigned
P49935	zymogen_protease
P50103	zymogen_protease
P50150	unassigned
P50151	unassigned
P50175	convertase
P50280	zymogen_protease
P50281	convertase
P50282	zymogen_protease
P50339	zymogen_protease
P50593	unassigned
P50715	unassigned
P50757	zymogen_protease
P50982	unassigned
P50983	convertase
P51124	zymogen_protease
P51153	unassigned
P51157	unassigned
P51158	unassigned
P51160	unassigned
P51437	unassigned
P51457	unassigned
P51459	convertase
P51460	convertase
P51511	convertase
P51512	convertase
P51516	unassigned
P51517	zymogen_protease
P51518	zymogen_protease
P51559	convertase
P51641	unassigned
P51653	unassigned
P51654	unassigned
P51655	unassigned
P51740	unassigned
P51765	unassigned
P51865	unassigned
P51878	zymogen_protease
P52113	unassigned
P52176	zymogen_protease
P52198	unassigned
P52307	unassigned
P52407	unassigned
P52498	unassigned
P52700	unassigned
P52731	unassigned
P52793	unassigned
P52797	unassigned
P52798	unassigned
P52801	unassigned
P52803	unassigned
P52823	unassigned
P52826	unassigned
P52961	unassigned
P53004	unassigned
P53007	unassigned
P53140	unassigned
P53219	unassigned
P53301	unassigned
P53334	convertase
P53347	convertase
P53366	convertase
P53379	zymogen_protease
P53501	unassigned
P53634	zymogen_protease
P53690	convertase
P53785	convertase
P53786	convertase
P53813	convertase
P53872	unassigned
P53879	unassigned
P54130	unassigned
P54422	zymogen_protease
P54423	zymogen_protease
P54602	unassigned
P54631	convertase
P54660	unassigned
P54826	unassigned
P54958	zymogen_protease
P55085	unassigned
P55086	unassigned
P55089	convertase
P55090	convertase
P55095	convertase
P55097	zymogen_protease
P55102	convertase
P55105	unassigned
P55107	convertase
P55108	convertase
P55206	convertase
P55207	convertase
P55209	unassigned
P55210	zymogen_protease
P55211	zymogen_protease
P55212	zymogen_protease
P55213	zymogen_protease
P55214	zymogen_protease
P55215	zymogen_protease
P55258	unassigned
P55259	unassigned
P55280	convertase
P55283	convertase
P55284	convertase
P55285	convertase
P55286	convertase
P55287	convertase
P55288	convertase
P55289	convertase
P55290	convertase
P55291	convertase
P55292	convertase
P55330	unassigned
P55849	convertase
P55850	convertase
P55853	unassigned
P55854	unassigned
P55956	zymogen_protease
P56159	unassigned
P56174	convertase
P56202	zymogen_protease
P56473	unassigned
P56488	unassigned
P56633	unassigned
P56636	unassigned
P56638	unassigned
P56674	zymogen_protease
P56778	unassigned
P56817	zymogen_protease
P56818	zymogen_protease
P56819	zymogen_protease
P56974	unassigned
P57735	unassigned
P57748	zymogen_protease
P58019	unassigned
P58397	convertase
P58514	unassigned
P58604	unassigned
P58786	unassigned
P58806	unassigned
P58808	unassigned
P58811	unassigned
P58913	convertase
P58920	unassigned
P59384	convertase
P59509	convertase
P59510	convertase
P59511	convertase
P59665	unassigned
P59666	unassigned
P59768	unassigned
P59888	zymogen_protease
P59996	zymogen_protease
P60022	unassigned
P60041	convertase
P60042	convertase
P60043	unassigned
P60044	unassigned
P60274	unassigned
P60517	unassigned
P60519	unassigned
P60520	unassigned
P60521	unassigned
P60590	unassigned
P60755	unassigned
P60756	unassigned
P60763	unassigned
P60764	unassigned
P60766	unassigned
P60852	convertase
P60924	unassigned
P60952	unassigned
P60953	unassigned
P61006	unassigned
P61007	unassigned
P61028	unassigned
P61103	convertase
P61148	unassigned
P61149	unassigned
P61223	unassigned
P61224	unassigned
P61225	unassigned
P61226	unassigned
P61227	unassigned
P61278	convertase
P61312	convertase
P61516	convertase
P61585	unassigned
P61586	unassigned
P61587	unassigned
P61588	unassigned
P61589	unassigned
P61768	unassigned
P61849	convertase
P61855	convertase
P61869	zymogen_protease
P61870	zymogen_protease
P61871	convertase
P61872	convertase
P61914	convertase
P61952	unassigned
P61956	unassigned
P61957	unassigned
P61959	unassigned
P61960	unassigned
P61961	unassigned
P62070	unassigned
P62490	unassigned
P62491	unassigned
P62492	unassigned
P62493	unassigned
P62494	unassigned
P62745	unassigned
P62746	unassigned
P62747	unassigned
P62833	unassigned
P62834	unassigned
P62835	unassigned
P62836	unassigned
P62903	unassigned
P62998	unassigned
P62999	unassigned
P63000	unassigned
P63001	unassigned
P63032	unassigned
P63033	unassigned
P63036	unassigned
P63037	unassigned
P63153	convertase
P63165	unassigned
P63166	unassigned
P63186	zymogen_protease
P63211	unassigned
P63212	unassigned
P63215	unassigned
P63218	unassigned
P63239	convertase
P63240	convertase
P63292	unassigned
P63320	unassigned
P63321	unassigned
P63322	unassigned
P67861	unassigned
P67863	unassigned
P67970	convertase
P67986	unassigned
P67992	unassigned
P67997	unassigned
P68259	convertase
P68425	unassigned
P68500	unassigned
P68515	convertase
P68577	unassigned
P68593	unassigned
P68827	zymogen_protease
P68885	zymogen_protease
P68950	unassigned
P68951	unassigned
P69019	convertase
P69192	zymogen_protease
P69193	zymogen_protease
P69327	convertase
P69328	convertase
P69391	unassigned
P69560	unassigned
P69657	unassigned
P69747	convertase
P69929	convertase
P70160	convertase
P70180	unassigned
P70195	zymogen_protease
P70269	zymogen_protease
P70343	zymogen_protease
P70375	convertase
P70380	unassigned
P70407	convertase
P70408	convertase
P70458	unassigned
P70505	zymogen_protease
P70550	unassigned
P70615	unassigned
P70677	zymogen_protease
P70699	unassigned
P72194	zymogen_protease
P73069	unassigned
P78329	unassigned
P78333	unassigned
P78536	convertase
P78735	zymogen_protease
P79076	unassigned
P79110	unassigned
P79141	unassigned
P79331	convertase
P79728	unassigned
P79762	convertase
P79874	convertase
P79953	zymogen_protease
P80009	zymogen_protease
P80010	zymogen_protease
P80012	convertase
P80015	zymogen_protease
P80025	convertase
P80065	zymogen_protease
P80067	zymogen_protease
P80219	zymogen_protease
P80236	unassigned
P80470	unassigned
P80550	unassigned
P80561	zymogen_protease
P80884	zymogen_protease
P80966	unassigned
P81054	zymogen_protease
P81160	unassigned
P81172	convertase
P81204	unassigned
P81278	convertase
P81297	zymogen_protease
P81428	convertase
P81446	unassigned
P81605	zymogen_protease
P81615	convertase
P81694	unassigned
P81755	unassigned
P81829	convertase
P82270	unassigned
P82271	unassigned
P82476	convertase
P82600	convertase
P82683	unassigned
P82705	unassigned
P82706	unassigned
P82807	convertase
P82993	unassigned
P83080	convertase
P83253	unassigned
P83303	unassigned
P83370	zymogen_protease
P83512	zymogen_protease
P83561	unassigned
P83748	zymogen_protease
P83755	unassigned
P83831	unassigned
P83860	unassigned
P83912	zymogen_protease
P83919	unassigned
P83947	unassigned
P83967	unassigned
P84095	unassigned
P84096	unassigned
P84189	unassigned
P84348	convertase
P84349	convertase
P84350	convertase
P84715	unassigned
P84845	convertase
P85013	convertase
P85171	unassigned
P85857	convertase
P85886	unassigned
P86013	unassigned
P86146	unassigned
P86147	unassigned
P86392	zymogen_protease
P86471	unassigned
P86475	unassigned
P86476	unassigned
P86546	convertase
P86547	convertase
P86716	unassigned
P86899	unassigned
P87252	unassigned
P89951	unassigned
P90820	unassigned
P91793	convertase
P91863	convertase
P91889	convertase
P91953	zymogen_protease
P92172	convertase
P92978	unassigned
P93198	unassigned
P94416	unassigned
P95493	zymogen_protease
P97291	convertase
P97297	convertase
P97326	convertase
P97348	unassigned
P97463	unassigned
P97467	convertase
P97553	unassigned
P97574	unassigned
P97604	unassigned
P97605	unassigned
P97636	unassigned
P97708	convertase
P97737	convertase
P97766	unassigned
P97785	unassigned
P97821	zymogen_protease
P97857	convertase
P97864	zymogen_protease
P97873	convertase
P97946	convertase
P97953	convertase
P98060	convertase
P98063	convertase
P98070	convertase
P98074	zymogen_protease
P98131	unassigned
P98133	unassigned
P99026	unassigned
P9WEW3	zymogen_protease
P9WHT9	zymogen_protease
P9WK09	unassigned
P9WMK7	unassigned
Q00193	convertase
Q00202	unassigned
Q00245	unassigned
Q00246	unassigned
Q00269	zymogen_protease
Q00493	convertase
Q00514	unassigned
Q00515	unassigned
Q00516	unassigned
Q00517	unassigned
Q007T2	unassigned
Q00829	unassigned
Q00947	zymogen_protease
Q00981	zymogen_protease
Q00991	unassigned
Q01107	convertase
Q01112	unassigned
Q01129	unassigned
Q01149	unassigned
Q01177	convertase
Q01299	convertase
Q01403	unassigned
Q01404	unassigned
Q01514	unassigned
Q01524	unassigned
Q01532	zymogen_protease
Q01580	unassigned
Q01589	unassigned
Q01594	unassigned
Q01662	zymogen_protease
Q01721	unassigned
Q01819	unassigned
Q01957	zymogen_protease
Q01958	zymogen_protease
Q01972	zymogen_protease
Q02224	unassigned
Q02246	unassigned
Q02297	unassigned
Q02401	zymogen_protease
Q02413	convertase
Q02487	convertase
Q02765	zymogen_protease
Q02815	unassigned
Q02844	zymogen_protease
Q02853	convertase
Q02928	unassigned
Q02936	zymogen_protease
Q03023	zymogen_protease
Q03178	convertase
Q03180	convertase
Q03206	unassigned
Q03252	unassigned
Q03405	unassigned
Q03463	zymogen_protease
Q03556	unassigned
Q03655	unassigned
Q03674	unassigned
Q03763	convertase
Q04119	zymogen_protease
Q04538	convertase
Q04592	convertase
Q04618	convertase
Q04756	zymogen_protease
Q04906	convertase
Q04951	convertase
Q04970	unassigned
Q04997	convertase
Q04998	convertase
Q04999	convertase
Q05028	convertase
Q05031	unassigned
Q05062	unassigned
Q05063	unassigned
Q05144	unassigned
Q05164	unassigned
Q05495	unassigned
Q05588	unassigned
Q05744	zymogen_protease
Q05777	unassigned
Q058G9	unassigned
Q05915	unassigned
Q05927	unassigned
Q05928	unassigned
Q05957	unassigned
Q05996	convertase
Q06033	unassigned
Q06135	unassigned
Q06141	unassigned
Q06145	convertase
Q06175	unassigned
Q06186	unassigned
Q06605	zymogen_protease
Q06826	convertase
Q06902	zymogen_protease
Q06AU2	unassigned
Q06PM8	convertase
Q07009	zymogen_protease
Q07104	unassigned
Q07105	convertase
Q07212	unassigned
Q07287	convertase
Q072L5	zymogen_protease
Q072L6	zymogen_protease
Q07418	unassigned
Q07488	unassigned
Q07490	unassigned
Q074N0	convertase
Q07731	convertase
Q07932	unassigned
Q07983	unassigned
Q08002	zymogen_protease
Q08108	unassigned
Q08169	zymogen_protease
Q08193	unassigned
Q08279	convertase
Q08397	convertase
Q08406	unassigned
Q08535	convertase
Q08537	convertase
Q08554	convertase
Q08601	zymogen_protease
Q08890	zymogen_protease
Q09118	unassigned
Q09175	convertase
Q09180	convertase
Q09490	unassigned
Q09914	unassigned
Q09PK2	zymogen_protease
Q0EAE5	convertase
Q0NZX5	zymogen_protease
Q0PMG2	unassigned
Q0V8B6	zymogen_protease
Q0V8R6	zymogen_protease
Q0VC44	convertase
Q0VGK0	unassigned
Q0WUG6	zymogen_protease
Q10133	unassigned
Q10464	unassigned
Q10588	unassigned
Q10589	unassigned
Q10738	zymogen_protease
Q10739	convertase
Q10741	convertase
Q10743	convertase
Q10749	zymogen_protease
Q10998	unassigned
Q12039	unassigned
Q12062	unassigned
Q12120	zymogen_protease
Q12127	unassigned
Q12303	convertase
Q12306	unassigned
Q12355	unassigned
Q12408	unassigned
Q12567	zymogen_protease
Q12680	zymogen_protease
Q12836	convertase
Q12860	unassigned
Q12882	unassigned
Q12891	unassigned
Q12974	unassigned
Q13219	zymogen_protease
Q13286	unassigned
Q13319	unassigned
Q13421	convertase
Q13444	convertase
Q13449	unassigned
Q13508	unassigned
Q13519	convertase
Q13634	convertase
Q13790	unassigned
Q13822	convertase
Q14002	unassigned
Q14116	unassigned
Q14126	convertase
Q14154	unassigned
Q14210	unassigned
Q14242	convertase
Q14574	convertase
Q14624	unassigned
Q14642	unassigned
Q14703	zymogen_protease
Q14790	zymogen_protease
Q14982	unassigned
Q14BU0	unassigned
Q14BX2	zymogen_protease
Q14FJ4	zymogen_protease
Q15382	unassigned
Q15661	zymogen_protease
Q15669	unassigned
Q15771	unassigned
Q15831	unassigned
Q15835	unassigned
Q15843	unassigned
Q15904	unassigned
Q15907	unassigned
Q16549	convertase
Q16553	unassigned
Q16651	zymogen_protease
Q16661	unassigned
Q16819	zymogen_protease
Q16820	zymogen_protease
Q16992	convertase
Q17031	unassigned
Q17QB7	unassigned
Q17R06	unassigned
Q17SB3	zymogen_protease
Q18020	zymogen_protease
Q18502	convertase
Q18806	unassigned
Q18DC8	zymogen_protease
Q18DC9	zymogen_protease
Q19165	convertase
Q19204	zymogen_protease
Q19791	zymogen_protease
Q1EHB3	convertase
Q1ELU4	unassigned
Q1ELU5	unassigned
Q1I8U1	zymogen_protease
Q1JPA0	unassigned
Q1KLR6	zymogen_protease
Q1KVU8	unassigned
Q1L777	unassigned
Q1LW01	zymogen_protease
Q1MX22	convertase
Q1PHZ4	zymogen_protease
Q1W694	zymogen_protease
Q1W695	zymogen_protease
Q1X880	convertase
Q1X881	convertase
Q20930	convertase
Q21059	convertase
Q21156	convertase
Q21432	convertase
Q21443	unassigned
Q22038	unassigned
Q23212	convertase
Q23490	unassigned
Q23862	unassigned
Q24049	convertase
Q24114	unassigned
Q24192	unassigned
Q24238	unassigned
Q24298	convertase
Q24372	unassigned
Q24395	unassigned
Q24814	unassigned
Q24816	unassigned
Q24940	zymogen_protease
Q25413	convertase
Q26377	convertase
Q26464	unassigned
Q27081	zymogen_protease
Q27451	zymogen_protease
Q27452	zymogen_protease
Q27601	unassigned
Q27913	unassigned
Q27971	zymogen_protease
Q27J47	zymogen_protease
Q27J49	convertase
Q27Q52	unassigned
Q28024	unassigned
Q28107	zymogen_protease
Q28193	convertase
Q28198	convertase
Q28278	convertase
Q28295	convertase
Q28315	convertase
Q28380	convertase
Q28397	zymogen_protease
Q28661	convertase
Q28680	unassigned
Q28943	unassigned
Q28944	zymogen_protease
Q29016	unassigned
Q29451	zymogen_protease
Q29467	unassigned
Q29486	unassigned
Q29607	convertase
Q29611	unassigned
Q29AA9	zymogen_protease
Q29W19	convertase
Q2EF74	unassigned
Q2F9P2	convertase
Q2F9P4	convertase
Q2FUW1	unassigned
Q2FZE9	unassigned
Q2FZL2	zymogen_protease
Q2G015	unassigned
Q2HJ23	unassigned
Q2HJ40	zymogen_protease
Q2HJA4	unassigned
Q2KIG3	zymogen_protease
Q2KJ15	convertase
Q2KJ93	unassigned
Q2KJH1	convertase
Q2KJI7	zymogen_protease
Q2LD49	zymogen_protease
Q2MJV8	unassigned
Q2PAY4	unassigned
Q2TA29	unassigned
Q2U1F3	zymogen_protease
Q2UBH5	unassigned
Q2UHL4	zymogen_protease
Q2UVH8	zymogen_protease
Q2VG86	convertase
Q2VL88	unassigned
Q2XQ09	zymogen_protease
Q2YHF0	convertase
Q2YHF2	convertase
Q32ZD4	convertase
Q32ZD5	convertase
Q32ZD7	convertase
Q32ZE0	convertase
Q32ZE1	convertase
Q38902	unassigned
Q38912	unassigned
Q38919	unassigned
Q38937	unassigned
Q39041	zymogen_protease
Q39547	zymogen_protease
Q3BDI7	convertase
Q3E880	unassigned
Q3EBM6	unassigned
Q3ECM0	unassigned
Q3MHP2	unassigned
Q3SZD1	unassigned
Q3SZM7	zymogen_protease
Q3SZN3	zymogen_protease
Q3T0I2	zymogen_protease
Q3TTE0	unassigned
Q3U435	zymogen_protease
Q3U5C7	unassigned
Q3U962	unassigned
Q3ULF4	zymogen_protease
Q3V140	unassigned
Q3ZBW5	unassigned
Q3ZC64	unassigned
Q3ZD69	unassigned
Q3ZPT5	zymogen_protease
Q40642	unassigned
Q40772	unassigned
Q41142	unassigned
Q41233	unassigned
Q43348	zymogen_protease
Q46085	zymogen_protease
Q48R29	zymogen_protease
Q499S5	convertase
Q49HM9	unassigned
Q49QW1	zymogen_protease
Q4AEG6	convertase
Q4CUJ8	unassigned
Q4GWU5	unassigned
Q4JEI2	unassigned
Q4KM35	zymogen_protease
Q4QEZ7	unassigned
Q4R1C4	unassigned
Q4R1S0	unassigned
Q4R1S8	unassigned
Q4R4R6	unassigned
Q4R4S5	unassigned
Q4R5P1	unassigned
Q4R9D4	unassigned
Q4V3D2	zymogen_protease
Q4V4I9	unassigned
Q4VM07	zymogen_protease
Q4VM08	zymogen_protease
Q4WI46	unassigned
Q4WLB9	unassigned
Q4ZFU2	zymogen_protease
Q504J1	zymogen_protease
Q51817	zymogen_protease
Q52085	unassigned
Q52NJ1	unassigned
Q53079	zymogen_protease
Q53083	zymogen_protease
Q53653	unassigned
Q53I06	convertase
Q53RT3	zymogen_protease
Q54875	zymogen_protease
Q55BW0	unassigned
Q55CT0	zymogen_protease
Q55GJ6	zymogen_protease
Q55U20	unassigned
Q56F26	unassigned
Q56JV3	unassigned
Q56VR3	convertase
Q56WV9	convertase
Q570K8	convertase
Q571V3	convertase
Q585F3	zymogen_protease
Q58D68	unassigned
Q58DS5	unassigned
Q58HT7	convertase
Q58L91	unassigned
Q58L94	convertase
Q58L96	convertase
Q59589	unassigned
Q59947	zymogen_protease
Q59986	zymogen_protease
Q59HN7	unassigned
Q59KZ1	zymogen_protease
Q59L12	unassigned
Q59SU1	convertase
Q59TP1	unassigned
Q59UP6	unassigned
Q59UT4	unassigned
Q59UT5	unassigned
Q59VH7	convertase
Q59XU5	unassigned
Q59Y31	unassigned
Q5A2Z7	unassigned
Q5A312	unassigned
Q5A343	unassigned
Q5A5U4	unassigned
Q5A651	convertase
Q5A8N2	convertase
Q5A8T4	unassigned
Q5A8T7	unassigned
Q5AAL9	unassigned
Q5AC08	convertase
Q5ACV9	unassigned
Q5ACZ2	unassigned
Q5AD05	unassigned
Q5AD07	unassigned
Q5ADS0	unassigned
Q5AEM6	convertase
Q5AF39	unassigned
Q5AF41	unassigned
Q5AFA2	unassigned
Q5AFN8	unassigned
Q5AJC0	unassigned
Q5AJY5	unassigned
Q5AK54	unassigned
Q5AL03	unassigned
Q5AL16	zymogen_protease
Q5ANI6	zymogen_protease
Q5AP52	unassigned
Q5AUT0	unassigned
Q5BJN8	unassigned
Q5BKW7	unassigned
Q5D1D6	unassigned
Q5E946	zymogen_protease
Q5E954	unassigned
Q5E9C1	zymogen_protease
Q5EB77	unassigned
Q5EG65	zymogen_protease
Q5EGY4	unassigned
Q5EHP3	unassigned
Q5F470	unassigned
Q5F676	zymogen_protease
Q5G234	unassigned
Q5G290	unassigned
Q5G291	unassigned
Q5GC92	convertase
Q5I0H3	unassigned
Q5I2N3	zymogen_protease
Q5IS54	zymogen_protease
Q5IS69	unassigned
Q5IS74	zymogen_protease
Q5IS99	zymogen_protease
Q5JIZ5	zymogen_protease
Q5JQC9	unassigned
Q5K4E3	zymogen_protease
Q5KTJ6	unassigned
Q5MCS0	zymogen_protease
Q5MJS3	unassigned
Q5NVH5	convertase
Q5NVQ3	unassigned
Q5QNQ9	unassigned
Q5R4A3	unassigned
Q5R6D1	zymogen_protease
Q5R988	unassigned
Q5R9M7	unassigned
Q5R9X1	convertase
Q5RAX1	convertase
Q5RB45	unassigned
Q5RBE1	unassigned
Q5RC84	zymogen_protease
Q5RDG8	unassigned
Q5RDM6	unassigned
Q5RES1	convertase
Q5REY6	unassigned
Q5RFL1	zymogen_protease
Q5RLZ1	zymogen_protease
Q5SSG5	unassigned
Q5SW46	unassigned
Q5T4W7	unassigned
Q5TCH4	unassigned
Q5UB51	convertase
Q5UCB8	convertase
Q5VW32	unassigned
Q5VY80	unassigned
Q5W959	zymogen_protease
Q5W9R9	zymogen_protease
Q5WPU5	convertase
Q5X9P3	zymogen_protease
Q5XF51	zymogen_protease
Q5XI42	unassigned
Q5XJ36	zymogen_protease
Q5XUW8	zymogen_protease
Q5ZJN2	unassigned
Q60106	zymogen_protease
Q60411	unassigned
Q60415	unassigned
Q60431	zymogen_protease
Q60506	unassigned
Q60541	convertase
Q60662	unassigned
Q60692	zymogen_protease
Q60718	unassigned
Q60813	zymogen_protease
Q60935	unassigned
Q60HH0	unassigned
Q60HH1	zymogen_protease
Q60I18	unassigned
Q61012	unassigned
Q61016	unassigned
Q61096	zymogen_protease
Q61124	unassigned
Q61139	convertase
Q61207	unassigned
Q61245	unassigned
Q61247	unassigned
Q61330	unassigned
Q61411	unassigned
Q61419	unassigned
Q61468	convertase
Q61475	unassigned
Q61495	convertase
Q61503	unassigned
Q61521	unassigned
Q61554	unassigned
Q61555	unassigned
Q61759	zymogen_protease
Q61824	convertase
Q61839	convertase
Q61847	zymogen_protease
Q61955	zymogen_protease
Q62005	convertase
Q62159	unassigned
Q62170	convertase
Q62625	unassigned
Q62636	unassigned
Q62639	unassigned
Q62718	unassigned
Q62813	unassigned
Q62845	unassigned
Q62849	convertase
Q62923	convertase
Q62997	unassigned
Q63072	unassigned
Q63180	unassigned
Q63198	unassigned
Q63202	unassigned
Q63207	convertase
Q63264	unassigned
Q63341	zymogen_protease
Q63415	convertase
Q63645	unassigned
Q63651	unassigned
Q63663	unassigned
Q63691	unassigned
Q63739	unassigned
Q63912	unassigned
Q64194	unassigned
Q641X3	zymogen_protease
Q64230	zymogen_protease
Q64253	unassigned
Q64277	unassigned
Q64280	unassigned
Q64339	unassigned
Q64387	convertase
Q64444	unassigned
Q64610	convertase
Q64739	unassigned
Q64896	unassigned
Q65Z15	convertase
Q66H70	unassigned
Q66IA6	unassigned
Q67876	unassigned
Q68749	zymogen_protease
Q68798	zymogen_protease
Q68801	zymogen_protease
Q68AP4	unassigned
Q68SA9	convertase
Q68SP4	convertase
Q698K8	zymogen_protease
Q69Z26	unassigned
Q6AXT5	unassigned
Q6BEG6	unassigned
Q6BEG7	unassigned
Q6DDP3	unassigned
Q6DHC1	unassigned
Q6DHM9	unassigned
Q6DR98	unassigned
Q6DSU1	unassigned
Q6DV88	convertase
Q6EEV6	unassigned
Q6EH50	unassigned
Q6GLR6	unassigned
Q6H3X3	unassigned
Q6ID76	unassigned
Q6IE75	zymogen_protease
Q6IGX9	unassigned
Q6IQ49	unassigned
Q6IRK9	zymogen_protease
Q6ITZ3	unassigned
Q6J3P1	convertase
Q6KF10	convertase
Q6LAD6	zymogen_protease
Q6LEM5	convertase
Q6LWM4	unassigned
Q6NNL3	unassigned
Q6NPN4	unassigned
Q6NW40	unassigned
Q6P4A8	zymogen_protease
Q6P7A9	unassigned
Q6PCX7	unassigned
Q6PGY3	unassigned
Q6PHU5	convertase
Q6PN98	zymogen_protease
Q6PTD1	unassigned
Q6PTV2	zymogen_protease
Q6PXP0	zymogen_protease
Q6Q7I7	convertase
Q6QLQ5	unassigned
Q6QWR1	unassigned
Q6R8F2	convertase
Q6RT24	unassigned
Q6RUV5	unassigned
Q6RY98	unassigned
Q6SA95	convertase
Q6SEG5	zymogen_protease
Q6SLM1	unassigned
Q6SLM2	unassigned
Q6T179	unassigned
Q6T271	zymogen_protease
Q6TEN1	unassigned
Q6U8D7	unassigned
Q6UG02	unassigned
Q6UKZ8	convertase
Q6URK6	convertase
Q6UW15	unassigned
Q6UW60	convertase
Q6UWB4	zymogen_protease
Q6UWN5	unassigned
Q6UWR7	unassigned
Q6V9Y8	unassigned
Q6W3B0	convertase
Q6WRU0	unassigned
Q6X2S4	convertase
Q6XBF8	zymogen_protease
Q6XVN8	unassigned
Q6Y4Q5	zymogen_protease
Q6YGZ1	unassigned
Q6YHK3	unassigned
Q6YMS3	convertase
Q6YMS4	convertase
Q6ZD89	unassigned
Q6ZFZ4	zymogen_protease
Q6ZVN8	unassigned
Q70J59	zymogen_protease
Q70KY3	unassigned
Q70US9	unassigned
Q70XJ9	unassigned
Q71QF9	unassigned
Q71RP1	unassigned
Q71UE8	unassigned
Q72JC0	unassigned
Q74K42	unassigned
Q75N90	unassigned
Q769J6	convertase
Q76B45	zymogen_protease
Q76IQ4	convertase
Q76LX8	convertase
Q78EG7	unassigned
Q78EH2	convertase
Q7A656	unassigned
Q7AP54	unassigned
Q7DLR9	zymogen_protease
Q7DLS1	zymogen_protease
Q7EB72	unassigned
Q7F3A8	zymogen_protease
Q7K740	unassigned
Q7KQM4	zymogen_protease
Q7KUD5	convertase
Q7LZ61	zymogen_protease
Q7M303	unassigned
Q7M334	zymogen_protease
Q7M6Z0	unassigned
Q7M761	zymogen_protease
Q7PPZ8	zymogen_protease
Q7Q2T8	zymogen_protease
Q7RTW8	unassigned
Q7RTZ1	zymogen_protease
Q7SIB2	unassigned
Q7SYF1	zymogen_protease
Q7SZE1	zymogen_protease
Q7SZN0	unassigned
Q7T046	zymogen_protease
Q7T1M3	unassigned
Q7T273	convertase
Q7T2X6	convertase
Q7T3A4	unassigned
Q7T6D2	convertase
Q7TMD7	convertase
Q7TMR0	zymogen_protease
Q7TN89	unassigned
Q7TNC9	unassigned
Q7TQ32	unassigned
Q7TQ33	unassigned
Q7TQ35	zymogen_protease
Q7TSF0	convertase
Q7TSF1	convertase
Q7TSP5	unassigned
Q7TT47	zymogen_protease
Q7XAD0	unassigned
Q7YRU7	convertase
Q7YXD3	unassigned
Q7Z3B1	unassigned
Q7Z3G6	unassigned
Q7Z4H4	convertase
Q7Z5Y6	unassigned
Q7Z7G2	unassigned
Q7ZZS9	zymogen_protease
Q800Y1	unassigned
Q804X6	convertase
Q805F3	zymogen_protease
Q805F6	zymogen_protease
Q805F7	unassigned
Q80T19	convertase
Q80VQ0	unassigned
Q80VU4	convertase
Q80W65	zymogen_protease
Q80WD0	unassigned
Q80WD1	unassigned
Q80WM3	unassigned
Q80Y24	unassigned
Q80Z24	unassigned
Q80ZJ1	unassigned
Q80ZQ0	unassigned
Q81105	unassigned
Q811A2	unassigned
Q811B3	convertase
Q81258	zymogen_protease
Q81487	zymogen_protease
Q81495	zymogen_protease
Q81754	zymogen_protease
Q85646	convertase
Q862Z3	unassigned
Q863C3	convertase
Q868G6	convertase
Q868M7	unassigned
Q86BW2	unassigned
Q86CR8	unassigned
Q86DU6	convertase
Q86GF7	zymogen_protease
Q86MA7	unassigned
Q86SJ6	convertase
Q86UN2	unassigned
Q86UN3	unassigned
Q86UP0	convertase
Q86UU9	convertase
Q86V40	zymogen_protease
Q86Y78	unassigned
Q873Y0	unassigned
Q874R1	unassigned
Q89277	convertase
Q899Y1	zymogen_protease
Q8AWI5	zymogen_protease
Q8AY79	zymogen_protease
Q8AY80	zymogen_protease
Q8AY81	zymogen_protease
Q8AYD0	convertase
Q8BG41	zymogen_protease
Q8BGN3	unassigned
Q8BH35	unassigned
Q8BH61	zymogen_protease
Q8BLC3	unassigned
Q8BLR7	unassigned
Q8BNJ2	convertase
Q8BPP5	unassigned
Q8BU31	unassigned
Q8BVZ5	unassigned
Q8BWU1	unassigned
Q8C255	zymogen_protease
Q8C3Q9	zymogen_protease
Q8C9W3	zymogen_protease
Q8CE23	unassigned
Q8CFB4	unassigned
Q8CFN2	unassigned
Q8CFV4	unassigned
Q8CFZ4	unassigned
Q8CH34	convertase
Q8CIH9	unassigned
Q8CIT0	convertase
Q8DIV4	unassigned
Q8DR60	unassigned
Q8GB88	zymogen_protease
Q8GWW6	zymogen_protease
Q8H166	zymogen_protease
Q8HWE5	unassigned
Q8HWE7	unassigned
Q8I0U8	unassigned
Q8I0V0	zymogen_protease
Q8I6K2	zymogen_protease
Q8I6U4	zymogen_protease
Q8I6U5	zymogen_protease
Q8I6V3	zymogen_protease
Q8I914	zymogen_protease
Q8IAS0	zymogen_protease
Q8IDN0	unassigned
Q8IHZ5	zymogen_protease
Q8IIJ9	zymogen_protease
Q8IIL0	zymogen_protease
Q8ILG2	zymogen_protease
Q8IM15	zymogen_protease
Q8IM16	zymogen_protease
Q8IPM8	unassigned
Q8IRY7	zymogen_protease
Q8IV16	unassigned
Q8IVL8	zymogen_protease
Q8IWV2	unassigned
Q8IXL6	unassigned
Q8IZC6	unassigned
Q8J0P4	unassigned
Q8J136	unassigned
Q8J2T0	convertase
Q8J2V8	unassigned
Q8JFY4	convertase
Q8JH85	zymogen_protease
Q8JIR2	zymogen_protease
Q8JIY1	convertase
Q8JMZ4	unassigned
Q8JSZ3	convertase
Q8JZQ2	zymogen_protease
Q8JZU2	unassigned
Q8K0S5	unassigned
Q8K182	unassigned
Q8K1J5	unassigned
Q8K337	unassigned
Q8K3F2	zymogen_protease
Q8K3U6	convertase
Q8K410	convertase
Q8KQR1	unassigned
Q8L3C7	zymogen_protease
Q8L8Q7	unassigned
Q8L8Y3	unassigned
Q8LC95	unassigned
Q8LD27	zymogen_protease
Q8LDW6	unassigned
Q8LE06	convertase
Q8LEJ6	unassigned
Q8LEM4	unassigned
Q8LPS1	unassigned
Q8MJ25	convertase
Q8MJV5	convertase
Q8MJW9	convertase
Q8MK68	unassigned
Q8MKI5	zymogen_protease
Q8MMJ7	convertase
Q8MPP3	convertase
Q8MTX2	convertase
Q8MUF9	zymogen_protease
Q8MZM3	zymogen_protease
Q8MZS4	zymogen_protease
Q8N119	convertase
Q8N158	unassigned
Q8N2E6	convertase
Q8N2G4	unassigned
Q8N4T0	convertase
Q8N6Q3	unassigned
Q8N7M5	unassigned
Q8NBP7	zymogen_protease
Q8NFA0	zymogen_protease
Q8NFP4	unassigned
Q8NJP6	convertase
Q8NK92	zymogen_protease
Q8QGH3	convertase
Q8R182	unassigned
Q8R1B5	unassigned
Q8R1I2	convertase
Q8R1R3	unassigned
Q8R2Q8	unassigned
Q8R3R8	unassigned
Q8R422	unassigned
Q8R460	unassigned
Q8R481	unassigned
Q8R4F1	unassigned
Q8R4G0	unassigned
Q8R4K8	zymogen_protease
Q8R4S2	unassigned
Q8R4S4	unassigned
Q8R4S5	unassigned
Q8R4S6	unassigned
Q8R4S7	unassigned
Q8R527	unassigned
Q8R534	zymogen_protease
Q8RR56	zymogen_protease
Q8RVL1	zymogen_protease
Q8RVL2	zymogen_protease
Q8S2W4	unassigned
Q8S926	unassigned
Q8SQG7	unassigned
Q8SQG8	unassigned
Q8SXL2	unassigned
Q8T117	unassigned
Q8T1G4	unassigned
Q8TAI7	unassigned
Q8TC27	unassigned
Q8TDM5	unassigned
Q8TE56	convertase
Q8TE57	convertase
Q8TE58	convertase
Q8TE59	convertase
Q8TE60	convertase
Q8TL28	zymogen_protease
Q8U194	unassigned
Q8U195	unassigned
Q8UVG0	zymogen_protease
Q8UW59	zymogen_protease
Q8VCI5	unassigned
Q8VEN2	unassigned
Q8VHQ3	unassigned
Q8VI51	unassigned
Q8VYI9	unassigned
Q8VZU3	unassigned
Q8WNR2	unassigned
Q8WP15	unassigned
Q8WPU1	unassigned
Q8WRC7	convertase
Q8WTQ7	unassigned
Q8WV99	unassigned
Q8WW22	unassigned
Q8WWA0	unassigned
Q8WXF3	convertase
Q8WXH6	unassigned
Q8WXS8	convertase
Q8Y3L4	unassigned
Q8Y585	unassigned
Q90275	convertase
Q90282	zymogen_protease
Q90495	zymogen_protease
Q90611	zymogen_protease
Q90694	unassigned
Q90752	convertase
Q90763	convertase
Q90WA8	unassigned
Q90WC0	zymogen_protease
Q90WD8	zymogen_protease
Q90WW4	unassigned
Q90Y12	convertase
Q90YA6	zymogen_protease
Q90Z06	unassigned
Q90ZI3	zymogen_protease
Q91053	zymogen_protease
Q91132	convertase
Q913A8	unassigned
Q913D4	zymogen_protease
Q913V3	zymogen_protease
Q91511	zymogen_protease
Q91516	zymogen_protease
Q91609	convertase
Q91619	convertase
Q91620	convertase
Q91875	unassigned
Q91B85	convertase
Q91C37	unassigned
Q91VE3	zymogen_protease
Q91VR7	unassigned
Q91WW1	unassigned
Q91X17	unassigned
Q91X58	unassigned
Q91X79	zymogen_protease
Q91XI3	convertase
Q91ZF2	zymogen_protease
Q91ZQ1	unassigned
Q92058	unassigned
Q92084	unassigned
Q920D5	zymogen_protease
Q920E0	unassigned
Q920E1	unassigned
Q920Q0	unassigned
Q92178	zymogen_protease
Q921J2	unassigned
Q92340	unassigned
Q923S9	unassigned
Q923W9	convertase
Q92405	convertase
Q924A4	unassigned
Q924B5	unassigned
Q92673	convertase
Q92730	unassigned
Q92737	unassigned
Q92824	convertase
Q92834	unassigned
Q92851	zymogen_protease
Q92876	convertase
Q92930	unassigned
Q93070	unassigned
Q93096	unassigned
Q93243	convertase
Q93725	unassigned
Q939N5	unassigned
Q93LQ6	zymogen_protease
Q93V47	unassigned
Q93VK8	unassigned
Q93VP2	unassigned
Q93WC9	unassigned
Q93Z04	unassigned
Q93ZH0	unassigned
Q94124	unassigned
Q941C7	unassigned
Q94AW8	unassigned
Q94BT2	unassigned
Q94EI3	unassigned
Q94K07	unassigned
Q94K85	zymogen_protease
Q94KT8	unassigned
Q95029	zymogen_protease
Q95209	convertase
Q95211	unassigned
Q95220	convertase
Q95222	unassigned
Q95229	convertase
Q95333	zymogen_protease
Q95J86	convertase
Q95JC9	unassigned
Q95JF4	unassigned
Q95L39	convertase
Q95LD9	unassigned
Q95LI9	zymogen_protease
Q95M12	zymogen_protease
Q95N27	unassigned
Q95ND5	zymogen_protease
Q95ND7	convertase
Q95NH6	unassigned
Q95P23	convertase
Q95ZG8	unassigned
Q969E3	unassigned
Q96AX2	unassigned
Q96B86	unassigned
Q96CW9	unassigned
Q96D21	unassigned
Q96E52	zymogen_protease
Q96HU8	unassigned
Q96I34	unassigned
Q96IY4	zymogen_protease
Q96MT3	unassigned
Q96PH6	convertase
Q96PP8	unassigned
Q96RI0	unassigned
Q96RP3	unassigned
Q96S42	convertase
Q96T49	unassigned
Q97QP7	zymogen_protease
Q98803	convertase
Q98943	zymogen_protease
Q98995	zymogen_protease
Q98SP2	zymogen_protease
Q98TU0	convertase
Q98UF9	zymogen_protease
Q99034	convertase
Q99036	unassigned
Q99075	unassigned
Q99109	convertase
Q99405	zymogen_protease
Q99436	zymogen_protease
Q99497	zymogen_protease
Q99523	convertase
Q99538	zymogen_protease
Q99542	zymogen_protease
Q99748	unassigned
Q99895	zymogen_protease
Q99965	unassigned
Q99969	unassigned
Q99988	convertase
Q99D35	convertase
Q99IB8	zymogen_protease
Q99J86	unassigned
Q99JA0	convertase
Q99JB6	unassigned
Q99JI6	unassigned
Q99KL7	unassigned
Q99LS0	convertase
Q99LX0	zymogen_protease
Q99M75	unassigned
Q99MA2	zymogen_protease
Q99MH3	convertase
Q99ML8	unassigned
Q99MQ4	unassigned
Q99N14	convertase
Q99PI8	unassigned
Q99PJ0	unassigned
Q99PW6	convertase
Q9A1S2	unassigned
Q9AQQ8	zymogen_protease
Q9BDJ6	unassigned
Q9BEF8	unassigned
Q9BH10	convertase
Q9BH11	convertase
Q9BH73	unassigned
Q9BPG6	unassigned
Q9BRT3	unassigned
Q9BT56	convertase
Q9BXN1	unassigned
Q9BXP8	zymogen_protease
Q9BXW4	unassigned
Q9BY14	unassigned
Q9BZ11	convertase
Q9BZD6	convertase
Q9BZJ3	zymogen_protease
Q9BZM4	unassigned
Q9BZM5	unassigned
Q9BZM6	unassigned
Q9BZR6	unassigned
Q9BZS1	unassigned
Q9C7F7	unassigned
Q9C9G4	unassigned
Q9CQV6	unassigned
Q9CQW1	unassigned
Q9CR53	convertase
Q9CWP4	unassigned
Q9CY64	unassigned
Q9CZQ6	unassigned
Q9D1N2	unassigned
Q9D3G9	unassigned
Q9D658	unassigned
Q9D6Z6	unassigned
Q9D733	unassigned
Q9D777	convertase
Q9D7S0	unassigned
Q9D8H7	zymogen_protease
Q9DA79	unassigned
Q9DCD6	unassigned
Q9DCV6	unassigned
Q9DD03	unassigned
Q9DD06	unassigned
Q9DEX3	zymogen_protease
Q9DF33	unassigned
Q9DF52	unassigned
Q9DF67	zymogen_protease
Q9DGB9	zymogen_protease
Q9DHD6	zymogen_protease
Q9EPB1	zymogen_protease
Q9EPI2	unassigned
Q9EPL5	zymogen_protease
Q9EPL6	zymogen_protease
Q9EPS2	convertase
Q9EQ21	convertase
Q9EQF4	unassigned
Q9EQV6	zymogen_protease
Q9EQV9	zymogen_protease
Q9EQX0	unassigned
Q9ER71	unassigned
Q9ES87	zymogen_protease
Q9ESD1	zymogen_protease
Q9ESP7	convertase
Q9ESQ9	convertase
Q9ESY9	unassigned
Q9ET22	zymogen_protease
Q9F1K9	unassigned
Q9FDX9	unassigned
Q9FGF6	unassigned
Q9FGR9	zymogen_protease
Q9FHX5	unassigned
Q9FIW0	convertase
Q9FIW1	convertase
Q9FJH5	unassigned
Q9FKT1	unassigned
Q9FM65	unassigned
Q9FNQ2	unassigned
Q9GJW7	unassigned
Q9GK11	zymogen_protease
Q9GKL8	zymogen_protease
Q9GKQ8	convertase
Q9GKY5	unassigned
Q9GL24	zymogen_protease
Q9GL30	zymogen_protease
Q9GLD0	unassigned
Q9GLE3	zymogen_protease
Q9GLE4	convertase
Q9GLE5	zymogen_protease
Q9GLF6	convertase
Q9GLG1	zymogen_protease
Q9GLP1	zymogen_protease
Q9GLP2	convertase
Q9GPR7	unassigned
Q9GPS0	unassigned
Q9GQV7	convertase
Q9GSL0	convertase
Q9GZQ8	unassigned
Q9GZZ7	unassigned
Q9H013	zymogen_protease
Q9H0R8	unassigned
Q9H159	convertase
Q9H1M4	convertase
Q9H239	convertase
Q9H2R5	zymogen_protease
Q9H2U9	unassigned
Q9H306	zymogen_protease
Q9H324	convertase
Q9H492	unassigned
Q9H4A9	zymogen_protease
Q9H4E5	unassigned
Q9HBH0	unassigned
Q9HBT6	convertase
Q9HCQ7	convertase
Q9HWK6	zymogen_protease
Q9I060	zymogen_protease
Q9I194	zymogen_protease
Q9I8X1	zymogen_protease
Q9I9L7	zymogen_protease
Q9IAB0	zymogen_protease
Q9JHH6	zymogen_protease
Q9JHI0	zymogen_protease
Q9JHX4	zymogen_protease
Q9JI58	unassigned
Q9JI76	zymogen_protease
Q9JI81	zymogen_protease
Q9JII1	unassigned
Q9JIW9	unassigned
Q9JIY5	zymogen_protease
Q9JJL4	unassigned
Q9JJT2	unassigned
Q9JKF8	unassigned
Q9JKM7	unassigned
Q9JL18	zymogen_protease
Q9JL96	zymogen_protease
Q9JLA2	unassigned
Q9JLB4	convertase
Q9JLN6	zymogen_protease
Q9JM53	unassigned
Q9JM71	zymogen_protease
Q9JMB8	unassigned
Q9JMF3	unassigned
Q9JMI7	unassigned
Q9L7Q2	zymogen_protease
Q9LE89	unassigned
Q9LI64	unassigned
Q9LJ86	unassigned
Q9LJU0	unassigned
Q9LM66	zymogen_protease
Q9LV87	unassigned
Q9LVC0	unassigned
Q9LZF1	unassigned
Q9LZH5	unassigned
Q9LZL3	zymogen_protease
Q9M099	zymogen_protease
Q9M6E9	unassigned
Q9MAP5	zymogen_protease
Q9MYM4	unassigned
Q9MZV6	zymogen_protease
Q9MZV7	zymogen_protease
Q9N0E3	unassigned
Q9N1T2	unassigned
Q9N2I1	zymogen_protease
Q9N2I2	unassigned
Q9N4D8	convertase
Q9N4V0	convertase
Q9NDE8	convertase
Q9NFZ3	unassigned
Q9NIP6	convertase
Q9NJ15	convertase
Q9NP72	unassigned
Q9NPA2	convertase
Q9NQZ5	unassigned
Q9NR23	convertase
Q9NRE1	zymogen_protease
Q9NRR6	unassigned
Q9NZB8	unassigned
Q9NZH6	unassigned
Q9NZH7	unassigned
Q9NZH8	unassigned
Q9P0G3	zymogen_protease
Q9P0K1	convertase
Q9P121	unassigned
Q9P232	unassigned
Q9P2N4	convertase
Q9P2W3	unassigned
Q9P378	unassigned
Q9PT41	zymogen_protease
Q9PTU8	zymogen_protease
Q9PW35	zymogen_protease
Q9PW56	convertase
Q9Q6P4	zymogen_protease
Q9QAX1	zymogen_protease
Q9QUG3	unassigned
Q9QUI0	unassigned
Q9QUK9	zymogen_protease
Q9QUR8	unassigned
Q9QXK8	convertase
Q9QXQ7	unassigned
Q9QXX3	convertase
Q9QYH7	unassigned
Q9QYI5	unassigned
Q9QYM5	unassigned
Q9QYU1	unassigned
Q9QYV0	convertase
Q9QZF2	unassigned
Q9QZQ3	convertase
Q9QZQ4	convertase
Q9QZT3	convertase
Q9R001	convertase
Q9R014	zymogen_protease
Q9R098	zymogen_protease
Q9R0J8	zymogen_protease
Q9R0P9	zymogen_protease
Q9R0R3	convertase
Q9R0R4	convertase
Q9R0S2	convertase
Q9R0S3	convertase
Q9R0T4	convertase
Q9R0T7	zymogen_protease
Q9R0X2	zymogen_protease
Q9R0X5	unassigned
Q9R158	zymogen_protease
Q9R159	zymogen_protease
Q9R160	zymogen_protease
Q9R1E6	convertase
Q9R1Q9	unassigned
Q9R1T3	zymogen_protease
Q9R1V4	convertase
Q9R1V6	convertase
Q9R1V7	convertase
Q9R229	convertase
Q9RTN7	unassigned
Q9S9K4	zymogen_protease
Q9SBJ6	unassigned
Q9SD84	unassigned
Q9SE35	convertase
Q9SE93	unassigned
Q9SHE7	unassigned
Q9SK27	unassigned
Q9SNC3	unassigned
Q9SRQ3	unassigned
Q9SRY3	unassigned
Q9SU40	unassigned
Q9SU56	unassigned
Q9SXA6	unassigned
Q9SZI2	unassigned
Q9SZN7	unassigned
Q9T045	unassigned
Q9TSM6	unassigned
Q9TT93	convertase
Q9TU53	convertase
Q9TUI9	convertase
Q9TV13	zymogen_protease
Q9TY95	zymogen_protease
Q9TZP5	unassigned
Q9U655	convertase
Q9UBC7	convertase
Q9UBI6	unassigned
Q9UBR2	zymogen_protease
Q9UBU3	unassigned
Q9UBX1	zymogen_protease
Q9UBX7	zymogen_protease
Q9UFP1	unassigned
Q9UHA7	unassigned
Q9UHF0	convertase
Q9UHI8	convertase
Q9UHL4	convertase
Q9UI42	zymogen_protease
Q9UK05	convertase
Q9UK23	zymogen_protease
Q9UKF2	zymogen_protease
Q9UKF5	unassigned
Q9UKJ8	zymogen_protease
Q9UKP4	convertase
Q9UKP5	convertase
Q9UKQ2	convertase
Q9UKY0	unassigned
Q9UL25	unassigned
Q9ULB4	convertase
Q9ULB5	convertase
Q9ULC3	unassigned
Q9ULZ1	convertase
Q9ULZ9	convertase
Q9UNA0	convertase
Q9UNI1	zymogen_protease
Q9UP65	unassigned
Q9UP79	convertase
Q9UPU3	convertase
Q9UQ52	unassigned
Q9UQ90	zymogen_protease
Q9URQ0	unassigned
Q9UVP6	zymogen_protease
Q9V3Z2	zymogen_protease
Q9V521	zymogen_protease
Q9VAC5	convertase
Q9VBC7	convertase
Q9VC44	convertase
Q9VC47	zymogen_protease
Q9VEG6	unassigned
Q9VET0	convertase
Q9VFI9	unassigned
Q9VFJ3	zymogen_protease
Q9VG55	convertase
Q9VGE8	convertase
Q9VII1	unassigned
Q9VII3	unassigned
Q9VIQ0	convertase
Q9VJ33	unassigned
Q9VJN9	zymogen_protease
Q9VKA0	unassigned
Q9VLK4	convertase
Q9VN14	unassigned
Q9VND8	unassigned
Q9VP95	zymogen_protease
Q9VPR7	unassigned
Q9VT51	convertase
Q9VTZ5	unassigned
Q9VV72	unassigned
Q9VVF7	convertase
Q9VZ21	unassigned
Q9VZX1	unassigned
Q9W0W6	convertase
Q9W1V6	convertase
Q9W3T7	unassigned
Q9W6M5	zymogen_protease
Q9W7C5	unassigned
Q9W7J3	unassigned
Q9W7J4	unassigned
Q9WDA6	convertase
Q9WJE9	unassigned
Q9WMB7	unassigned
Q9WMX2	zymogen_protease
Q9WTK7	unassigned
Q9WTL2	unassigned
Q9WTR0	convertase
Q9WTR5	convertase
Q9WTZ2	zymogen_protease
Q9WTZ3	zymogen_protease
Q9WU60	unassigned
Q9WUC3	unassigned
Q9WUK0	convertase
Q9WUQ1	convertase
Q9WV56	convertase
Q9WVA8	convertase
Q9WVA9	convertase
Q9WVG1	unassigned
Q9WVJ3	zymogen_protease
Q9WVL4	unassigned
Q9WVR1	unassigned
Q9WX11	unassigned
Q9X2V7	unassigned
Q9X721	zymogen_protease
Q9XFX3	zymogen_protease
Q9XFX4	zymogen_protease
Q9XGU0	unassigned
Q9XSB8	zymogen_protease
Q9XSJ7	unassigned
Q9XSZ5	zymogen_protease
Q9XT90	convertase
Q9XTW2	unassigned
Q9XU75	zymogen_protease
Q9XW71	convertase
Q9XWV7	convertase
Q9XYF4	zymogen_protease
Q9Y006	zymogen_protease
Q9Y008	zymogen_protease
Q9Y0X6	unassigned
Q9Y251	unassigned
Q9Y272	unassigned
Q9Y2I2	unassigned
Q9Y3L5	unassigned
Q9Y3Q7	unassigned
Q9Y4W6	zymogen_protease
Q9Y5K2	zymogen_protease
Q9Y5Q6	convertase
Q9Y5R2	convertase
Q9Y5Z0	zymogen_protease
Q9Y625	unassigned
Q9Y646	zymogen_protease
Q9Y6L7	convertase
Q9Y6M0	zymogen_protease
Q9Y6N8	convertase
Q9Y749	zymogen_protease
Q9Y7S9	unassigned
Q9Y7Y7	unassigned
Q9YGD3	unassigned
Q9YGK2	convertase
Q9YGK4	convertase
Q9YGK5	convertase
Q9YGL6	unassigned
Q9YGV1	convertase
Q9YH09	unassigned
Q9YH85	unassigned
Q9YI19	zymogen_protease
Q9YRV3	convertase
Q9Z0E6	unassigned
Q9Z0F8	convertase
Q9Z0J1	unassigned
Q9Z0J6	convertase
Q9Z0J7	convertase
Q9Z0J8	unassigned
Q9Z0K8	unassigned
Q9Z0L2	unassigned
Q9Z0L5	unassigned
Q9Z0L6	convertase
Q9Z0M1	zymogen_protease
Q9Z0M5	unassigned
Q9Z0P4	unassigned
Q9Z0X1	unassigned
Q9Z0Y2	zymogen_protease
Q9Z172	unassigned
Q9Z1F6	convertase
Q9Z1K9	convertase
Q9Z1Q3	unassigned
Q9Z1W4	convertase
Q9Z1Y3	convertase
Q9Z217	convertase
Q9Z2A8	zymogen_protease
Q9Z2G8	unassigned
Q9Z2Q3	unassigned
Q9ZRD6	unassigned
Q9ZUJ5	zymogen_protease
Q9ZUP3	unassigned
R4NNL0	zymogen_protease
R4ZCU1	convertase
T1W425	unassigned
U5PZ28	zymogen_protease
V5LU01	zymogen_protease
V5TBK6	zymogen_protease
W5PLZ6	zymogen_protease
W7JWW5	zymogen_protease
W7K9M0	zymogen_protease
W8EFS0	unassigned
X5I9Y2	convertase
X5IWS1	unassigned
A0A059T2H4	unassigned
A0A068B0Z6	unassigned
A0A068B6Q6	convertase
A0A072UTP9	zymogen_protease
A0A088BP94	unassigned
A0A088MIT0	convertase
A0A0A0VBX4	unassigned
A0A0A1I6E7	convertase
A0A0A1I6N9	convertase
A0A0B5A8P4	convertase
A0A0C5PRQ1	convertase
A0A0F7YZQ7	convertase
A0A0G2K7V7	unassigned
A0A0G3F8Z3	unassigned
A0A0H2XKG3	unassigned
A0A0H2ZL64	unassigned
A0A0H3HA88	unassigned
A0A0P0UTI6	convertase
A0A0P0UTJ1	unassigned
A0A0P0UTQ7	convertase
A0A0X8XYX3	unassigned
A0A139GI49	unassigned
A0A146F0J0	zymogen_protease
A0A161AT60	unassigned
A0A1C9ZP88	unassigned
A0A1I9KNP0	unassigned
A0A1L2F565	convertase
A0A1L2FZD4	unassigned
A0A1L4BJ42	convertase
A0A1M4BLT1	convertase
A0A1P8ANJ1	convertase
A0A1P8BDL3	convertase
A0A1P8NVR5	unassigned
A0A1P8NVT3	unassigned
A0A1P8NVU0	unassigned
A0A1S4F2V5	zymogen_protease
A0A1S6EK91	unassigned
A0A1X9QHL1	convertase
A0A219CM62	convertase
A0A219CMY0	convertase
A0A286LEZ8	unassigned
A0A286QZ36	unassigned
A0A2H0ZI42	unassigned
A0A2I4HXH5	unassigned
A0A2I4QAG8	unassigned
A0A2I6EDN5	unassigned
A0A2L1DGG0	unassigned
A0A2L2P6T1	convertase
A0A2L2P6T9	unassigned
A0A2Z5Z9H5	convertase
A0A315	unassigned
A0A345GPN1	convertase
A0A346CIA0	unassigned
A0A346CIB2	unassigned
A0A346CIB3	unassigned
A0A348G5W0	unassigned
A0A348G6I9	unassigned
A0A384E129	unassigned
A0A384JN58	unassigned
A0A3G5BIB1	unassigned
A0A3G5BIC2	unassigned
A0A3G6IHA6	convertase
A0A4P9I8G4	unassigned
A0A4Y5X1A7	convertase
A0A509AI82	zymogen_protease
A0A509APV9	zymogen_protease
A0A5C1ZW08	unassigned
A0A5C1ZXT8	unassigned
A0A5P9NYS6	convertase
A0A6G9KHD3	unassigned
A0A6G9KHD6	unassigned
A0A6G9KIR5	unassigned
A0A6G9KIT6	unassigned
A0A6G9KJK9	unassigned
A0A6G9KJV6	unassigned
A0A6M3Z554	unassigned
A0A6M6RE84	unassigned
A0A6P8HC43	convertase
A0A7H0DNB6	unassigned
A0AAD6J456	unassigned
A0AAW0V9R8	unassigned
A0AAW0V9U7	unassigned
A0AEI5	convertase
A0AEI6	unassigned
A0FKN6	zymogen_protease
A0MSJ1	unassigned
A0QZ47	zymogen_protease
A0RZC6	convertase
A0SIF1	convertase
A0T0W2	unassigned
A0ZZ15	unassigned
A0ZZ43	unassigned
A1C2U3	convertase
A1C2U7	convertase
A1C2V0	convertase
A1C2V5	convertase
A1CD22	unassigned
A1CWF3	zymogen_protease
A1DBP9	convertase
A1DJ47	unassigned
A1E295	zymogen_protease
A1E9Q4	unassigned
A1E9T2	unassigned
A1E9Y8	unassigned
A1EA16	unassigned
A1IGV8	unassigned
A1KXI0	zymogen_protease
A1X8D8	unassigned
A1XIP9	zymogen_protease
A1Z0M0	convertase
A2BP21	unassigned
A2BUK1	unassigned
A2C057	unassigned
A2C6Q1	unassigned
A2QH21	unassigned
A2QUQ2	unassigned
A2T309	unassigned
A2VDT1	unassigned
A2YFB4	unassigned
A2ZBG5	unassigned
A3BEP8	unassigned
A4GG89	unassigned
A4GYN9	unassigned
A4GYR8	unassigned
A4QJ96	unassigned
A4QJC3	unassigned
A4QJI0	unassigned
A4QJK7	unassigned
A4QJR4	unassigned
A4QJU1	unassigned
A4QJZ9	unassigned
A4QK26	unassigned
A4QK85	unassigned
A4QKB3	unassigned
A4QKH2	unassigned
A4QKK0	unassigned
A4QKR1	unassigned
A4QKT9	unassigned
A4QL00	unassigned
A4QL27	unassigned
A4QL86	unassigned
A4QLB4	unassigned
A4QLH5	unassigned
A4QLK2	unassigned
A4QLR3	unassigned
A4QLU1	unassigned
A4USB4	zymogen_protease
A4UYK8	unassigned
A4ZFB3	unassigned
A5A6K7	convertase
A5A8K9	unassigned
A5EWR9	unassigned
A5GIM7	unassigned
A5GTY4	unassigned
A5HII1	zymogen_protease
A6BM28	unassigned
A6BM42	unassigned
A6H5E4	unassigned
A6H5I5	unassigned
A6H767	unassigned
A6MFK7	convertase
A6MFK8	convertase
A6MFL5	convertase
A6MFL6	convertase
A6MFL7	convertase
A6MM16	unassigned
A6MM44	unassigned
A6MMA2	unassigned
A6MMD0	unassigned
A6MMI8	unassigned
A6MML5	unassigned
A6MMS4	unassigned
A6MMV2	unassigned
A6N6J0	convertase
A6NCE7	unassigned
A6QG30	unassigned
A6QG31	unassigned
A6XGK3	zymogen_protease
A6YB85	unassigned
A6YG96	unassigned
A6YR20	unassigned
A6YR21	unassigned
A6ZRK4	zymogen_protease
A6ZYI0	unassigned
A6ZZH2	unassigned
A7LCJ2	convertase
A7M8Y6	unassigned
A7M906	unassigned
A7SCE5	convertase
A7TDU7	unassigned
A7WLH8	unassigned
A7WPL7	zymogen_protease
A7Y395	unassigned
A8AUS0	unassigned
A8AUS1	unassigned
A8AWU7	unassigned
A8E1S5	unassigned
A8G5N5	unassigned
A8MQS5	convertase
A8MS31	convertase
A8PZM4	zymogen_protease
A8Q2D1	convertase
A8Q7G1	unassigned
A8QL48	zymogen_protease
A8QL49	zymogen_protease
A8QL59	zymogen_protease
A8QZJ5	unassigned
A8SE40	unassigned
A8W3A5	unassigned
A8W3D6	unassigned
A8W3H2	unassigned
A8W3J2	unassigned
A8Y9F0	unassigned
A8Y9H8	unassigned
A9CM07	unassigned
A9L976	unassigned
A9L9A4	unassigned
A9LYA9	unassigned
A9XFZ7	convertase
B0CB14	unassigned
B0FXM1	zymogen_protease
B0FXM2	zymogen_protease
B0FXM3	zymogen_protease
B0FYL5	unassigned
B0JIS8	unassigned
B0R2U4	unassigned
B0VXV8	convertase
B0XT09	unassigned
B0XVI5	unassigned
B0XXF8	unassigned
B0XZV8	unassigned
B0Y665	unassigned
B0Y8H9	unassigned
B0YPN1	unassigned
B0Z4K6	unassigned
B0Z4K9	unassigned
B0Z4U0	unassigned
B0Z4U3	unassigned
B0Z524	unassigned
B0Z527	unassigned
B0Z5A8	unassigned
B0Z5B1	unassigned
B0ZT25	unassigned
B1A915	unassigned
B1AVD1	zymogen_protease
B1B213	unassigned
B1B5I9	convertase
B1B6T1	unassigned
B1NRQ8	unassigned
B1NWD0	unassigned
B1NWF8	unassigned
B1NWR7	convertase
B1NWS1	convertase
B1NWS8	convertase
B1P1A4	unassigned
B1P1A6	unassigned
B1P1D7	unassigned
B1P1E5	unassigned
B1P1E6	unassigned
B1P1E7	unassigned
B1P1F3	unassigned
B1P1F4	unassigned
B1P1F5	unassigned
B1P1G0	unassigned
B1P1G1	unassigned
B1P1G2	unassigned
B1P1G3	unassigned
B1P1G8	unassigned
B1VKF9	unassigned
B1XM24	unassigned
B2DCR8	unassigned
B2KKR4	convertase
B2KKV6	zymogen_protease
B2KKV7	zymogen_protease
B2KKV8	zymogen_protease
B2KKW0	zymogen_protease
B2LMK1	unassigned
B2LSD2	zymogen_protease
B2MVM5	unassigned
B2RH57	unassigned
B2RH58	unassigned
B2RH59	unassigned
B2RHG3	unassigned
B2X1Y2	unassigned
B3EWF2	unassigned
B3EWF3	unassigned
B3EWF4	unassigned
B3EWF5	unassigned
B3EWF6	unassigned
B3EWH5	unassigned
B3EWS5	unassigned
B3EWS6	unassigned
B3EWY4	unassigned
B3FIV1	convertase
B3H5Q2	unassigned
B3KYH4	convertase
B3LG61	unassigned
B3LP78	zymogen_protease
B3LVG7	zymogen_protease
B3LVW5	unassigned
B3MFC2	unassigned
B3NSF6	unassigned
B3P3J9	zymogen_protease
B3P3K2	unassigned
B3SP85	unassigned
B3TN59	unassigned
B3VZU0	convertase
B4G316	zymogen_protease
B4G4E5	unassigned
B4GAN3	unassigned
B4HEM8	zymogen_protease
B4HNI3	unassigned
B4J8Z9	unassigned
B4JTT7	zymogen_protease
B4JXX2	unassigned
B4K835	zymogen_protease
B4K9L4	unassigned
B4KR21	unassigned
B4LQ44	unassigned
B4LVU6	unassigned
B4LY58	zymogen_protease
B4MQJ1	unassigned
B4N937	zymogen_protease
B4NAL6	unassigned
B4P641	unassigned
B4PSS5	unassigned
B4PST0	zymogen_protease
B4QBL6	unassigned
B4QZU1	unassigned
B4QZU6	zymogen_protease
B5E022	unassigned
B5G6G5	convertase
B5LUQ3	unassigned
B5LUQ4	unassigned
B5U2W0	zymogen_protease
B5VQH0	zymogen_protease
B6CZ17	unassigned
B6CZ18	unassigned
B6EWW8	unassigned
B6HY15	convertase
B6HY16	convertase
B7U492	zymogen_protease
B7XFT1	convertase
B8AW64	unassigned
B8B2R4	unassigned
B8QCG6	convertase
B8QG00	unassigned
B9TQX1	unassigned
B9U443	unassigned
C0HJV6	unassigned
C0HK57	unassigned
C0HKF6	convertase
C0HKG0	unassigned
C0HKG1	unassigned
C0HKR2	convertase
C0HKS6	convertase
C0HKT6	convertase
C0HKW2	convertase
C0HKY1	convertase
C0HL17	convertase
C0HL59	unassigned
C0HLS4	convertase
C0HM42	unassigned
C0HMD4	unassigned
C0K3N1	unassigned
C1J5M6	convertase
C1JAR9	convertase
C3RT17	convertase
C3RT18	convertase
C3RT22	convertase
C3RT23	convertase
C3RT24	convertase
C3VVN5	unassigned
C3VVN6	unassigned
C4B4E4	unassigned
C4PWC4	unassigned
C4YDI6	unassigned
C4YKT4	unassigned
C4YMJ3	convertase
C4YNQ5	convertase
C4YSF6	convertase
C5J8E3	convertase
C5NSL2	convertase
C6ZDB5	zymogen_protease
C7B247	convertase
C7DZK3	unassigned
C7FF04	unassigned
C7GPC1	zymogen_protease
C8ZFZ7	zymogen_protease
C9E1R9	zymogen_protease
C9E1S1	zymogen_protease
D0EXD3	unassigned
D1FNJ7	unassigned
D1MEI7	unassigned
D2KBH9	convertase
D2Y204	unassigned
D2Y205	unassigned
D2Y207	unassigned
D2Y208	unassigned
D2Y209	unassigned
D2Y210	unassigned
D2Y211	unassigned
D2Y212	unassigned
D2Y228	unassigned
D2Y230	unassigned
D2Y2D5	unassigned
D2Y2I9	unassigned
D2Y2K5	unassigned
D2Y2K7	unassigned
D2Y2K8	unassigned
D2Y2K9	unassigned
D2Y2L2	unassigned
D2Y2L3	unassigned
D2YZQ3	convertase
D3WYW0	unassigned
D3YX90	convertase
D3Z9M3	unassigned
D3ZZ07	zymogen_protease
D4ALQ5	unassigned
D4B5D4	unassigned
D4GWY0	unassigned
D4YWD1	convertase
D5FM34	convertase
D5FM37	convertase
D5FM38	convertase
D5J6X1	unassigned
D7GXG5	unassigned
D8VNS0	zymogen_protease
D9IX97	unassigned
E0N688	zymogen_protease
E1UYT9	unassigned
E2ADX8	convertase
E2AIS8	convertase
E2RQ15	unassigned
E3P6S4	convertase
E4Z7G0	convertase
E6ZBE2	convertase
E7CAU3	unassigned
E7D082	unassigned
E7EKC4	convertase
E7EKD0	convertase
E7EKD4	convertase
E8RMD3	unassigned
F1AWB0	unassigned
F1DFM9	convertase
F1DQG5	zymogen_protease
F1M928	unassigned
F1QCC6	unassigned
F1QWZ4	convertase
F1T149	convertase
F1T150	convertase
F1T151	convertase
F1T152	convertase
F1T156	convertase
F1T157	convertase
F4HVZ1	zymogen_protease
F4I082	unassigned
F4JL85	unassigned
F5C0A0	unassigned
F5C3U4	convertase
F5CPF0	unassigned
F5CPF1	unassigned
F7UI84	convertase
F7UI85	convertase
F7UI87	convertase
F7UI88	convertase
F8RKV9	zymogen_protease
F8RKW0	zymogen_protease
F8RKW1	zymogen_protease
F8RKW5	convertase
F8S0Z7	unassigned
F8S114	zymogen_protease
F8VPZ3	zymogen_protease
G0HV85	unassigned
G0HV86	unassigned
G0LXV8	convertase
G1CWH0	unassigned
G1CWH1	unassigned
G1CWH3	unassigned
G1CWH4	unassigned
G1CWH5	unassigned
G1CWH6	unassigned
G1CWH8	unassigned
G1X8P8	zymogen_protease
G1XAA9	unassigned
G2WRE6	convertase
G2WXY8	zymogen_protease
G3ETQ2	convertase
G3ETQ3	convertase
G3MU46	convertase
G3X745	unassigned
G3XD43	unassigned
G4MZY8	unassigned
G4N1S3	unassigned
G4ND53	unassigned
G5EC68	unassigned
G7PWZ3	convertase
G8YYA5	convertase
G8YYA6	convertase
H2A7G5	unassigned
H2DF88	zymogen_protease
H2LID1	unassigned
H7C8I3	unassigned
I0B6F2	unassigned
I1BJN3	unassigned
I1T3C7	convertase
I1VC85	unassigned
I2DBY2	unassigned
I2DBY3	unassigned
I3R794	zymogen_protease
I6M4H4	convertase
I7C2V3	convertase
I7GQA7	unassigned
J4UTT5	unassigned
J7GY56	unassigned
J9VPP4	unassigned
J9VSG5	unassigned
J9Z332	zymogen_protease
K4RNX9	unassigned
K7N5K9	unassigned
K7NTD0	unassigned
L0P323	convertase
L7V0S7	unassigned
L8FSM5	zymogen_protease
L8G6I7	zymogen_protease
M1JBC0	unassigned
M9P2C1	convertase
O00906	unassigned
O04486	unassigned
O08524	unassigned
O08542	unassigned
O08619	zymogen_protease
O08957	unassigned
O08989	unassigned
O12956	convertase
O13035	convertase
O13048	convertase
O13065	zymogen_protease
O13069	zymogen_protease
O13156	unassigned
O13157	unassigned
O13359	zymogen_protease
O13368	unassigned
O13692	unassigned
O13960	unassigned
O14668	unassigned
O18752	convertase
O18753	convertase
O18755	convertase
O18767	zymogen_protease
O18783	zymogen_protease
O18794	unassigned
O18828	convertase
O18830	convertase
O19015	zymogen_protease
O20241	unassigned
O22126	unassigned
O23006	unassigned
O23760	unassigned
O24006	convertase
O24361	zymogen_protease
O24509	zymogen_protease
O30583	unassigned
O35090	convertase
O35774	unassigned
O35824	unassigned
O42138	zymogen_protease
O42143	convertase
O42207	zymogen_protease
O42277	unassigned
O42350	unassigned
O42630	zymogen_protease
O42778	zymogen_protease
O42809	convertase
O42918	unassigned
O43692	unassigned
O46028	unassigned
O46392	unassigned
O46612	unassigned
O46613	unassigned
O47881	unassigned
O49347	unassigned
O55162	unassigned
O57382	convertase
O57686	unassigned
O59952	convertase
O60020	convertase
O60087	unassigned
O60262	unassigned
O62647	convertase
O62697	unassigned
O62827	convertase
O62943	unassigned
O62964	unassigned
O63094	unassigned
O64864	unassigned
O64865	unassigned
O65399	unassigned
O68586	unassigned
O70183	convertase
O70367	convertase
O73727	convertase
O74623	unassigned
O74660	unassigned
O76321	unassigned
O77463	unassigned
O77541	unassigned
O77559	convertase
O77683	unassigned
O77742	unassigned
O77755	convertase
O77780	unassigned
O80517	unassigned
O81277	unassigned
O82227	unassigned
O82337	unassigned
O82549	unassigned
O86476	unassigned
O86489	unassigned
O89117	unassigned
O93319	convertase
O93428	zymogen_protease
O93454	convertase
O93464	convertase
O93470	convertase
O93484	unassigned
O93885	zymogen_protease
O94772	unassigned
O95164	unassigned
O95661	unassigned
O97578	zymogen_protease
O97759	convertase
O97863	unassigned
O97937	convertase
O98736	unassigned
P00606	unassigned
P00648	unassigned
P00691	unassigned
P00731	zymogen_protease
P00732	zymogen_protease
P00758	zymogen_protease
P00761	zymogen_protease
P00766	zymogen_protease
P00770	zymogen_protease
P00774	zymogen_protease
P00775	zymogen_protease
P00776	zymogen_protease
P00793	zymogen_protease
P00799	zymogen_protease
P00800	zymogen_protease
P00874	unassigned
P00991	unassigned
P00992	unassigned
P01068	unassigned
P01070	unassigned
P01088	unassigned
P01113	unassigned
P01117	unassigned
P01170	convertase
P01172	convertase
P01214	convertase
P01223	unassigned
P01224	unassigned
P01263	convertase
P01269	convertase
P01273	convertase
P01295	convertase
P01311	convertase
P01313	convertase
P01318	convertase
P01335	convertase
P01342	convertase
P01351	convertase
P01352	convertase
P01353	convertase
P01356	convertase
P01357	convertase
P01360	convertase
P01376	unassigned
P01377	unassigned
P01479	unassigned
P01480	unassigned
P02703	unassigned
P02704	unassigned
P02705	unassigned
P02852	unassigned
P02873	unassigned
P02876	unassigned
P02877	unassigned
P02894	unassigned
P02956	unassigned
P02957	unassigned
P02973	unassigned
P02975	unassigned
P03279	unassigned
P03295	unassigned
P03374	convertase
P03955	zymogen_protease
P03972	unassigned
P04071	zymogen_protease
P04073	zymogen_protease
P04087	convertase
P04123	unassigned
P04124	unassigned
P04142	unassigned
P04403	unassigned
P04563	convertase
P04652	unassigned
P04667	convertase
P04808	convertase
P04922	unassigned
P04934	unassigned
P04953	unassigned
P04989	zymogen_protease
P04991	unassigned
P04992	unassigned
P04996	unassigned
P04997	unassigned
P04998	unassigned
P04999	unassigned
P05025	unassigned
P05224	convertase
P05226	convertase
P05337	unassigned
P05421	convertase
P05422	convertase
P05486	unassigned
P05516	unassigned
P05698	unassigned
P05805	unassigned
P05806	zymogen_protease
P05994	zymogen_protease
P06215	unassigned
P06222	unassigned
P06292	unassigned
P06308	convertase
P06402	unassigned
P06751	convertase
P06871	zymogen_protease
P06873	zymogen_protease
P06874	zymogen_protease
P06914	unassigned
P07063	unassigned
P07152	zymogen_protease
P07354	unassigned
P07469	unassigned
P07480	convertase
P07507	unassigned
P07628	zymogen_protease
P07640	unassigned
P07826	unassigned
P07836	unassigned
P07941	zymogen_protease
P07965	unassigned
P08136	unassigned
P08307	unassigned
P08435	convertase
P08672	unassigned
P08673	unassigned
P08674	unassigned
P08675	unassigned
P08676	unassigned
P08677	unassigned
P08831	unassigned
P08835	convertase
P08873	unassigned
P08943	unassigned
P09093	zymogen_protease
P09177	zymogen_protease
P09428	unassigned
P09582	zymogen_protease
P09607	zymogen_protease
P09650	zymogen_protease
P09752	unassigned
P09791	unassigned
P09805	convertase
P09954	zymogen_protease
P09955	zymogen_protease
P0A3Z8	zymogen_protease
P0A445	unassigned
P0A447	unassigned
P0C075	unassigned
P0C0P7	convertase
P0C0P8	convertase
P0C0Q1	zymogen_protease
P0C157	unassigned
P0C174	unassigned
P0C1M8	convertase
P0C1N1	convertase
P0C1N5	unassigned
P0C1N6	convertase
P0C1N7	convertase
P0C1N8	convertase
P0C1S5	unassigned
P0C1S6	zymogen_protease
P0C1W3	unassigned
P0C1X1	unassigned
P0C201	convertase
P0C2B0	unassigned
P0C2E5	zymogen_protease
P0C2X7	unassigned
P0C432	unassigned
P0C433	unassigned
P0C434	unassigned
P0C510	unassigned
P0C511	unassigned
P0C551	unassigned
P0C5F2	unassigned
P0C5W7	convertase
P0C5X7	unassigned
P0C6B6	unassigned
P0C6L4	unassigned
P0C6L6	unassigned
P0C6L7	unassigned
P0C6L8	unassigned
P0C6L9	unassigned
P0C6M0	unassigned
P0C6M1	unassigned
P0C6M2	unassigned
P0C6M3	unassigned
P0C6M4	unassigned
P0C6M5	unassigned
P0C6M6	unassigned
P0C6M7	unassigned
P0C6M8	unassigned
P0C6M9	unassigned
P0C7P6	convertase
P0C7S9	unassigned
P0C7W2	unassigned
P0C7W3	convertase
P0C829	unassigned
P0C837	unassigned
P0C8P8	unassigned
P0C8R2	unassigned
P0C8S5	unassigned
P0C940	unassigned
P0C954	unassigned
P0C955	unassigned
P0C957	unassigned
P0C958	unassigned
P0CB14	zymogen_protease
P0CE73	unassigned
P0CE81	zymogen_protease
P0CE84	zymogen_protease
P0CG46	unassigned
P0CG64	unassigned
P0CG65	unassigned
P0CG66	unassigned
P0CG67	unassigned
P0CG68	unassigned
P0CG69	unassigned
P0CG71	unassigned
P0CG72	unassigned
P0CH28	unassigned
P0CH29	zymogen_protease
P0CH45	convertase
P0CH46	convertase
P0CH56	unassigned
P0CI42	unassigned
P0CJ41	zymogen_protease
P0CU33	zymogen_protease
P0CU38	unassigned
P0CU54	zymogen_protease
P0CU55	zymogen_protease
P0DD34	zymogen_protease
P0DD35	zymogen_protease
P0DD39	zymogen_protease
P0DJ08	unassigned
P0DJA9	unassigned
P0DJF6	zymogen_protease
P0DJK0	convertase
P0DJQ9	zymogen_protease
P0DKP9	convertase
P0DKQ2	convertase
P0DL36	unassigned
P0DL38	unassigned
P0DL49	convertase
P0DL50	convertase
P0DL51	convertase
P0DL55	convertase
P0DL57	unassigned
P0DL77	unassigned
P0DM24	convertase
P0DM41	unassigned
P0DM42	unassigned
P0DM55	unassigned
P0DM87	zymogen_protease
P0DM97	zymogen_protease
P0DMD1	convertase
P0DMI6	zymogen_protease
P0DMX9	convertase
P0DN15	unassigned
P0DN29	convertase
P0DN96	unassigned
P0DN97	unassigned
P0DN98	unassigned
P0DO15	unassigned
P0DO16	unassigned
P0DOA1	unassigned
P0DOR5	unassigned
P0DOR6	unassigned
P0DP16	unassigned
P0DP62	unassigned
P0DPL9	unassigned
P0DPT7	unassigned
P0DPT9	unassigned
P0DQM5	unassigned
P0DQP5	unassigned
P0DQS1	convertase
P0DQS2	convertase
P0DQT5	unassigned
P0DQX2	unassigned
P0DQZ4	unassigned
P0DRA0	unassigned
P0DRJ4	unassigned
P0DRM7	unassigned
P0DRN0	unassigned
P0DRN5	unassigned
P0DSK0	unassigned
P0DSK3	unassigned
P0DUC0	convertase
P0DUH9	unassigned
P0DUJ5	unassigned
P0DUJ6	unassigned
P0DUT2	convertase
P0DUT6	convertase
P0DV31	unassigned
P0DV32	convertase
P0DY42	convertase
P10259	convertase
P10419	convertase
P10510	unassigned
P10548	zymogen_protease
P10730	unassigned
P10774	unassigned
P10898	unassigned
P10915	unassigned
P10946	unassigned
P10968	unassigned
P10969	unassigned
P10995	unassigned
P10999	unassigned
P11006	convertase
P11033	zymogen_protease
P11034	zymogen_protease
P11242	convertase
P11421	unassigned
P11422	unassigned
P11489	zymogen_protease
P11543	convertase
P11838	zymogen_protease
P11848	unassigned
P12064	convertase
P12163	unassigned
P12260	zymogen_protease
P12285	convertase
P12412	zymogen_protease
P12463	unassigned
P12537	unassigned
P12656	unassigned
P12661	unassigned
P12706	convertase
P12707	convertase
P12719	unassigned
P12788	zymogen_protease
P12944	unassigned
P13068	unassigned
P13253	unassigned
P13366	zymogen_protease
P13600	convertase
P13648	unassigned
P13698	convertase
P13814	unassigned
P13815	unassigned
P13819	unassigned
P13826	unassigned
P13828	unassigned
P13910	unassigned
P13933	unassigned
P14080	zymogen_protease
P14082	convertase
P14411	unassigned
P14579	unassigned
P14593	unassigned
P14628	unassigned
P14658	zymogen_protease
P14660	unassigned
P14661	unassigned
P14781	unassigned
P14958	unassigned
P15088	zymogen_protease
P15089	zymogen_protease
P15191	unassigned
P15285	unassigned
P15292	zymogen_protease
P15293	zymogen_protease
P15364	unassigned
P15369	zymogen_protease
P15411	convertase
P15471	unassigned
P15503	zymogen_protease
P15555	zymogen_protease
P15590	unassigned
P15636	zymogen_protease
P15706	zymogen_protease
P15781	unassigned
P15797	unassigned
P15819	unassigned
P15944	zymogen_protease
P15969	unassigned
P16082	convertase
P16306	unassigned
P16404	unassigned
P16431	unassigned
P16586	unassigned
P16708	unassigned
P16715	unassigned
P16948	convertase
P17084	unassigned
P17129	unassigned
P17207	zymogen_protease
P17251	convertase
P17533	unassigned
P17647	unassigned
P17685	convertase
P17686	convertase
P17823	unassigned
P17838	unassigned
P17934	unassigned
P18143	zymogen_protease
P18145	convertase
P18188	unassigned
P18263	unassigned
P18290	unassigned
P18421	unassigned
P18511	convertase
P18619	zymogen_protease
P18774	unassigned
P18889	unassigned
P18908	unassigned
P18998	unassigned
P19000	unassigned
P19006	unassigned
P19050	unassigned
P19093	convertase
P19111	unassigned
P19160	unassigned
P19161	unassigned
P19162	unassigned
P19163	unassigned
P19164	unassigned
P19222	zymogen_protease
P19223	zymogen_protease
P19260	unassigned
P19594	unassigned
P19598	unassigned
P19707	unassigned
P19708	unassigned
P19802	convertase
P20146	unassigned
P20394	convertase
P20399	unassigned
P20455	unassigned
P20616	convertase
P20656	unassigned
P20657	unassigned
P20675	convertase
P21158	unassigned
P21226	unassigned
P21259	convertase
P21621	unassigned
P21764	convertase
P21808	convertase
P21838	unassigned
P21841	unassigned
P21842	zymogen_protease
P21852	unassigned
P21961	zymogen_protease
P22282	convertase
P22321	zymogen_protease
P22322	zymogen_protease
P22398	unassigned
P22444	convertase
P22890	convertase
P22895	zymogen_protease
P22969	convertase
P23132	unassigned
P23175	unassigned
P23176	convertase
P23223	zymogen_protease
P23356	zymogen_protease
P23362	convertase
P23504	unassigned
P23546	unassigned
P24160	convertase
P24302	unassigned
P24498	unassigned
P24503	convertase
P24665	convertase
P24671	unassigned
P24674	unassigned
P24675	unassigned
P24676	unassigned
P24677	unassigned
P24678	unassigned
P24679	unassigned
P24680	unassigned
P24681	unassigned
P24727	convertase
P25079	unassigned
P25310	unassigned
P25326	zymogen_protease
P25421	convertase
P25429	convertase
P25435	convertase
P25489	unassigned
P25780	zymogen_protease
P25783	zymogen_protease
P25796	zymogen_protease
P25803	zymogen_protease
P25826	unassigned
P25827	unassigned
P25828	unassigned
P25829	unassigned
P25830	unassigned
P25831	unassigned
P25832	unassigned
P25833	unassigned
P25834	unassigned
P25836	unassigned
P25838	unassigned
P25839	unassigned
P25955	unassigned
P26213	convertase
P26332	unassigned
P26694	unassigned
P26729	convertase
P26730	convertase
P26732	convertase
P26733	convertase
P26734	convertase
P26738	convertase
P26739	convertase
P26740	convertase
P26741	convertase
P26743	convertase
P26792	zymogen_protease
P26889	unassigned
P26958	unassigned
P26959	unassigned
P26960	unassigned
P26961	unassigned
P26962	unassigned
P26963	unassigned
P26964	unassigned
P27065	unassigned
P27066	unassigned
P27201	unassigned
P27666	unassigned
P27677	zymogen_protease
P27678	zymogen_protease
P28024	unassigned
P28064	zymogen_protease
P28173	unassigned
P28258	unassigned
P28259	unassigned
P28260	unassigned
P28262	unassigned
P28312	unassigned
P28381	unassigned
P28392	unassigned
P28399	unassigned
P28439	unassigned
P28441	unassigned
P28459	unassigned
P28685	unassigned
P28784	zymogen_protease
P28863	zymogen_protease
P28879	unassigned
P28881	unassigned
P28999	convertase
P29000	zymogen_protease
P29007	convertase
P29059	unassigned
P29145	convertase
P29240	unassigned
P29425	unassigned
P29559	unassigned
P29786	zymogen_protease
P29958	zymogen_protease
P30233	unassigned
P30401	unassigned
P30574	zymogen_protease
P30655	zymogen_protease
P30732	unassigned
P30811	unassigned
P30827	unassigned
P30829	unassigned
P30830	unassigned
P30941	unassigned
P31183	unassigned
P31184	unassigned
P31189	unassigned
P31197	unassigned
P31201	unassigned
P31202	unassigned
P31579	zymogen_protease
P31580	zymogen_protease
P31581	zymogen_protease
P31694	unassigned
P31734	unassigned
P31757	unassigned
P31956	zymogen_protease
P31989	zymogen_protease
P32036	unassigned
P32194	unassigned
P32196	unassigned
P32412	convertase
P32541	convertase
P32903	unassigned
P32951	convertase
P33046	unassigned
P33145	convertase
P33152	convertase
P33185	unassigned
P33376	zymogen_protease
P33545	convertase
P33553	unassigned
P33619	zymogen_protease
P33717	unassigned
P33890	unassigned
P34068	unassigned
P34069	unassigned
P34128	unassigned
P34129	convertase
P34131	convertase
P34443	unassigned
P34820	unassigned
P34915	unassigned
P34963	unassigned
P35003	zymogen_protease
P35031	zymogen_protease
P35033	zymogen_protease
P35035	zymogen_protease
P35036	zymogen_protease
P35037	zymogen_protease
P35040	convertase
P35049	zymogen_protease
P35335	zymogen_protease
P35459	unassigned
P35860	unassigned
P36091	unassigned
P36192	convertase
P36374	zymogen_protease
P36376	zymogen_protease
P36476	unassigned
P36491	unassigned
P36499	unassigned
P36501	unassigned
P36560	unassigned
P36911	unassigned
P36983	unassigned
P37038	unassigned
P37045	unassigned
P37300	unassigned
P37302	zymogen_protease
P38507	unassigned
P38566	unassigned
P38616	unassigned
P38976	unassigned
P39058	unassigned
P39084	convertase
P39653	unassigned
P39675	zymogen_protease
P39712	unassigned
P40092	unassigned
P40242	unassigned
P40243	unassigned
P40245	unassigned
P40246	unassigned
P40247	unassigned
P40248	unassigned
P40249	unassigned
P40251	unassigned
P40255	unassigned
P40256	unassigned
P40257	unassigned
P40258	unassigned
P40304	unassigned
P40313	zymogen_protease
P40552	unassigned
P40583	convertase
P40849	unassigned
P40975	unassigned
P41363	zymogen_protease
P41365	convertase
P41520	convertase
P41621	unassigned
P41687	unassigned
P41748	zymogen_protease
P41749	zymogen_protease
P41750	zymogen_protease
P41870	convertase
P41876	convertase
P42634	unassigned
P42674	convertase
P42723	unassigned
P42917	convertase
P43030	unassigned
P43031	convertase
P43095	convertase
P43133	zymogen_protease
P43147	zymogen_protease
P43150	zymogen_protease
P43163	zymogen_protease
P43233	zymogen_protease
P43236	zymogen_protease
P43263	zymogen_protease
P43295	zymogen_protease
P43425	unassigned
P45738	unassigned
P45773	unassigned
P45884	convertase
P46156	unassigned
P46157	unassigned
P46161	unassigned
P46167	unassigned
P46242	unassigned
P46647	unassigned
P46648	unassigned
P46820	unassigned
P46895	unassigned
P46992	unassigned
P47179	unassigned
P47749	unassigned
P47797	zymogen_protease
P47852	unassigned
P47853	unassigned
P48038	zymogen_protease
P48089	unassigned
P48090	unassigned
P48144	convertase
P48187	unassigned
P48283	unassigned
P48503	unassigned
P48682	unassigned
P48683	unassigned
P48684	unassigned
P48686	unassigned
P48688	unassigned
P48689	unassigned
P48690	unassigned
P48693	unassigned
P48694	unassigned
P48696	unassigned
P48700	unassigned
P48702	unassigned
P48706	unassigned
P48709	unassigned
P48711	unassigned
P48713	unassigned
P48714	unassigned
P48715	unassigned
P48716	unassigned
P48718	unassigned
P48719	unassigned
P48733	unassigned
P48827	convertase
P48834	convertase
P49002	convertase
P49054	unassigned
P49064	convertase
P49175	zymogen_protease
P49188	convertase
P49275	zymogen_protease
P49276	zymogen_protease
P49291	unassigned
P49329	unassigned
P49369	unassigned
P49457	unassigned
P49926	convertase
P50155	unassigned
P50343	zymogen_protease
P50405	unassigned
P50495	unassigned
P50498	unassigned
P50499	unassigned
P50622	convertase
P50704	unassigned
P50705	unassigned
P50706	unassigned
P50707	unassigned
P50708	unassigned
P50709	unassigned
P50711	unassigned
P50712	unassigned
P50713	unassigned
P50714	unassigned
P50716	unassigned
P50899	unassigned
P50985	unassigned
P51101	unassigned
P51446	unassigned
P51455	convertase
P51458	unassigned
P51462	unassigned
P51493	unassigned
P51524	unassigned
P51525	unassigned
P51539	unassigned
P51759	unassigned
P51764	unassigned
P51779	zymogen_protease
P51780	unassigned
P52114	unassigned
P52115	zymogen_protease
P52195	zymogen_protease
P52320	zymogen_protease
P52321	zymogen_protease
P52401	unassigned
P52403	unassigned
P52404	unassigned
P52405	unassigned
P52710	zymogen_protease
P52718	zymogen_protease
P52754	unassigned
P52794	unassigned
P52802	unassigned
P52804	unassigned
P53626	convertase
P54097	unassigned
P54197	unassigned
P54406	unassigned
P54615	convertase
P54639	zymogen_protease
P55032	zymogen_protease
P55099	convertase
P55101	convertase
P55103	convertase
P55106	convertase
P55112	zymogen_protease
P55113	convertase
P55244	unassigned
P55314	unassigned
P55745	unassigned
P55806	zymogen_protease
P55807	zymogen_protease
P55865	zymogen_protease
P55866	zymogen_protease
P55867	zymogen_protease
P55885	convertase
P55939	unassigned
P55963	unassigned
P56161	unassigned
P56219	unassigned
P56254	unassigned
P56318	unassigned
P56386	unassigned
P56413	unassigned
P56529	convertase
P56639	unassigned
P56640	unassigned
P56647	unassigned
P56648	unassigned
P56650	unassigned
P56676	unassigned
P56711	convertase
P56712	unassigned
P56973	unassigned
P57039	unassigned
P57096	unassigned
P57110	convertase
P57785	convertase
P58099	zymogen_protease
P58166	convertase
P58371	zymogen_protease
P58440	unassigned
P58443	unassigned
P58454	unassigned
P58455	unassigned
P58457	unassigned
P58459	convertase
P58502	zymogen_protease
P58787	unassigned
P58809	unassigned
P58846	convertase
P58906	unassigned
P58917	unassigned
P58924	unassigned
P58925	convertase
P58997	unassigned
P59018	unassigned
P59082	unassigned
P59097	unassigned
P59367	unassigned
P59368	unassigned
P59914	unassigned
P60023	unassigned
P60030	unassigned
P60031	unassigned
P60045	unassigned
P60518	unassigned
P60522	unassigned
P60976	convertase
P61104	unassigned
P61276	zymogen_protease
P61277	zymogen_protease
P61293	unassigned
P61409	unassigned
P61761	unassigned
P61762	unassigned
P61766	unassigned
P61767	unassigned
P61915	convertase
P61958	unassigned
P62071	unassigned
P63077	unassigned
P63078	unassigned
P63152	convertase
P63213	unassigned
P63216	unassigned
P63219	unassigned
P63298	convertase
P67987	unassigned
P67988	unassigned
P67989	unassigned
P67990	unassigned
P67991	unassigned
P67993	unassigned
P67994	unassigned
P67995	unassigned
P67996	unassigned
P68424	unassigned
P68592	unassigned
P68735	zymogen_protease
P69021	convertase
P69550	unassigned
P69551	unassigned
P69556	unassigned
P69557	unassigned
P69561	unassigned
P69562	unassigned
P69563	unassigned
P69564	unassigned
P69565	unassigned
P69570	unassigned
P69571	unassigned
P69658	unassigned
P69928	convertase
P69930	convertase
P69939	unassigned
P70668	unassigned
P71001	unassigned
P72186	zymogen_protease
P72197	zymogen_protease
P78722	unassigned
P79161	unassigned
P79182	unassigned
P79227	zymogen_protease
P79287	zymogen_protease
P79295	unassigned
P79340	unassigned
P79393	unassigned
P79727	unassigned
P79737	unassigned
P79800	unassigned
P79876	convertase
P79995	convertase
P80054	unassigned
P80057	zymogen_protease
P80146	zymogen_protease
P80209	zymogen_protease
P80344	convertase
P80398	convertase
P80571	unassigned
P80696	unassigned
P80703	convertase
P80734	unassigned
P80735	unassigned
P80931	zymogen_protease
P80957	convertase
P81177	zymogen_protease
P81182	unassigned
P81264	convertase
P81277	convertase
P81286	zymogen_protease
P81401	convertase
P81453	zymogen_protease
P81497	zymogen_protease
P81498	zymogen_protease
P81564	convertase
P81602	unassigned
P81603	convertase
P81761	unassigned
P81790	unassigned
P81792	unassigned
P81824	zymogen_protease
P81872	convertase
P82018	unassigned
P82140	unassigned
P82319	unassigned
P82320	unassigned
P82358	convertase
P82389	convertase
P82390	convertase
P82592	unassigned
P82951	unassigned
P82959	unassigned
P83081	convertase
P83082	convertase
P83083	convertase
P83084	convertase
P83205	zymogen_protease
P83211	unassigned
P83228	unassigned
P83288	unassigned
P83313	unassigned
P83326	unassigned
P83400	unassigned
P83404	convertase
P83455	unassigned
P83543	zymogen_protease
P83558	convertase
P83560	convertase
P83562	unassigned
P83580	convertase
P83615	zymogen_protease
P83636	unassigned
P83719	convertase
P83756	unassigned
P83859	unassigned
P83948	unassigned
P83968	unassigned
P83974	unassigned
P84213	convertase
P84276	convertase
P84567	convertase
P84572	convertase
P84596	convertase
P84899	unassigned
P85021	convertase
P85070	convertase
P85071	convertase
P85079	unassigned
P85253	unassigned
P85258	unassigned
P85259	unassigned
P85421	unassigned
P85797	convertase
P85882	convertase
P85966	unassigned
P86047	unassigned
P86093	convertase
P86400	unassigned
P86404	unassigned
P86405	unassigned
P86718	unassigned
P86841	unassigned
P86994	convertase
P87184	zymogen_protease
P89116	zymogen_protease
P91137	zymogen_protease
P91828	zymogen_protease
P91885	zymogen_protease
P91887	zymogen_protease
P92306	unassigned
P92547	unassigned
P93298	unassigned
P93761	unassigned
P96989	unassigned
P97527	unassigned
P97528	unassigned
P97538	unassigned
P97592	zymogen_protease
P98061	convertase
P98118	convertase
P98135	unassigned
P98137	unassigned
P98139	convertase
P9WEW5	zymogen_protease
P9WKG7	unassigned
Q00208	zymogen_protease
Q00518	unassigned
Q00663	convertase
Q00689	zymogen_protease
Q01133	unassigned
Q01260	unassigned
Q01284	unassigned
Q01366	unassigned
Q01413	unassigned
Q01693	zymogen_protease
Q01873	unassigned
Q01874	unassigned
Q02470	zymogen_protease
Q02816	unassigned
Q02RJ6	zymogen_protease
Q03110	unassigned
Q03168	zymogen_protease
Q03174	unassigned
Q03238	zymogen_protease
Q03333	convertase
Q03464	unassigned
Q03515	unassigned
Q03919	unassigned
Q03994	unassigned
Q04433	unassigned
Q05538	unassigned
Q05685	unassigned
Q05755	zymogen_protease
Q05798	unassigned
Q06021	unassigned
Q06022	unassigned
Q06023	unassigned
Q06024	unassigned
Q06025	unassigned
Q06031	zymogen_protease
Q06203	unassigned
Q06602	convertase
Q06606	zymogen_protease
Q06922	unassigned
Q06AV0	convertase
Q06FY1	unassigned
Q06GQ2	unassigned
Q06GT0	unassigned
Q06GY9	unassigned
Q06H17	unassigned
Q06RF1	unassigned
Q06SD2	unassigned
Q06ZW0	unassigned
Q07053	unassigned
Q07121	unassigned
Q07123	unassigned
Q07409	unassigned
Q08264	unassigned
Q08271	unassigned
Q08668	unassigned
Q08761	convertase
Q08906	unassigned
Q08DI5	unassigned
Q08DJ5	convertase
Q08DY9	zymogen_protease
Q09169	convertase
Q09626	convertase
Q09840	unassigned
Q09841	zymogen_protease
Q09930	unassigned
Q09FY1	unassigned
Q09G66	unassigned
Q09MH0	unassigned
Q09MJ8	unassigned
Q09T02	unassigned
Q09X09	unassigned
Q09X37	unassigned
Q0C7P6	unassigned
Q0DAS9	unassigned
Q0G9N9	unassigned
Q0G9V4	unassigned
Q0G9Y2	unassigned
Q0I7J2	unassigned
Q0I912	unassigned
Q0IIE0	unassigned
Q0IIG8	unassigned
Q0IUL4	unassigned
Q0MWV8	convertase
Q0N4U8	unassigned
Q0P3J1	unassigned
Q0VDG4	unassigned
Q0VKG8	unassigned
Q0VTT8	unassigned
Q0VTT9	unassigned
Q0VZ38	convertase
Q0VZ39	convertase
Q0VZ40	convertase
Q0WML3	convertase
Q0ZJ40	unassigned
Q0ZZJ6	convertase
Q10717	zymogen_protease
Q10835	zymogen_protease
Q10991	zymogen_protease
Q11000	zymogen_protease
Q11001	zymogen_protease
Q11005	convertase
Q11133	zymogen_protease
Q11137	zymogen_protease
Q11A00	unassigned
Q12218	unassigned
Q12487	unassigned
Q12526	unassigned
Q12546	unassigned
Q14641	convertase
Q14FE9	unassigned
Q14FH6	unassigned
Q14U76	unassigned
Q16YG0	unassigned
Q17027	convertase
Q17196	convertase
Q17QK3	zymogen_protease
Q17RY6	unassigned
Q17UY9	convertase
Q18184	convertase
Q18206	convertase
Q18DH8	unassigned
Q19AZ8	convertase
Q19V64	unassigned
Q19VC4	unassigned
Q1A3R1	convertase
Q1ACK0	unassigned
Q1ACM1	unassigned
Q1EAR5	unassigned
Q1EG28	unassigned
Q1EJP4	convertase
Q1EJP5	convertase
Q1ELU2	unassigned
Q1ELU3	unassigned
Q1ELU7	unassigned
Q1ELU8	unassigned
Q1ELU9	unassigned
Q1EN15	convertase
Q1G3E7	convertase
Q1HA20	unassigned
Q1KLX0	convertase
Q1KLX1	convertase
Q1KLX2	convertase
Q1KLX3	convertase
Q1KLX4	convertase
Q1KLX5	convertase
Q1KLX6	convertase
Q1KLX7	convertase
Q1KLX8	convertase
Q1KLX9	convertase
Q1KLY0	convertase
Q1KLY2	convertase
Q1KLY3	convertase
Q1KLY4	unassigned
Q1KLY5	convertase
Q1KLY6	convertase
Q1KLY7	convertase
Q1KLY8	convertase
Q1KVV0	unassigned
Q1KXX9	unassigned
Q1L658	convertase
Q1L659	convertase
Q1RMJ6	unassigned
Q1W7Q6	convertase
Q1XHL7	unassigned
Q20176	zymogen_protease
Q20942	convertase
Q20ET2	unassigned
Q22328	unassigned
Q22908	unassigned
Q23892	unassigned
Q24702	convertase
Q24815	unassigned
Q24817	unassigned
Q25060	convertase
Q25338	convertase
Q25461	convertase
Q26443	convertase
Q26539	unassigned
Q26636	zymogen_protease
Q27673	zymogen_protease
Q27677	unassigned
Q27IM2	convertase
Q27Q54	zymogen_protease
Q28028	unassigned
Q28057	zymogen_protease
Q28060	convertase
Q28083	unassigned
Q28153	zymogen_protease
Q28263	unassigned
Q28292	unassigned
Q28385	unassigned
Q28386	unassigned
Q28409	convertase
Q28478	unassigned
Q28483	unassigned
Q28520	convertase
Q28522	convertase
Q28579	unassigned
Q28660	unassigned
Q28755	unassigned
Q28768	unassigned
Q28833	convertase
Q28933	unassigned
Q29074	convertase
Q29075	unassigned
Q29432	zymogen_protease
Q29461	zymogen_protease
Q29463	zymogen_protease
Q29485	convertase
Q297U2	zymogen_protease
Q298P4	unassigned
Q29HY3	unassigned
Q2FHV1	unassigned
Q2FHV2	unassigned
Q2FUY2	unassigned
Q2FXT0	unassigned
Q2FZL3	zymogen_protease
Q2G0L4	unassigned
Q2G2R8	zymogen_protease
Q2HJ68	unassigned
Q2HJG3	unassigned
Q2HJI8	unassigned
Q2HY54	unassigned
Q2HYY9	convertase
Q2I2Q5	unassigned
Q2I2R5	unassigned
Q2IAL7	unassigned
Q2JP67	unassigned
Q2JPR2	unassigned
Q2JTJ2	unassigned
Q2JTT0	unassigned
Q2LC47	unassigned
Q2LC49	unassigned
Q2MIC0	unassigned
Q2MIH9	unassigned
Q2MIK7	unassigned
Q2MJK3	unassigned
Q2PE59	zymogen_protease
Q2PE70	unassigned
Q2PFV2	zymogen_protease
Q2QA02	zymogen_protease
Q2QBT0	unassigned
Q2QDA8	unassigned
Q2RQ23	unassigned
Q2TA14	zymogen_protease
Q2TBM7	convertase
Q2TBP0	zymogen_protease
Q2UXQ5	zymogen_protease
Q2UXR0	zymogen_protease
Q2VEJ6	unassigned
Q2VF17	convertase
Q2WGI0	unassigned
Q2XPP5	unassigned
Q2XXL6	convertase
Q31655	unassigned
Q31680	unassigned
Q31738	unassigned
Q31795	unassigned
Q31809	unassigned
Q31886	unassigned
Q31946	unassigned
Q31992	unassigned
Q31A92	unassigned
Q32255	unassigned
Q32256	unassigned
Q32271	unassigned
Q32283	unassigned
Q32303	unassigned
Q32344	unassigned
Q32345	unassigned
Q32360	unassigned
Q32397	unassigned
Q32701	unassigned
Q32908	unassigned
Q32KL2	zymogen_protease
Q32LB5	unassigned
Q32N70	unassigned
Q32RM3	unassigned
Q32RQ1	unassigned
Q32RY7	unassigned
Q32S24	unassigned
Q33050	unassigned
Q33062	unassigned
Q33274	unassigned
Q33282	unassigned
Q33584	unassigned
Q33600	unassigned
Q33619	unassigned
Q33C26	unassigned
Q33C59	unassigned
Q36258	unassigned
Q36800	unassigned
Q37192	unassigned
Q38903	unassigned
Q39649	unassigned
Q3AM89	unassigned
Q3AV15	unassigned
Q3B7N0	convertase
Q3BAN4	unassigned
Q3BAR4	unassigned
Q3BER1	unassigned
Q3BER3	unassigned
Q3BK13	unassigned
Q3BK14	unassigned
Q3C1G3	unassigned
Q3C1J4	unassigned
Q3C256	convertase
Q3C2C1	unassigned
Q3C2C2	unassigned
Q3E7T8	unassigned
Q3E8H4	convertase
Q3HWU1	unassigned
Q3HXX4	convertase
Q3HXX5	convertase
Q3HXX6	convertase
Q3HXX7	convertase
Q3HXX8	convertase
Q3HXX9	convertase
Q3HXY0	convertase
Q3HXY1	convertase
Q3HXY2	convertase
Q3HXY4	convertase
Q3HXY5	convertase
Q3HXY6	convertase
Q3HXY7	convertase
Q3HXY8	convertase
Q3HXY9	convertase
Q3HXZ0	convertase
Q3HXZ1	convertase
Q3I5F4	convertase
Q3L180	unassigned
Q3MAB1	unassigned
Q3MHN0	zymogen_protease
Q3SAE9	unassigned
Q3SAT7	convertase
Q3SWX5	convertase
Q3SWY9	unassigned
Q3SZC2	zymogen_protease
Q3T000	unassigned
Q3T0A3	zymogen_protease
Q3T0P5	zymogen_protease
Q3T0T1	zymogen_protease
Q3T112	zymogen_protease
Q3T478	convertase
Q3UY90	unassigned
Q3V526	unassigned
Q3V554	unassigned
Q3Y5G8	unassigned
Q3ZCJ8	zymogen_protease
Q3ZJ60	unassigned
Q3ZJ74	unassigned
Q3ZKN1	zymogen_protease
Q3ZT29	unassigned
Q40161	unassigned
Q40987	unassigned
Q41253	unassigned
Q41406	unassigned
Q42460	unassigned
Q43007	unassigned
Q43036	unassigned
Q43857	zymogen_protease
Q45670	zymogen_protease
Q45VN2	unassigned
Q46JV2	unassigned
Q499T2	unassigned
Q49CC1	unassigned
Q49KZ0	unassigned
Q49L18	unassigned
Q49M28	convertase
Q4KLG9	unassigned
Q4L0Y3	convertase
Q4LAL9	zymogen_protease
Q4P2U6	unassigned
Q4QXT8	convertase
Q4QXT9	convertase
Q4R128	unassigned
Q4R379	unassigned
Q4R4M3	convertase
Q4R4T8	zymogen_protease
Q4R5M2	zymogen_protease
Q4V645	convertase
Q4VC17	zymogen_protease
Q4WD22	unassigned
Q4WEP7	unassigned
Q4WG16	unassigned
Q4WMA6	unassigned
Q4WNE1	unassigned
Q4WQU0	zymogen_protease
Q4YSU6	unassigned
Q4Z4D2	unassigned
Q4ZFU1	zymogen_protease
Q501W4	unassigned
Q51822	unassigned
Q51825	unassigned
Q51827	unassigned
Q51MW4	unassigned
Q53020	unassigned
Q53047	unassigned
Q53654	unassigned
Q53HY0	unassigned
Q54410	zymogen_protease
Q54873	unassigned
Q54BC8	zymogen_protease
Q54ED3	unassigned
Q54M25	unassigned
Q54QR2	zymogen_protease
Q54SD0	unassigned
Q54Z85	unassigned
Q550Q4	unassigned
Q55332	unassigned
Q566V9	convertase
Q58634	zymogen_protease
Q58CQ9	unassigned
Q58D55	zymogen_protease
Q58D85	unassigned
Q58DW6	unassigned
Q58L90	unassigned
Q58L93	convertase
Q58L95	convertase
Q58T40	convertase
Q58T42	convertase
Q58T43	convertase
Q58T44	convertase
Q58T45	convertase
Q58T46	convertase
Q58T48	convertase
Q58T49	convertase
Q58T52	convertase
Q58T55	convertase
Q58T60	convertase
Q58T61	convertase
Q58T62	convertase
Q58T64	convertase
Q58T65	convertase
Q58T68	convertase
Q58T70	convertase
Q58T74	convertase
Q58T77	convertase
Q58T79	convertase
Q58T80	convertase
Q58T83	convertase
Q58T86	convertase
Q58T87	convertase
Q593B6	zymogen_protease
Q59PF9	unassigned
Q59VW6	unassigned
Q59XA7	unassigned
Q59XL0	unassigned
Q5A5U6	unassigned
Q5A5U9	unassigned
Q5A849	unassigned
Q5AA09	unassigned
Q5ACL7	unassigned
Q5AD78	unassigned
Q5AGC4	unassigned
Q5AIA1	unassigned
Q5AJV5	unassigned
Q5ANA8	zymogen_protease
Q5ATQ3	zymogen_protease
Q5B428	unassigned
Q5B508	zymogen_protease
Q5BAP5	unassigned
Q5BIV9	unassigned
Q5BK84	unassigned
Q5DW47	convertase
Q5DWV1	convertase
Q5DWV2	convertase
Q5E9D1	unassigned
Q5EFX7	unassigned
Q5F352	unassigned
Q5F378	unassigned
Q5FBW2	zymogen_protease
Q5FZP5	convertase
Q5G862	unassigned
Q5G864	unassigned
Q5G865	unassigned
Q5G866	unassigned
Q5GC91	convertase
Q5GC94	convertase
Q5H8A2	convertase
Q5HH35	zymogen_protease
Q5I2B2	unassigned
Q5I931	unassigned
Q5IS78	convertase
Q5ISB0	convertase
Q5J6J1	zymogen_protease
Q5J6J2	zymogen_protease
Q5JNJ5	unassigned
Q5K0C7	unassigned
Q5K2P8	zymogen_protease
Q5K2P9	zymogen_protease
Q5M872	zymogen_protease
Q5N337	unassigned
Q5N4D2	unassigned
Q5N5R2	unassigned
Q5NAT0	unassigned
Q5NVI9	unassigned
Q5PP12	unassigned
Q5R231	convertase
Q5R4B8	unassigned
Q5R4D4	unassigned
Q5R510	unassigned
Q5R537	convertase
Q5R5C1	unassigned
Q5R5D9	zymogen_protease
Q5R5H5	unassigned
Q5R5W6	convertase
Q5R6J4	unassigned
Q5R7A9	unassigned
Q5R7J8	unassigned
Q5R7P4	zymogen_protease
Q5R7U2	unassigned
Q5R8J0	convertase
Q5R8X6	zymogen_protease
Q5RB02	zymogen_protease
Q5RBU7	zymogen_protease
Q5RCK9	unassigned
Q5RD87	unassigned
Q5RDN7	zymogen_protease
Q5REC2	convertase
Q5REC9	unassigned
Q5RET9	unassigned
Q5RFI2	unassigned
Q5RFQ8	convertase
Q5RJH3	convertase
Q5SCW8	unassigned
Q5U2V4	zymogen_protease
Q5UAF1	unassigned
Q5UJG1	unassigned
Q5UJG3	unassigned
Q5UJG7	unassigned
Q5UJH0	unassigned
Q5UJH8	unassigned
Q5UJI7	unassigned
Q5USN7	unassigned
Q5USN8	unassigned
Q5USV5	convertase
Q5V7F4	unassigned
Q5W416	zymogen_protease
Q5X9R0	zymogen_protease
Q5XLE4	convertase
Q5XVM4	unassigned
Q5Y4U6	unassigned
Q5Y4U7	unassigned
Q5Y4U8	unassigned
Q5Y4V2	unassigned
Q5Y4V3	unassigned
Q5Y4V6	unassigned
Q5Y4V8	unassigned
Q5YF90	convertase
Q5Z9C8	unassigned
Q5ZLG1	unassigned
Q60136	zymogen_protease
Q60153	unassigned
Q60468	unassigned
Q60472	unassigned
Q60478	convertase
Q60480	unassigned
Q60HC8	zymogen_protease
Q60HG6	zymogen_protease
Q61702	unassigned
Q61703	unassigned
Q61704	convertase
Q61754	zymogen_protease
Q61878	unassigned
Q62381	zymogen_protease
Q624D2	unassigned
Q62682	unassigned
Q62714	unassigned
Q62715	unassigned
Q62716	unassigned
Q62803	unassigned
Q62949	convertase
Q64016	unassigned
Q64263	unassigned
Q64389	unassigned
Q66S03	convertase
Q66TN7	zymogen_protease
Q67UE8	unassigned
Q68G95	unassigned
Q68GV9	zymogen_protease
Q68KK0	unassigned
Q68LC0	convertase
Q68RZ8	unassigned
Q68S26	unassigned
Q69T51	unassigned
Q69Z28	convertase
Q6AWT8	unassigned
Q6AY33	unassigned
Q6AYE8	unassigned
Q6BT31	unassigned
Q6DBB8	convertase
Q6DDU7	unassigned
Q6DHE8	unassigned
Q6DJ00	convertase
Q6DT45	zymogen_protease
Q6DTL9	convertase
Q6EBC1	unassigned
Q6EH52	unassigned
Q6ENG6	unassigned
Q6ENJ7	unassigned
Q6ENV5	unassigned
Q6EP31	unassigned
Q6EW68	unassigned
Q6F495	unassigned
Q6FAX7	zymogen_protease
Q6FXR8	unassigned
Q6GAG4	zymogen_protease
Q6GI34	zymogen_protease
Q6GQ29	zymogen_protease
Q6GUL6	unassigned
Q6GXJ1	unassigned
Q6H266	unassigned
Q6H321	zymogen_protease
Q6HA10	convertase
Q6I6M7	unassigned
Q6INW9	unassigned
Q6IP71	unassigned
Q6IV26	unassigned
Q6IVA5	unassigned
Q6J1J2	convertase
Q6JLX1	unassigned
Q6JQN2	convertase
Q6L391	unassigned
Q6L3B5	unassigned
Q6LCI5	convertase
Q6NKW9	unassigned
Q6NLF4	unassigned
Q6NUJ1	unassigned
Q6P4Z2	unassigned
Q6P9X4	unassigned
Q6PFX6	convertase
Q6QGD5	unassigned
Q6QGD7	zymogen_protease
Q6QLQ9	unassigned
Q6QLR1	unassigned
Q6QLR2	unassigned
Q6QNF4	zymogen_protease
Q6SA80	unassigned
Q6SLM0	unassigned
Q6T178	zymogen_protease
Q6T5B8	convertase
Q6UEH6	unassigned
Q6UIL3	unassigned
Q6UWM5	unassigned
Q6X1T6	zymogen_protease
Q6XK91	unassigned
Q6Y9H0	unassigned
Q6YBR5	convertase
Q6YD92	zymogen_protease
Q6YIJ3	unassigned
Q6Z7L8	unassigned
Q6ZHA3	unassigned
Q70DX9	zymogen_protease
Q70GH4	zymogen_protease
Q70XZ5	unassigned
Q70Y17	unassigned
Q70Z17	unassigned
Q70Z18	unassigned
Q70Z19	unassigned
Q71DR4	unassigned
Q75S48	unassigned
Q75SZ9	unassigned
Q75WH2	unassigned
Q765I2	convertase
Q765Z4	convertase
Q765Z5	convertase
Q766C2	zymogen_protease
Q766C3	zymogen_protease
Q76CA1	convertase
Q76CA2	unassigned
Q7A151	unassigned
Q7A152	unassigned
Q7A655	unassigned
Q7A6A6	zymogen_protease
Q7AKQ5	zymogen_protease
Q7AP87	unassigned
Q7FNT3	unassigned
Q7GDW5	unassigned
Q7GUD0	unassigned
Q7JIH3	unassigned
Q7JIY2	unassigned
Q7JK02	unassigned
Q7JLI1	convertase
Q7JR49	unassigned
Q7M323	zymogen_protease
Q7M3E1	zymogen_protease
Q7M7A9	unassigned
Q7Q7R8	convertase
Q7QH73	convertase
Q7RTY7	zymogen_protease
Q7RTY9	zymogen_protease
Q7SZR5	unassigned
Q7T1R0	unassigned
Q7T1R1	unassigned
Q7T1T4	zymogen_protease
Q7T293	unassigned
Q7T2E8	unassigned
Q7T2Q4	unassigned
Q7T2Q5	unassigned
Q7T2X7	convertase
Q7TNK8	convertase
Q7TNZ5	unassigned
Q7TPZ8	zymogen_protease
Q7TQN2	unassigned
Q7TTH6	unassigned
Q7TTJ7	unassigned
Q7U4Z3	unassigned
Q7U669	unassigned
Q7XR52	zymogen_protease
Q7YJW4	unassigned
Q7YJY8	unassigned
Q7YRB4	convertase
Q7YRZ7	zymogen_protease
Q7YT39	unassigned
Q7YT83	convertase
Q7YX32	convertase
Q7YZS9	convertase
Q7Z096	convertase
Q7Z1Y7	zymogen_protease
Q7Z444	unassigned
Q7Z4P5	convertase
Q7Z553	unassigned
Q7ZZM2	unassigned
Q800A0	zymogen_protease
Q800B8	convertase
Q800B9	convertase
Q800C0	convertase
Q800R2	convertase
Q802I1	unassigned
Q805F2	zymogen_protease
Q805F4	zymogen_protease
Q80SZ7	unassigned
Q80V42	zymogen_protease
Q80ZA0	unassigned
Q80ZF0	unassigned
Q810H5	convertase
Q811Q4	unassigned
Q812G9	unassigned
Q81BJ6	zymogen_protease
Q82ZM8	unassigned
Q833V7	zymogen_protease
Q83453	unassigned
Q85BH5	unassigned
Q85C23	unassigned
Q85WS3	unassigned
Q865R1	unassigned
Q865X7	unassigned
Q867A9	convertase
Q867D0	convertase
Q86C51	convertase
Q86FQ0	unassigned
Q86QI5	convertase
Q877A8	convertase
Q8AVA3	unassigned
Q8AVA4	unassigned
Q8AWX7	zymogen_protease
Q8AXW7	unassigned
Q8AXZ4	unassigned
Q8BGN6	convertase
Q8BHE5	convertase
Q8BJ48	zymogen_protease
Q8BKV1	unassigned
Q8BM92	convertase
Q8BYP3	unassigned
Q8C1C1	unassigned
Q8C4W3	unassigned
Q8CGR5	zymogen_protease
Q8CH01	convertase
Q8GCB2	unassigned
Q8GS39	zymogen_protease
Q8GTM0	unassigned
Q8GWJ6	unassigned
Q8GWN6	convertase
Q8GZ17	unassigned
Q8H159	unassigned
Q8H6Q1	unassigned
Q8HY17	convertase
Q8HY52	convertase
Q8HY82	zymogen_protease
Q8HYB6	unassigned
Q8I1F6	convertase
Q8I430	zymogen_protease
Q8I6K1	zymogen_protease
Q8I6T1	unassigned
Q8I912	zymogen_protease
Q8I913	zymogen_protease
Q8IDF3	zymogen_protease
Q8ILP3	unassigned
Q8ISH7	unassigned
Q8J0D5	zymogen_protease
Q8J1Y4	unassigned
Q8J282	unassigned
Q8J2N2	zymogen_protease
Q8JFB2	unassigned
Q8JHE1	convertase
Q8JI28	zymogen_protease
Q8JIM3	convertase
Q8K4P2	convertase
Q8K561	unassigned
Q8K5A4	unassigned
Q8L7D2	zymogen_protease
Q8L868	unassigned
Q8L9T8	unassigned
Q8LD43	unassigned
Q8LEE9	unassigned
Q8LG54	unassigned
Q8M9W3	unassigned
Q8MJC3	zymogen_protease
Q8MJU1	zymogen_protease
Q8MKD1	unassigned
Q8MNZ1	zymogen_protease
Q8N729	convertase
Q8NEB7	unassigned
Q8NI32	unassigned
Q8NUJ3	unassigned
Q8NX66	unassigned
Q8NX98	zymogen_protease
Q8NZ80	zymogen_protease
Q8QFQ8	unassigned
Q8QGA2	convertase
Q8QHK2	zymogen_protease
Q8QHK3	zymogen_protease
Q8R2G4	unassigned
Q8RU60	unassigned
Q8RUC6	unassigned
Q8RWQ9	zymogen_protease
Q8S927	unassigned
Q8SN66	unassigned
Q8SQ23	convertase
Q8SQ46	unassigned
Q8T0Z3	unassigned
Q8T8E6	zymogen_protease
Q8T8E7	zymogen_protease
Q8TGE1	unassigned
Q8UUG0	unassigned
Q8UUG2	unassigned
Q8UW31	unassigned
Q8VCI0	zymogen_protease
Q8VXX5	unassigned
Q8VYE5	unassigned
Q8VYK7	unassigned
Q8VYL3	zymogen_protease
Q8W4Y8	unassigned
Q8WI36	unassigned
Q8WMV0	unassigned
Q8WTD3	unassigned
Q8WTD4	unassigned
Q8WVF2	unassigned
Q8WVH0	unassigned
Q8WXQ8	convertase
Q8X176	unassigned
Q8YQS7	unassigned
Q90220	zymogen_protease
Q90391	zymogen_protease
Q90392	zymogen_protease
Q90751	convertase
Q90762	convertase
Q90773	unassigned
Q90W22	convertase
Q90W38	convertase
Q90W78	convertase
Q90W79	unassigned
Q90WA7	unassigned
Q90WP7	convertase
Q90WV2	unassigned
Q90WX8	unassigned
Q90YC2	convertase
Q91133	unassigned
Q91274	convertase
Q91507	zymogen_protease
Q91508	zymogen_protease
Q91509	zymogen_protease
Q91510	zymogen_protease
Q91717	unassigned
Q91806	unassigned
Q91826	convertase
Q91838	convertase
Q91V82	unassigned
Q91W27	convertase
Q92030	unassigned
Q92031	zymogen_protease
Q92032	zymogen_protease
Q92085	unassigned
Q92086	unassigned
Q920S2	zymogen_protease
Q92223	unassigned
Q923M0	unassigned
Q93109	convertase
Q93AL9	unassigned
Q93V72	unassigned
Q93VC9	zymogen_protease
Q93WP7	unassigned
Q93WP8	unassigned
Q93XK2	unassigned
Q93Z08	unassigned
Q94316	convertase
Q94504	zymogen_protease
Q945T0	unassigned
Q94715	zymogen_protease
Q94AX3	unassigned
Q94B08	zymogen_protease
Q94CD8	unassigned
Q95104	convertase
Q95106	convertase
Q95174	unassigned
Q95176	unassigned
Q95194	unassigned
Q95198	unassigned
Q95235	unassigned
Q95237	unassigned
Q95270	unassigned
Q95323	unassigned
Q95LI0	convertase
Q95M08	unassigned
Q95M33	unassigned
Q95ME4	unassigned
Q95P48	convertase
Q95PA1	unassigned
Q96575	zymogen_protease
Q96A98	convertase
Q96PL2	unassigned
Q96S79	unassigned
Q96TS6	unassigned
Q96VC4	zymogen_protease
Q96WY0	unassigned
Q97T80	zymogen_protease
Q98892	unassigned
Q99013	unassigned
Q99320	unassigned
Q99V45	zymogen_protease
Q9AD93	unassigned
Q9AR88	unassigned
Q9AYP9	unassigned
Q9BA49	unassigned
Q9BBU1	unassigned
Q9BBU3	unassigned
Q9BDJ5	unassigned
Q9BPA9	unassigned
Q9BPE9	unassigned
Q9BPI0	unassigned
Q9BPJ7	convertase
Q9BQR3	zymogen_protease
Q9BZD7	unassigned
Q9C169	unassigned
Q9C3Y4	unassigned
Q9C4B4	unassigned
Q9C5D3	unassigned
Q9C5S0	unassigned
Q9C7U5	unassigned
Q9C8A4	unassigned
Q9C9A3	unassigned
Q9CQ52	zymogen_protease
Q9CQ86	unassigned
Q9CQC2	unassigned
Q9CQW3	convertase
Q9CQX2	unassigned
Q9CRA0	unassigned
Q9D106	zymogen_protease
Q9D7R7	zymogen_protease
Q9D8T3	unassigned
Q9DAS9	unassigned
Q9DER7	zymogen_protease
Q9DET7	convertase
Q9DF56	unassigned
Q9DGD4	unassigned
Q9ER63	unassigned
Q9ERA7	convertase
Q9F930	unassigned
Q9FFH6	unassigned
Q9FHQ6	unassigned
Q9FJ13	unassigned
Q9FJU9	unassigned
Q9FK16	unassigned
Q9FMH8	zymogen_protease
Q9FPR2	unassigned
Q9FRF9	unassigned
Q9FS10	unassigned
Q9FSV7	unassigned
Q9FY19	zymogen_protease
Q9FY78	unassigned
Q9FZ54	unassigned
Q9GK16	unassigned
Q9GKE1	zymogen_protease
Q9GLR0	convertase
Q9GLR1	convertase
Q9GLV5	convertase
Q9GM50	zymogen_protease
Q9GM96	convertase
Q9GM97	convertase
Q9GPQ8	unassigned
Q9GPS3	unassigned
Q9GU58	convertase
Q9H1Z8	convertase
Q9H3G5	zymogen_protease
Q9H4B8	unassigned
Q9HE04	unassigned
Q9HF51	unassigned
Q9HF54	unassigned
Q9HF56	unassigned
Q9I8X2	zymogen_protease
Q9IAY2	zymogen_protease
Q9JHJ7	zymogen_protease
Q9JHW0	zymogen_protease
Q9JLT2	unassigned
Q9JMC3	unassigned
Q9K163	zymogen_protease
Q9K5K3	unassigned
Q9KI13	unassigned
Q9KKA3	unassigned
Q9KMU6	zymogen_protease
Q9KWM4	unassigned
Q9KWN0	unassigned
Q9L5D6	zymogen_protease
Q9LE56	zymogen_protease
Q9LEH8	unassigned
Q9LF57	unassigned
Q9LII0	unassigned
Q9LIP2	zymogen_protease
Q9LJD9	unassigned
Q9LJU1	unassigned
Q9LU08	convertase
Q9LUS7	unassigned
Q9LVJ1	zymogen_protease
Q9LVM9	unassigned
Q9LXW3	zymogen_protease
Q9LY91	unassigned
Q9LYF6	unassigned
Q9LZX4	unassigned
Q9LZZ9	unassigned
Q9M088	unassigned
Q9M0A1	unassigned
Q9M0I0	unassigned
Q9M0S4	unassigned
Q9M2Y0	unassigned
Q9M373	unassigned
Q9MAP7	zymogen_protease
Q9MTP9	unassigned
Q9MUT6	unassigned
Q9MUW0	unassigned
Q9MVE5	unassigned
Q9MYV1	convertase
Q9MYY0	unassigned
Q9MZD5	unassigned
Q9MZS8	zymogen_protease
Q9N2D0	unassigned
Q9N2D1	zymogen_protease
Q9N2D2	zymogen_protease
Q9N2D3	zymogen_protease
Q9N2D4	zymogen_protease
Q9N2E9	convertase
Q9N2F0	convertase
Q9N2F1	convertase
Q9NBW2	unassigned
Q9NDE7	convertase
Q9NFZ2	unassigned
Q9P358	zymogen_protease
Q9P359	zymogen_protease
Q9P4W3	zymogen_protease
Q9P4W4	zymogen_protease
Q9P6S0	unassigned
Q9PRG0	unassigned
Q9PSX7	unassigned
Q9PT75	convertase
Q9PTA1	unassigned
Q9PU29	convertase
Q9PU41	convertase
Q9PUG7	unassigned
Q9PUG8	unassigned
Q9PVK7	zymogen_protease
Q9PVK9	zymogen_protease
Q9PW36	zymogen_protease
Q9PWJ0	zymogen_protease
Q9QUP5	unassigned
Q9QY05	convertase
Q9QYJ0	unassigned
Q9QYN3	zymogen_protease
Q9QYZ9	zymogen_protease
Q9QZY5	unassigned
Q9R013	zymogen_protease
Q9R087	unassigned
Q9R0R1	unassigned
Q9R157	unassigned
Q9RQJ2	unassigned
Q9SI57	unassigned
Q9SJ81	unassigned
Q9SJL2	unassigned
Q9SJY7	unassigned
Q9SL04	unassigned
Q9STL5	zymogen_protease
Q9STQ3	unassigned
Q9SU13	unassigned
Q9SUL1	zymogen_protease
Q9SUS9	zymogen_protease
Q9SUT0	zymogen_protease
Q9SW27	unassigned
Q9SZ51	unassigned
Q9T076	unassigned
Q9T351	unassigned
Q9TL35	unassigned
Q9TNF7	unassigned
Q9TNF8	unassigned
Q9TRM8	convertase
Q9TRY9	unassigned
Q9TST2	convertase
Q9TST3	convertase
Q9TSZ1	zymogen_protease
Q9TU18	unassigned
Q9TU25	unassigned
Q9TU73	unassigned
Q9TUX7	convertase
Q9TV36	unassigned
Q9TWM7	unassigned
Q9TYW1	unassigned
Q9U3S9	zymogen_protease
Q9U3Z3	convertase
Q9U6X1	convertase
Q9U6Z6	convertase
Q9UK08	unassigned
Q9UR19	zymogen_protease
Q9UV63	unassigned
Q9V751	convertase
Q9V8G0	unassigned
Q9VCW0	convertase
Q9VN93	zymogen_protease
Q9VP48	unassigned
Q9VT52	convertase
Q9VT53	convertase
Q9VTM6	unassigned
Q9W4Z4	convertase
Q9W6V2	unassigned
Q9W7S2	zymogen_protease
Q9WTL0	convertase
Q9WU67	unassigned
Q9WUU7	zymogen_protease
Q9WVM6	convertase
Q9WYZ1	zymogen_protease
Q9XEB5	unassigned
Q9XSL6	zymogen_protease
Q9XSQ7	unassigned
Q9XSR0	unassigned
Q9XUV0	zymogen_protease
Q9XYR5	convertase
Q9XZC0	convertase
Q9XZK2	unassigned
Q9XZK5	convertase
Q9Y1U9	convertase
Q9YGJ8	zymogen_protease
Q9YGS1	zymogen_protease
Q9YH26	unassigned
Q9YIB4	unassigned
Q9Z0L4	unassigned
Q9Z0M3	convertase
Q9Z0T3	unassigned
Q9Z1Q4	unassigned
Q9Z2G7	unassigned
Q9ZQG9	unassigned
Q9ZQI8	unassigned
Q9ZT16	unassigned
Q9ZU91	unassigned
Q9ZUF6	zymogen_protease
R4IR27	zymogen_protease
S6CWV8	unassigned
S6D3A7	unassigned
S7Q0E7	unassigned
T2KNC2	unassigned
W0THY6	unassigned
W4VSA0	unassigned
W4VSF6	convertase
W5U5X5	unassigned
W8GNV3	unassigned
X5IWT5	unassigned
A0A023W0B6	convertase
A0A023W140	convertase
A0A023W157	convertase
A0A024QYT3	unassigned
A0A024SIB3	unassigned
A0A059J5P2	convertase
A0A084G2W8	convertase
A0A088MI62	convertase
A0A088SG62	unassigned
A0A090CRQ9	unassigned
A0A096P2H4	unassigned
A0A096ZEC9	unassigned
A0A0A0V633	unassigned
A0A0A0V662	unassigned
A0A0A0VBR5	unassigned
A0A0B4JDK1	unassigned
A0A0B5A7P2	convertase
A0A0B5A8Q2	convertase
A0A0B5AC86	convertase
A0A0B5AC90	convertase
A0A0B5ADT3	convertase
A0A0B5ADU4	convertase
A0A0C4G4L1	convertase
A0A0E3SVE7	unassigned
A0A0F7YYV0	convertase
A0A0H3H546	unassigned
A0A0H3H7Y9	unassigned
A0A0H3HDD6	unassigned
A0A0K1IRS6	unassigned
A0A0N7KBN8	unassigned
A0A125S9M5	unassigned
A0A142I730	unassigned
A0A144LVL3	unassigned
A0A144LVM3	unassigned
A0A178U9T0	convertase
A0A193H2X2	convertase
A0A193H327	convertase
A0A193H329	convertase
A0A193H361	convertase
A0A193H362	convertase
A0A193H365	convertase
A0A193H395	convertase
A0A193H396	convertase
A0A193H397	convertase
A0A1B0GTK4	unassigned
A0A1B0GVD1	unassigned
A0A1B7XV12	unassigned
A0A1D3IXJ5	convertase
A0A1P8AVP6	convertase
A0A1P8B1G7	convertase
A0A1P8BD36	convertase
A0A1P8BH24	convertase
A0A1P8VFM2	unassigned
A0A1R3S3A8	unassigned
A0A1S6EK92	unassigned
A0A1Z4VJI9	unassigned
A0A291NVT7	unassigned
A0A2D1P890	unassigned
A0A2I0BRF1	zymogen_protease
A0A2I6EDL2	unassigned
A0A2I6EDL4	convertase
A0A2I6EDM8	convertase
A0A2U8JCR5	unassigned
A0A2Y9GHM8	unassigned
A0A330KUG5	convertase
A0A330KW27	convertase
A0A331	unassigned
A0A346CED7	unassigned
A0A348G5V8	unassigned
A0A348G5V9	unassigned
A0A348G5W1	unassigned
A0A348G5W2	unassigned
A0A348G6I7	unassigned
A0A3G3C7R5	unassigned
A0A3G3C7S0	unassigned
A0A3G3C7S2	unassigned
A0A3G3C7T5	unassigned
A0A3G3C7U1	unassigned
A0A3G3C7U2	unassigned
A0A3G3C7U4	unassigned
A0A3G3C7U7	unassigned
A0A3G3C7U9	convertase
A0A3G3C7V0	unassigned
A0A3G3C7V6	convertase
A0A3G3C7V7	unassigned
A0A3G5BIB4	unassigned
A0A3G5BID2	unassigned
A0A3S9V8K6	convertase
A0A3S9V8L7	convertase
A0A3S9V8L9	convertase
A0A4C3GMC1	unassigned
A0A4P8XV20	unassigned
A0A509ALH1	zymogen_protease
A0A509APC7	zymogen_protease
A0A509AWX2	zymogen_protease
A0A5P9K461	convertase
A0A5P9K470	convertase
A0A5P9K5G4	convertase
A0A6B7FA07	convertase
A0A6B7FBD3	convertase
A0A6B7FEJ3	convertase
A0A6G9KHD1	unassigned
A0A6G9KHE4	unassigned
A0A6M3Z4D9	unassigned
A0A6M3Z4E7	unassigned
A0A6M3Z4R1	unassigned
A0A6M3Z4R4	unassigned
A0A6M3Z541	unassigned
A0A6M3Z9I6	unassigned
A0A6M6R9M4	unassigned
A0A7M6UNN1	unassigned
A0A804HLA8	unassigned
A0A8J9SEV3	unassigned
A0A976SLN7	unassigned
A0A976XJR9	unassigned
A0A9W3HR39	unassigned
A0A9W3HR52	unassigned
A0B5B1	zymogen_protease
A0C767	unassigned
A0E358	zymogen_protease
A0JNQ7	unassigned
A0JWY6	zymogen_protease
A0LU50	zymogen_protease
A0PQT3	zymogen_protease
A0QFB5	zymogen_protease
A0RU86	zymogen_protease
A0RXV1	zymogen_protease
A0RZB4	unassigned
A0SIX6	convertase
A0SN38	convertase
A0SN42	convertase
A0SN45	convertase
A0SPI0	unassigned
A0SPI1	unassigned
A0T0G9	unassigned
A0ZT93	unassigned
A0ZZ31	unassigned
A1C4M2	zymogen_protease
A1C7B5	unassigned
A1C948	zymogen_protease
A1CBR4	zymogen_protease
A1CIA7	zymogen_protease
A1CIU4	convertase
A1CIV8	zymogen_protease
A1CSU3	unassigned
A1CUJ5	zymogen_protease
A1CVV8	zymogen_protease
A1CVX6	convertase
A1D145	zymogen_protease
A1D9K5	zymogen_protease
A1DA48	convertase
A1DAQ2	zymogen_protease
A1DBW0	zymogen_protease
A1DDK1	zymogen_protease
A1DGH9	unassigned
A1DHY9	unassigned
A1DP75	zymogen_protease
A1E9R0	unassigned
A1E9Z4	unassigned
A1KKF3	zymogen_protease
A1KXI1	zymogen_protease
A1L453	zymogen_protease
A1R6Q7	zymogen_protease
A1RSJ8	zymogen_protease
A1RTI7	zymogen_protease
A1RWY6	zymogen_protease
A1RX71	zymogen_protease
A1SK13	zymogen_protease
A1TAP4	zymogen_protease
A1UHS7	zymogen_protease
A1X8B6	unassigned
A1XFV1	unassigned
A1XIH0	zymogen_protease
A1XIH1	zymogen_protease
A1XIH3	zymogen_protease
A1XIH4	zymogen_protease
A1XIH5	zymogen_protease
A1XIH6	zymogen_protease
A1XIM1	zymogen_protease
A1XIM2	zymogen_protease
A1XIM5	zymogen_protease
A1XIM6	zymogen_protease
A1XQU1	zymogen_protease
A1ZB62	unassigned
A1ZB63	unassigned
A1ZB64	unassigned
A2BN24	zymogen_protease
A2BN27	zymogen_protease
A2Q7V4	zymogen_protease
A2QAH3	zymogen_protease
A2QBB6	zymogen_protease
A2QBQ3	unassigned
A2QCV8	zymogen_protease
A2QL39	zymogen_protease
A2QPN1	unassigned
A2QZA2	unassigned
A2R2G1	zymogen_protease
A2R3L3	zymogen_protease
A2R5S4	zymogen_protease
A2R8F8	zymogen_protease
A2RVM8	unassigned
A2SS78	zymogen_protease
A2T329	unassigned
A2TJV2	unassigned
A2V9Z4	convertase
A2VE33	unassigned
A2WK50	unassigned
A2XHZ9	unassigned
A2XXR7	unassigned
A2YS06	unassigned
A2ZC67	zymogen_protease
A3CUS9	zymogen_protease
A3DN21	zymogen_protease
A3DN27	zymogen_protease
A3LSY7	zymogen_protease
A3MS44	zymogen_protease
A3MXQ6	zymogen_protease
A3PAU3	unassigned
A3Q193	zymogen_protease
A4FBY1	zymogen_protease
A4FYA5	zymogen_protease
A4GGA1	unassigned
A4GYQ5	unassigned
A4H220	convertase
A4H221	convertase
A4H222	convertase
A4H223	convertase
A4IIL4	unassigned
A4QJB1	unassigned
A4QJJ5	unassigned
A4QJS9	unassigned
A4QK14	unassigned
A4QKA1	unassigned
A4QKI8	unassigned
A4QKS7	unassigned
A4QL15	unassigned
A4QLA2	unassigned
A4QLJ0	unassigned
A4QLS9	unassigned
A4QWP8	zymogen_protease
A4R640	zymogen_protease
A4RPY8	zymogen_protease
A4TB64	zymogen_protease
A4V8W0	zymogen_protease
A4WH05	zymogen_protease
A4WMZ0	zymogen_protease
A4X3P0	zymogen_protease
A4X744	zymogen_protease
A4YIE0	zymogen_protease
A4YJ04	zymogen_protease
A5A752	convertase
A5AB21	zymogen_protease
A5D9W7	zymogen_protease
A5GJU5	unassigned
A5GTY5	unassigned
A5H1G9	unassigned
A5IS15	unassigned
A5IS16	unassigned
A5IS17	unassigned
A5U4D6	zymogen_protease
A5UM14	zymogen_protease
A5WP84	zymogen_protease
A5YCB8	zymogen_protease
A5YCB9	zymogen_protease
A6BM30	unassigned
A6H5G7	unassigned
A6MM32	unassigned
A6MMB8	unassigned
A6MMK3	unassigned
A6MMU0	unassigned
A6MVT2	unassigned
A6MWS9	unassigned
A6NIZ1	unassigned
A6P331	unassigned
A6QG32	unassigned
A6QPN6	unassigned
A6RCF5	unassigned
A6REE0	zymogen_protease
A6RGA0	zymogen_protease
A6RUD7	zymogen_protease
A6SBW7	convertase
A6U0U6	unassigned
A6U0U7	unassigned
A6U0U8	unassigned
A6USJ3	zymogen_protease
A6UT20	zymogen_protease
A6VK02	zymogen_protease
A6W970	zymogen_protease
A6XN32	unassigned
A6YF56	convertase
A6YG77	unassigned
A6ZKM4	unassigned
A6ZL22	unassigned
A6ZP43	zymogen_protease
A6ZQH3	convertase
A6ZQH4	convertase
A6ZQH6	zymogen_protease
A6ZXR1	unassigned
A6ZY20	unassigned
A6ZZ54	zymogen_protease
A6ZZG0	convertase
A6ZZG1	convertase
A7E8H4	unassigned
A7ETG2	zymogen_protease
A7EUC0	unassigned
A7F4H5	zymogen_protease
A7F811	convertase
A7GT16	zymogen_protease
A7I841	zymogen_protease
A7KE01	zymogen_protease
A7KII6	zymogen_protease
A7LAC6	zymogen_protease
A7LAC7	zymogen_protease
A7M8Z7	unassigned
A7M962	unassigned
A7RJ12	convertase
A7RMN1	convertase
A7SRR3	convertase
A7UDM9	unassigned
A7UKV5	zymogen_protease
A7UKV6	zymogen_protease
A7UKV9	zymogen_protease
A7UKW1	zymogen_protease
A7WNV3	convertase
A7WNV4	convertase
A7WNV5	convertase
A7WNV6	convertase
A7WNV7	convertase
A7X146	unassigned
A7X148	unassigned
A7X149	unassigned
A7Y3C5	unassigned
A7Z070	unassigned
A7Z6W8	zymogen_protease
A8AA46	zymogen_protease
A8AB58	zymogen_protease
A8B5P0	convertase
A8DY01	convertase
A8E7N9	convertase
A8FFD9	zymogen_protease
A8LH54	zymogen_protease
A8M2A3	zymogen_protease
A8M8R5	zymogen_protease
A8MBW0	zymogen_protease
A8MRU6	convertase
A8NU18	unassigned
A8QL53	zymogen_protease
A8QL57	zymogen_protease
A8SE99	unassigned
A8W3C0	unassigned
A8W3I3	unassigned
A8XAD0	unassigned
A8Y7N4	convertase
A8Y7N7	convertase
A8Y7N8	convertase
A8Y7N9	unassigned
A8Y7P5	unassigned
A8Y9F6	unassigned
A8Z1R0	unassigned
A8Z1R1	unassigned
A9A2U7	zymogen_protease
A9A4A1	zymogen_protease
A9A788	zymogen_protease
A9CB18	convertase
A9CB89	unassigned
A9CB94	unassigned
A9L992	unassigned
A9LYI1	unassigned
A9P3S1	unassigned
A9UGV5	unassigned
A9UGV6	unassigned
A9UGV7	unassigned
A9VHU8	zymogen_protease
A9WNA0	unassigned
A9WSI1	zymogen_protease
B0CPC6	unassigned
B0L0Y5	unassigned
B0R4C8	zymogen_protease
B0XPA1	zymogen_protease
B0XPP3	zymogen_protease
B0XRS8	unassigned
B0XTU6	unassigned
B0Y081	zymogen_protease
B0Y1V8	zymogen_protease
B0Y473	zymogen_protease
B0Y4X9	convertase
B0Y4Z4	zymogen_protease
B0Y708	zymogen_protease
B0Y9E2	zymogen_protease
B0YAH0	zymogen_protease
B0YED6	zymogen_protease
B0YEV0	convertase
B0YPN8	unassigned
B0Z4M1	unassigned
B0Z4V5	unassigned
B0Z539	unassigned
B0Z5C3	unassigned
B0ZE70	unassigned
B1A931	unassigned
B1L6S7	zymogen_protease
B1L6X8	zymogen_protease
B1MAI2	zymogen_protease
B1NRQ9	unassigned
B1NRR0	unassigned
B1NRR1	unassigned
B1NRR2	unassigned
B1NRR3	unassigned
B1NTP4	unassigned
B1NWE6	unassigned
B1P1A5	unassigned
B1P1A7	unassigned
B1P1A8	unassigned
B1P1B0	unassigned
B1P1B1	unassigned
B1P1B2	unassigned
B1P1B3	unassigned
B1P1B4	unassigned
B1P1B7	unassigned
B1P1B8	unassigned
B1P1B9	unassigned
B1P1C4	unassigned
B1P1C6	unassigned
B1P1C7	unassigned
B1P1C9	unassigned
B1P1D4	unassigned
B1P1E4	unassigned
B1P1F0	unassigned
B1P1F1	unassigned
B1P1F7	unassigned
B1P1F8	unassigned
B1P1F9	unassigned
B1P1G4	unassigned
B1P1H2	unassigned
B1P1H3	unassigned
B1P1H4	unassigned
B1P1I2	unassigned
B1P1I5	unassigned
B1P1I6	unassigned
B1VKG9	unassigned
B1W306	zymogen_protease
B1XIP3	unassigned
B1XMC3	unassigned
B1YA36	zymogen_protease
B1YDJ0	zymogen_protease
B2AWD5	zymogen_protease
B2B3P6	zymogen_protease
B2HFV6	zymogen_protease
B2LMI9	unassigned
B2MW54	convertase
B2RKU0	zymogen_protease
B2RM93	zymogen_protease
B2WKF1	zymogen_protease
B2WKX9	zymogen_protease
B2WMR5	zymogen_protease
B2X1W8	unassigned
B2XWK1	unassigned
B2Y1U6	unassigned
B2ZB95	convertase
B2ZB98	convertase
B2ZB99	convertase
B2ZBA1	convertase
B2ZBB8	unassigned
B3DL37	unassigned
B3EWG0	convertase
B3EWH6	unassigned
B3EWT0	unassigned
B3EWX6	unassigned
B3F0J0	unassigned
B3FIA5	convertase
B3H587	unassigned
B3KYH5	convertase
B3KYH6	convertase
B3LFK1	zymogen_protease
B3LPW4	convertase
B3LQU0	convertase
B3LQU1	convertase
B3SVF0	unassigned
B3SVF1	unassigned
B3TNB9	unassigned
B3V0K8	zymogen_protease
B3VZU2	convertase
B3VZU4	convertase
B4HEM4	unassigned
B4JFU8	unassigned
B4KB60	unassigned
B4NJ72	unassigned
B4YSU8	unassigned
B5A9S9	convertase
B5A9T1	unassigned
B5IEE5	zymogen_protease
B5LMM0	unassigned
B5LVL2	unassigned
B5MFD0	unassigned
B5VE42	unassigned
B5VGZ3	zymogen_protease
B5VL26	convertase
B5VL27	convertase
B5VL29	zymogen_protease
B6CPR5	convertase
B6DCT3	unassigned
B6DT16	convertase
B6E465	convertase
B6H233	unassigned
B6H3H1	zymogen_protease
B6HL60	zymogen_protease
B6HPP6	zymogen_protease
B6HY14	convertase
B6K9M7	unassigned
B6Q972	unassigned
B6QAN5	zymogen_protease
B6S2X0	convertase
B6S2X2	convertase
B6V865	zymogen_protease
B6V867	zymogen_protease
B6V873	zymogen_protease
B6V874	zymogen_protease
B6V9X0	zymogen_protease
B6VA81	zymogen_protease
B6VA84	zymogen_protease
B6VA85	zymogen_protease
B6VA86	zymogen_protease
B6VA87	zymogen_protease
B6YSW2	zymogen_protease
B6YXV3	zymogen_protease
B7HCU7	zymogen_protease
B7HPM0	zymogen_protease
B7IYH4	zymogen_protease
B7JNV3	zymogen_protease
B7ZK61	zymogen_protease
B8D673	zymogen_protease
B8D683	zymogen_protease
B8GG66	zymogen_protease
B8H8L6	zymogen_protease
B8M044	zymogen_protease
B8M2K0	unassigned
B8MF81	zymogen_protease
B8N7S7	unassigned
B8N7Z8	zymogen_protease
B8N8M2	zymogen_protease
B8NBP9	unassigned
B8NC58	zymogen_protease
B8NCQ5	unassigned
B8NJB2	convertase
B8NLY9	zymogen_protease
B8NM66	unassigned
B8NMK3	zymogen_protease
B8NWE1	convertase
B8NXS9	zymogen_protease
B8NYX1	zymogen_protease
B8XGQ4	zymogen_protease
B8XGQ5	zymogen_protease
B8XGQ6	zymogen_protease
B8XGQ7	zymogen_protease
B8XGQ8	zymogen_protease
B8XGR0	zymogen_protease
B8XGR3	zymogen_protease
B8XGR4	zymogen_protease
B8XGR5	zymogen_protease
B8ZRF3	zymogen_protease
B9ENM6	unassigned
B9IY88	zymogen_protease
B9LTS6	zymogen_protease
B9TQX2	unassigned
B9TQX3	unassigned
B9TQX4	unassigned
B9UIY3	convertase
C0HJF6	unassigned
C0HJV7	unassigned
C0HJV8	unassigned
C0HJZ6	convertase
C0HJZ7	convertase
C0HJZ8	convertase
C0HJZ9	convertase
C0HK00	convertase
C0HK01	convertase
C0HK02	convertase
C0HK03	convertase
C0HK26	convertase
C0HKA2	zymogen_protease
C0HKA3	zymogen_protease
C0HKA5	zymogen_protease
C0HKA6	zymogen_protease
C0HKF7	zymogen_protease
C0HKF8	zymogen_protease
C0HKR1	convertase
C0HKS0	convertase
C0HKS1	convertase
C0HKS3	convertase
C0HKS4	convertase
C0HKS5	convertase
C0HKT1	convertase
C0HKT2	convertase
C0HKT3	convertase
C0HKT4	convertase
C0HKU0	convertase
C0HKU2	convertase
C0HKV8	convertase
C0HKV9	convertase
C0HKW7	convertase
C0HL91	convertase
C0HL92	convertase
C0HMD2	unassigned
C0IPP1	convertase
C0IPP2	convertase
C0LRA7	unassigned
C0NM08	unassigned
C0NVM2	zymogen_protease
C0NX46	zymogen_protease
C0S3U8	convertase
C0SAI5	unassigned
C0SGX7	zymogen_protease
C0SJ49	zymogen_protease
C0XTM5	unassigned
C0ZZU7	zymogen_protease
C1AQ26	zymogen_protease
C1ASP7	zymogen_protease
C1BJ98	unassigned
C1ESL5	zymogen_protease
C1G1N6	convertase
C1GDH9	unassigned
C1GG77	zymogen_protease
C1GMY8	zymogen_protease
C1GXD8	zymogen_protease
C1HC91	zymogen_protease
C1HE31	unassigned
C1J5M5	convertase
C1J5M7	convertase
C3L5S4	zymogen_protease
C3LUP3	zymogen_protease
C3MQ16	zymogen_protease
C3MRE5	zymogen_protease
C3MVD5	zymogen_protease
C3MY41	zymogen_protease
C3MZI0	zymogen_protease
C3N5N4	zymogen_protease
C3N7K2	zymogen_protease
C3NE98	zymogen_protease
C3NFX2	zymogen_protease
C3NHF1	zymogen_protease
C3P8M7	zymogen_protease
C3TS04	unassigned
C3TS06	unassigned
C3TS07	unassigned
C3TS08	unassigned
C3TS10	unassigned
C3Z6E6	convertase
C4JEE1	unassigned
C4JH04	convertase
C4JK49	convertase
C4JLL1	zymogen_protease
C4JLQ3	convertase
C4JNM2	zymogen_protease
C4JR56	zymogen_protease
C4JX59	zymogen_protease
C4KHB0	zymogen_protease
C4KIR0	zymogen_protease
C4PRC1	unassigned
C4PWC3	unassigned
C4YHA6	unassigned
C5A2D5	zymogen_protease
C5A7L1	zymogen_protease
C5BVA2	zymogen_protease
C5D4U8	zymogen_protease
C5FBS2	zymogen_protease
C5FBW2	zymogen_protease
C5FCA7	convertase
C5FEK4	zymogen_protease
C5FGX1	zymogen_protease
C5FH26	zymogen_protease
C5FH27	zymogen_protease
C5FHK0	zymogen_protease
C5FII2	zymogen_protease
C5FIK0	zymogen_protease
C5FIT1	convertase
C5FJ19	zymogen_protease
C5FJA5	zymogen_protease
C5FMY5	zymogen_protease
C5FNU8	zymogen_protease
C5FPC2	convertase
C5FPR9	unassigned
C5FPS1	zymogen_protease
C5FQI3	zymogen_protease
C5FR79	convertase
C5FRQ0	zymogen_protease
C5FRX4	zymogen_protease
C5FS55	zymogen_protease
C5FTQ5	zymogen_protease
C5FVN6	zymogen_protease
C5FW30	zymogen_protease
C5FWJ1	zymogen_protease
C5FWQ2	convertase
C5FX29	zymogen_protease
C5FX37	zymogen_protease
C5FXZ6	zymogen_protease
C5FYJ8	zymogen_protease
C5FZ39	zymogen_protease
C5FZ57	zymogen_protease
C5G168	zymogen_protease
C5G1D1	zymogen_protease
C5G6U8	unassigned
C5G8P3	convertase
C5GEU5	zymogen_protease
C5GRP9	zymogen_protease
C5H0C7	convertase
C5H0D4	convertase
C5H0D5	convertase
C5H0D6	convertase
C5H0D7	convertase
C5H0D8	convertase
C5IB03	convertase
C5J886	unassigned
C5J887	convertase
C5J888	convertase
C5JHY1	convertase
C5JKQ0	convertase
C5JX80	zymogen_protease
C5JZS0	unassigned
C5K1Y9	zymogen_protease
C5NZL6	convertase
C5NZT1	zymogen_protease
C5NZY5	convertase
C5P212	zymogen_protease
C5P3T4	convertase
C5P4Z8	zymogen_protease
C5P507	convertase
C5P552	zymogen_protease
C5P6D1	zymogen_protease
C5P6L5	zymogen_protease
C5P7A7	zymogen_protease
C5PCB1	zymogen_protease
C5PE18	convertase
C5PE62	convertase
C5PEI9	zymogen_protease
C5PHW9	unassigned
C5PIJ9	convertase
C6A2V9	zymogen_protease
C6A3R1	zymogen_protease
C6DPV1	zymogen_protease
C6H4F1	unassigned
C6HH71	zymogen_protease
C6WID8	zymogen_protease
C6ZH27	unassigned
C6ZJQ2	unassigned
C7DT09	unassigned
C7FF05	unassigned
C7GQJ1	unassigned
C7LYP7	zymogen_protease
C7MWV7	zymogen_protease
C7NQ99	zymogen_protease
C7NVQ4	zymogen_protease
C7P6N4	zymogen_protease
C7PVV2	zymogen_protease
C7R403	zymogen_protease
C7YQJ2	zymogen_protease
C7Z3B7	zymogen_protease
C7Z6W1	zymogen_protease
C8XAQ4	zymogen_protease
C9D7R2	zymogen_protease
C9D7R3	zymogen_protease
C9E1R7	zymogen_protease
C9E1R8	zymogen_protease
C9E1S0	zymogen_protease
C9EIC7	convertase
C9REN7	zymogen_protease
C9Z4D0	zymogen_protease
D0KRX1	zymogen_protease
D0KTH0	zymogen_protease
D0LDT1	zymogen_protease
D0PX84	convertase
D0PX85	convertase
D1A2S9	zymogen_protease
D1A3V2	zymogen_protease
D1BHT9	zymogen_protease
D1BS26	zymogen_protease
D1MEI6	unassigned
D1MEI8	unassigned
D1MZV3	convertase
D1Z199	zymogen_protease
D1ZG13	zymogen_protease
D2ATV1	zymogen_protease
D2DGD3	unassigned
D2DGD4	unassigned
D2KX90	convertase
D2KX91	convertase
D2KX92	convertase
D2PDG6	zymogen_protease
D2PK63	zymogen_protease
D2Q4H4	zymogen_protease
D2RGT4	zymogen_protease
D2RQX3	zymogen_protease
D2RUI0	zymogen_protease
D2S6E2	zymogen_protease
D2Y168	unassigned
D2Y171	unassigned
D2Y236	unassigned
D2Y237	unassigned
D2Y239	unassigned
D2Y240	unassigned
D2Y241	unassigned
D2Y242	unassigned
D2Y243	unassigned
D2Y248	unassigned
D2Y249	unassigned
D2Y250	unassigned
D2Y251	unassigned
D2Y253	unassigned
D2Y254	unassigned
D2Y255	unassigned
D2Y256	unassigned
D2Y257	unassigned
D2Y258	unassigned
D2Y259	unassigned
D2Y260	unassigned
D2Y261	unassigned
D2Y262	unassigned
D2Y263	unassigned
D2Y264	unassigned
D2Y265	unassigned
D2Y266	unassigned
D2Y267	unassigned
D2Y268	unassigned
D2Y269	unassigned
D2Y270	unassigned
D2Y274	unassigned
D2Y284	unassigned
D2Y292	unassigned
D2Y293	unassigned
D2Y294	unassigned
D2Y295	unassigned
D2Y296	unassigned
D2Y297	unassigned
D2Y298	unassigned
D2Y299	unassigned
D2Y2C5	unassigned
D2Y2C7	unassigned
D2Y2C8	unassigned
D2Y2E8	unassigned
D2Y2E9	unassigned
D2Y2F0	unassigned
D2Y2G3	unassigned
D2Y2G4	unassigned
D2Y2G5	unassigned
D2Y2G6	unassigned
D2Y2H9	unassigned
D2Y2I1	unassigned
D2Y2I2	unassigned
D2Y2L7	unassigned
D2Y2M1	unassigned
D2Y2M4	unassigned
D2Y2M5	unassigned
D2Y2M6	unassigned
D2Y2M8	unassigned
D2Y2N0	unassigned
D2Y2N1	unassigned
D2Y2N4	unassigned
D2Y2P2	unassigned
D2Y2P3	unassigned
D2Y2P6	unassigned
D2Y2Q6	unassigned
D2Y492	unassigned
D3E0A3	zymogen_protease
D3Q557	zymogen_protease
D3RX66	zymogen_protease
D3S8M7	zymogen_protease
D3SSQ6	zymogen_protease
D4AIF1	zymogen_protease
D4AIK6	zymogen_protease
D4AIS3	zymogen_protease
D4AJ87	convertase
D4AK75	zymogen_protease
D4AKU7	unassigned
D4AKU9	zymogen_protease
D4AL88	zymogen_protease
D4ALV9	zymogen_protease
D4AM79	convertase
D4ANC3	zymogen_protease
D4ANG0	zymogen_protease
D4ANL2	convertase
D4AP52	zymogen_protease
D4APA9	zymogen_protease
D4APE3	zymogen_protease
D4APX3	unassigned
D4AQA9	zymogen_protease
D4AQG0	zymogen_protease
D4AQG5	zymogen_protease
D4AQH0	unassigned
D4AS12	zymogen_protease
D4AT07	unassigned
D4AT39	zymogen_protease
D4ATC3	unassigned
D4AUH1	unassigned
D4AWY5	zymogen_protease
D4AX35	zymogen_protease
D4AX50	zymogen_protease
D4AXC1	convertase
D4AXU8	unassigned
D4AXW3	zymogen_protease
D4AYQ6	unassigned
D4AYW3	zymogen_protease
D4AZ71	zymogen_protease
D4AZ75	zymogen_protease
D4AZC5	unassigned
D4AZK1	zymogen_protease
D4AZK9	unassigned
D4B194	zymogen_protease
D4B1B1	unassigned
D4B1S5	zymogen_protease
D4B2Q8	unassigned
D4B385	zymogen_protease
D4B388	unassigned
D4B5N0	zymogen_protease
D4B5N1	zymogen_protease
D4B639	convertase
D4CZ44	zymogen_protease
D4CZ60	zymogen_protease
D4CZQ4	zymogen_protease
D4D0F5	zymogen_protease
D4D1U5	zymogen_protease
D4D2D2	zymogen_protease
D4D4Z2	zymogen_protease
D4D5H3	zymogen_protease
D4D616	convertase
D4D674	zymogen_protease
D4D675	zymogen_protease
D4D6Q4	zymogen_protease
D4D7C5	zymogen_protease
D4D7N6	zymogen_protease
D4D7X4	convertase
D4D8U6	zymogen_protease
D4D9U2	zymogen_protease
D4DBH6	zymogen_protease
D4DD24	zymogen_protease
D4DE03	convertase
D4DEN7	zymogen_protease
D4DFT3	zymogen_protease
D4DGR1	zymogen_protease
D4DGR5	convertase
D4DHN5	zymogen_protease
D4DIS6	zymogen_protease
D4DIT1	zymogen_protease
D4DIW7	unassigned
D4DIW9	zymogen_protease
D4DKQ4	zymogen_protease
D4DL57	zymogen_protease
D4DLA2	zymogen_protease
D4DLI1	zymogen_protease
D4DLI5	zymogen_protease
D4G0R3	unassigned
D4GWY2	unassigned
D4HPD6	convertase
D4HRK4	convertase
D4HRK7	unassigned
D4YWD0	convertase
D5DEH5	zymogen_protease
D5EAS6	zymogen_protease
D5L5Q7	convertase
D5LMJ3	zymogen_protease
D8MIA0	unassigned
D8MIA1	unassigned
D8MIA2	zymogen_protease
D8MIA3	zymogen_protease
D9IWN6	unassigned
D9IWN7	unassigned
E0WX65	unassigned
E0Y418	zymogen_protease
E0Y420	zymogen_protease
E1AWD4	convertase
E1AWD5	convertase
E1AWD6	convertase
E1AWD7	convertase
E1AWD8	convertase
E1AXF5	convertase
E1B230	convertase
E1B231	convertase
E1B240	convertase
E1B241	convertase
E1B242	convertase
E1B245	convertase
E1UYU0	unassigned
E1ZVK3	convertase
E1ZXU8	convertase
E1ZZF9	convertase
E2A1R1	convertase
E2A3M7	convertase
E2A6P1	unassigned
E2AFK9	convertase
E2AJ76	unassigned
E2ARW3	unassigned
E2ASG4	unassigned
E2AX75	convertase
E2AYH6	unassigned
E2AZE8	convertase
E2DIH5	unassigned
E2E4E4	convertase
E2E4L2	convertase
E2S066	convertase
E3QKL1	zymogen_protease
E3QQU9	zymogen_protease
E3QR43	zymogen_protease
E3QWD3	convertase
E3S6P9	zymogen_protease
E4UN97	zymogen_protease
E4UPZ4	zymogen_protease
E4UPZ6	unassigned
E4UQ65	zymogen_protease
E4UR63	convertase
E4US45	convertase
E4USS9	zymogen_protease
E4UTU7	zymogen_protease
E4UUL6	zymogen_protease
E4UUX3	convertase
E4UVK2	zymogen_protease
E4UWA4	zymogen_protease
E4UY04	zymogen_protease
E4UYA3	zymogen_protease
E4UYQ9	convertase
E4UZP9	zymogen_protease
E4V2L6	zymogen_protease
E4V2V9	zymogen_protease
E4V4J8	zymogen_protease
E4V5B2	zymogen_protease
E4V5C5	zymogen_protease
E4V655	zymogen_protease
E4VP07	convertase
E4ZHQ5	zymogen_protease
E4ZJL4	zymogen_protease
E5A0U8	unassigned
E5A7I6	zymogen_protease
E5A7T3	zymogen_protease
E5AJX2	zymogen_protease
E5L0E3	zymogen_protease
E5L0E4	zymogen_protease
E5L0E5	zymogen_protease
E5L0E6	zymogen_protease
E5R1B9	zymogen_protease
E5R1Z3	convertase
E7CZY9	unassigned
E7CZZ0	unassigned
E7CZZ1	unassigned
E7EKH1	convertase
E7EKH2	convertase
E7EKH3	convertase
E7EKH4	convertase
E7EKH5	convertase
E7EKH6	convertase
E7EKH7	convertase
E7EKI0	convertase
E7EKI9	convertase
E7EKJ5	convertase
E7EKJ6	convertase
E7EKJ7	convertase
E7EKM1	convertase
E7F4V6	zymogen_protease
E7F6V0	zymogen_protease
E8RUP8	unassigned
E8RUP9	unassigned
E9DBV9	zymogen_protease
E9DD69	unassigned
E9DUF4	zymogen_protease
E9F277	zymogen_protease
E9NW26	zymogen_protease
E9NW27	zymogen_protease
E9NW28	zymogen_protease
F0T377	unassigned
F0URV0	zymogen_protease
F0X8C8	zymogen_protease
F1T153	convertase
F1T154	convertase
F1T155	convertase
F2QXM5	unassigned
F2XFS9	convertase
F4HPF1	zymogen_protease
F4HSQ2	zymogen_protease
F4HZB9	unassigned
F4IBG4	convertase
F4IG09	zymogen_protease
F4IQG4	unassigned
F4IVN9	unassigned
F4JA91	zymogen_protease
F4JIG1	unassigned
F4JJH4	zymogen_protease
F4JJH5	zymogen_protease
F4JJL8	zymogen_protease
F4JNL3	zymogen_protease
F4JZL7	unassigned
F4K6R7	unassigned
F4KB79	unassigned
F4KEL0	zymogen_protease
F4KGD4	zymogen_protease
F4KHL6	unassigned
F6JWU7	unassigned
F6K5S6	convertase
F6KSI8	unassigned
F7UI86	convertase
F8J2D0	unassigned
F8J2D2	unassigned
F8S108	zymogen_protease
F8S116	zymogen_protease
G0LWV9	convertase
G0R947	unassigned
G0RA32	unassigned
G0RH85	unassigned
G0W2H8	convertase
G0W2I0	convertase
G2K3G6	unassigned
G2WTV2	unassigned
G2X668	zymogen_protease
G2X826	zymogen_protease
G2X871	zymogen_protease
G3F828	convertase
G4MLU0	unassigned
G4WFQ2	unassigned
G5CKU5	convertase
G5ECS8	zymogen_protease
G8FZS4	unassigned
G8G2V6	unassigned
H2BK78	unassigned
H2BKJ0	convertase
I0B6F3	unassigned
I0B6F4	unassigned
I0B6F5	unassigned
I0B6G2	unassigned
I0CME8	zymogen_protease
I0DEB4	convertase
I1S1W5	unassigned
I1S2N3	unassigned
I3J7Q8	unassigned
I6R1R5	unassigned
I6RA66	convertase
J3RY93	zymogen_protease
J3RYA3	zymogen_protease
J3S3W5	zymogen_protease
J3S829	zymogen_protease
J3S830	zymogen_protease
J3S832	zymogen_protease
J3S833	zymogen_protease
J3S835	zymogen_protease
J3S836	convertase
J3SBP9	zymogen_protease
J3SBQ3	unassigned
J3SDW6	zymogen_protease
J3SDW8	zymogen_protease
J3SDW9	zymogen_protease
J3SDX0	zymogen_protease
J7H8J4	convertase
J9ZXD8	unassigned
K4JY29	unassigned
K7ZGS2	convertase
K9J977	unassigned
L0GBR1	unassigned
L0GCI6	convertase
L0GCV8	convertase
L0P329	convertase
L0P3K3	convertase
L0P402	convertase
L7X8P2	unassigned
L7XCU0	convertase
L7XDS4	convertase
L8BU87	convertase
L8GD75	zymogen_protease
M2SQA5	unassigned
M4GX67	unassigned
M5BGS2	unassigned
M5BGY5	unassigned
M5BHN0	unassigned
N0AAE6	zymogen_protease
N4X184	unassigned
O02036	convertase
O02668	unassigned
O02678	unassigned
O02686	convertase
O03982	unassigned
O04057	zymogen_protease
O04369	unassigned
O04500	unassigned
O05333	unassigned
O06653	unassigned
O10364	zymogen_protease
O10438	unassigned
O10440	unassigned
O13009	unassigned
O13057	zymogen_protease
O13058	zymogen_protease
O13059	zymogen_protease
O13060	unassigned
O13061	zymogen_protease
O13062	zymogen_protease
O13063	zymogen_protease
O13340	convertase
O15255	unassigned
O15946	unassigned
O16137	convertase
O16808	unassigned
O16977	convertase
O17058	convertase
O17264	convertase
O17512	convertase
O18493	unassigned
O18495	unassigned
O18641	convertase
O18815	unassigned
O19006	convertase
O19023	zymogen_protease
O19895	unassigned
O22194	unassigned
O22882	unassigned
O23262	unassigned
O23357	zymogen_protease
O23791	zymogen_protease
O24035	unassigned
O24325	zymogen_protease
O24326	zymogen_protease
O26742	unassigned
O27270	zymogen_protease
O31097	unassigned
O31492	unassigned
O31840	unassigned
O32025	unassigned
O32295	unassigned
O33702	unassigned
O35164	zymogen_protease
O42144	convertase
O42596	convertase
O42713	unassigned
O42785	unassigned
O42824	unassigned
O43063	zymogen_protease
O44314	convertase
O46390	unassigned
O46403	unassigned
O46542	unassigned
O46644	zymogen_protease
O46683	zymogen_protease
O46688	convertase
O49320	unassigned
O49586	unassigned
O49613	unassigned
O49645	unassigned
O50110	zymogen_protease
O57979	unassigned
O57983	zymogen_protease
O59859	unassigned
O60073	unassigned
O61016	unassigned
O61466	convertase
O61704	unassigned
O62243	zymogen_protease
O65381	unassigned
O65657	unassigned
O66037	unassigned
O70022	unassigned
O73795	zymogen_protease
O73797	convertase
O73800	zymogen_protease
O74137	unassigned
O74411	unassigned
O74477	zymogen_protease
O74818	unassigned
O76146	unassigned
O76199	unassigned
O76200	unassigned
O76201	unassigned
O77248	convertase
O77681	convertase
O77770	convertase
O78426	unassigned
O78446	unassigned
O81003	unassigned
O81464	unassigned
O82081	unassigned
O82083	unassigned
O86487	unassigned
O86488	unassigned
O88931	unassigned
O88959	convertase
O91466	zymogen_protease
O93456	convertase
O93474	convertase
O93512	unassigned
O93516	zymogen_protease
O93517	zymogen_protease
O93518	zymogen_protease
O93856	unassigned
O94103	unassigned
O94486	unassigned
O94657	unassigned
O94705	unassigned
O96049	unassigned
O96447	unassigned
O96790	unassigned
O97370	zymogen_protease
O97374	unassigned
O97398	zymogen_protease
O97399	zymogen_protease
O97400	convertase
O97490	unassigned
O97564	unassigned
O97687	unassigned
O97946	unassigned
O98733	unassigned
P00096	unassigned
P00649	unassigned
P00764	zymogen_protease
P00767	zymogen_protease
P00778	zymogen_protease
P00783	zymogen_protease
P00792	zymogen_protease
P00852	unassigned
P01055	unassigned
P01064	unassigned
P01076	unassigned
P01090	unassigned
P01114	unassigned
P01115	unassigned
P01122	unassigned
P01149	convertase
P01169	convertase
P01171	convertase
P01212	convertase
P01256	convertase
P01261	convertase
P01278	convertase
P01299	convertase
P01310	unassigned
P01327	unassigned
P01333	unassigned
P01354	convertase
P01361	convertase
P01507	unassigned
P01508	unassigned
P01510	unassigned
P01513	convertase
P01538	unassigned
P01543	unassigned
P01544	unassigned
P01545	unassigned
P01558	unassigned
P01559	unassigned
P02883	unassigned
P02896	unassigned
P02897	unassigned
P02947	unassigned
P02977	unassigned
P03154	unassigned
P03280	unassigned
P04092	convertase
P04204	convertase
P04205	unassigned
P04560	convertase
P04814	zymogen_protease
P04988	zymogen_protease
P05140	unassigned
P05167	zymogen_protease
P05222	convertase
P05225	convertase
P05315	unassigned
P05657	unassigned
P05689	zymogen_protease
P05699	unassigned
P05700	unassigned
P05834	unassigned
P05995	convertase
P06004	unassigned
P06026	zymogen_protease
P06306	convertase
P06413	unassigned
P06414	unassigned
P06580	convertase
P06654	unassigned
P06832	zymogen_protease
P06872	zymogen_protease
P07164	unassigned
P07194	convertase
P07198	convertase
P07208	unassigned
P07223	convertase
P07466	unassigned
P07467	unassigned
P07593	unassigned
P07660	convertase
P07837	unassigned
P07907	unassigned
P08015	unassigned
P08089	unassigned
P08211	unassigned
P08426	zymogen_protease
P08454	unassigned
P08459	unassigned
P08469	unassigned
P08759	convertase
P08858	convertase
P08872	unassigned
P08947	convertase
P08948	convertase
P08950	convertase
P09166	unassigned
P09196	unassigned
P09221	unassigned
P09222	unassigned
P09489	zymogen_protease
P09534	convertase
P09646	unassigned
P09829	unassigned
P09841	zymogen_protease
P09859	convertase
P09870	zymogen_protease
P09873	zymogen_protease
P09876	convertase
P09892	unassigned
P09893	unassigned
P09928	unassigned
P09989	unassigned
P0A015	unassigned
P0A1D7	zymogen_protease
P0A1D8	zymogen_protease
P0A311	unassigned
P0A379	unassigned
P0A380	unassigned
P0A381	unassigned
P0A3Z7	zymogen_protease
P0A6G8	zymogen_protease
P0A6G9	zymogen_protease
P0ACE1	unassigned
P0ACE2	unassigned
P0AD69	zymogen_protease
P0C030	unassigned
P0C031	unassigned
P0C032	unassigned
P0C073	unassigned
P0C0Q0	zymogen_protease
P0C0Q2	zymogen_protease
P0C0Q3	zymogen_protease
P0C0Q4	zymogen_protease
P0C0R3	zymogen_protease
P0C0R4	zymogen_protease
P0C158	unassigned
P0C171	convertase
P0C172	convertase
P0C175	unassigned
P0C176	unassigned
P0C1Q7	unassigned
P0C1T6	convertase
P0C1T7	convertase
P0C1Y2	unassigned
P0C202	convertase
P0C2B1	unassigned
P0C2L5	convertase
P0C2L6	unassigned
P0C365	unassigned
P0C366	unassigned
P0C367	unassigned
P0C410	unassigned
P0C425	unassigned
P0C589	unassigned
P0C607	unassigned
P0C6J9	unassigned
P0C6L5	unassigned
P0C7I1	convertase
P0C7J5	unassigned
P0C7W1	convertase
P0C8A2	convertase
P0C8A3	unassigned
P0C8A5	convertase
P0C8D9	unassigned
P0C8E3	unassigned
P0C8L9	zymogen_protease
P0C8U4	unassigned
P0C8V1	unassigned
P0C8V5	convertase
P0C8V6	convertase
P0C8V8	unassigned
P0C8V9	unassigned
P0C8W0	convertase
P0C8W4	unassigned
P0C8X5	unassigned
P0C8Y8	unassigned
P0C956	unassigned
P0CAX4	convertase
P0CB08	unassigned
P0CC04	unassigned
P0CC19	unassigned
P0CE27	unassigned
P0CE29	unassigned
P0CE30	unassigned
P0CE31	unassigned
P0CG54	unassigned
P0CG55	unassigned
P0CG60	unassigned
P0CG61	unassigned
P0CG62	unassigned
P0CG70	unassigned
P0CG74	unassigned
P0CG75	unassigned
P0CG76	unassigned
P0CG77	unassigned
P0CG78	unassigned
P0CG79	unassigned
P0CG80	unassigned
P0CG81	unassigned
P0CG88	unassigned
P0CH14	convertase
P0CH32	unassigned
P0CH33	unassigned
P0CH39	convertase
P0CH47	unassigned
P0CJ21	convertase
P0CO54	unassigned
P0CP76	convertase
P0CP77	convertase
P0CQ42	unassigned
P0CQ43	unassigned
P0CW02	unassigned
P0CW03	unassigned
P0CY51	unassigned
P0CY86	unassigned
P0CY88	unassigned
P0CZ18	unassigned
P0DJ34	convertase
P0DJ35	convertase
P0DJ75	unassigned
P0DJ76	unassigned
P0DJ78	unassigned
P0DJ79	unassigned
P0DJ80	unassigned
P0DJ81	unassigned
P0DJ82	unassigned
P0DJ84	unassigned
P0DJ85	unassigned
P0DJE3	convertase
P0DJF5	zymogen_protease
P0DJK1	convertase
P0DJO3	convertase
P0DJO4	convertase
P0DKL8	unassigned
P0DKP5	unassigned
P0DKP6	unassigned
P0DKP7	unassigned
P0DKP8	unassigned
P0DKQ0	convertase
P0DKQ1	convertase
P0DKQ3	unassigned
P0DKQ5	unassigned
P0DKQ6	unassigned
P0DKQ7	convertase
P0DKY9	unassigned
P0DKZ1	unassigned
P0DL52	convertase
P0DL53	convertase
P0DL54	convertase
P0DL56	convertase
P0DL58	unassigned
P0DL75	unassigned
P0DL78	unassigned
P0DM23	unassigned
P0DM27	convertase
P0DM30	convertase
P0DM66	unassigned
P0DM67	unassigned
P0DM68	unassigned
P0DME1	unassigned
P0DMX6	convertase
P0DMX7	convertase
P0DMX8	convertase
P0DMY0	convertase
P0DMY1	convertase
P0DMY2	convertase
P0DMY4	convertase
P0DMY5	convertase
P0DMY6	convertase
P0DMY7	convertase
P0DMY8	convertase
P0DN06	unassigned
P0DN07	unassigned
P0DN08	unassigned
P0DN09	unassigned
P0DN10	unassigned
P0DN11	unassigned
P0DN12	unassigned
P0DN13	unassigned
P0DN14	unassigned
P0DN17	unassigned
P0DN18	unassigned
P0DN19	unassigned
P0DN20	unassigned
P0DN32	unassigned
P0DN99	unassigned
P0DO60	convertase
P0DOZ7	convertase
P0DP47	unassigned
P0DP52	unassigned
P0DP56	convertase
P0DPE6	convertase
P0DPM1	unassigned
P0DPM4	unassigned
P0DPR9	unassigned
P0DPT2	unassigned
P0DPV4	convertase
P0DPW9	unassigned
P0DPX0	unassigned
P0DQA3	convertase
P0DQA4	convertase
P0DQA5	convertase
P0DQJ4	unassigned
P0DQJ5	unassigned
P0DQL3	unassigned
P0DQM1	unassigned
P0DQN7	unassigned
P0DQP3	unassigned
P0DQR5	unassigned
P0DQR6	convertase
P0DQT1	unassigned
P0DQV4	unassigned
P0DQX0	unassigned
P0DQX1	unassigned
P0DQZ5	unassigned
P0DQZ6	unassigned
P0DQZ8	unassigned
P0DRA1	unassigned
P0DRA3	unassigned
P0DRB9	convertase
P0DRC3	convertase
P0DRC4	unassigned
P0DRC9	convertase
P0DRD0	unassigned
P0DRD1	unassigned
P0DRD2	unassigned
P0DRD3	unassigned
P0DRD4	unassigned
P0DRD5	unassigned
P0DRH5	convertase
P0DRH7	convertase
P0DRI6	unassigned
P0DRI7	unassigned
P0DRI9	unassigned
P0DRL1	unassigned
P0DRN1	unassigned
P0DSI2	unassigned
P0DSI4	unassigned
P0DSI5	unassigned
P0DSJ4	unassigned
P0DSJ5	unassigned
P0DSK7	unassigned
P0DTJ3	unassigned
P0DTJ5	unassigned
P0DTJ6	unassigned
P0DTJ7	unassigned
P0DTJ8	unassigned
P0DTJ9	unassigned
P0DTR9	unassigned
P0DTW2	unassigned
P0DUS1	unassigned
P0DV95	unassigned
P0DV96	unassigned
P0DW18	unassigned
P0DW72	unassigned
P0DW83	unassigned
P0DW84	unassigned
P0DX20	unassigned
P0DX60	unassigned
P0DX61	unassigned
P0DX64	convertase
P0DXZ4	unassigned
P0DXZ5	unassigned
P0DXZ6	unassigned
P0DY01	convertase
P0DY04	unassigned
P0DY15	unassigned
P0DY16	unassigned
P0DY19	unassigned
P0DYB4	convertase
P0DYC0	unassigned
P10093	convertase
P10286	convertase
P10335	zymogen_protease
P10410	convertase
P10414	unassigned
P10675	unassigned
P10743	unassigned
P10804	unassigned
P10859	unassigned
P10891	convertase
P10986	unassigned
P11018	zymogen_protease
P11095	unassigned
P11159	convertase
P11306	convertase
P11478	unassigned
P11515	zymogen_protease
P11657	unassigned
P11764	unassigned
P11821	unassigned
P11822	unassigned
P11834	unassigned
P11933	unassigned
P12027	unassigned
P12060	unassigned
P12254	unassigned
P12350	unassigned
P12379	unassigned
P12431	unassigned
P12466	unassigned
P12546	zymogen_protease
P12705	unassigned
P12764	convertase
P12963	unassigned
P12966	convertase
P12967	convertase
P13050	unassigned
P13075	unassigned
P13077	unassigned
P13078	unassigned
P13190	convertase
P13241	convertase
P13276	convertase
P13277	zymogen_protease
P13845	unassigned
P14043	unassigned
P14213	convertase
P14214	convertase
P14531	convertase
P14639	convertase
P14667	unassigned
P14749	unassigned
P14804	convertase
P14872	convertase
P15013	unassigned
P15119	zymogen_protease
P15131	convertase
P15410	convertase
P15457	unassigned
P15458	unassigned
P15459	unassigned
P15460	unassigned
P15461	unassigned
P15743	convertase
P15746	unassigned
P15747	unassigned
P15748	unassigned
P15749	unassigned
P15783	unassigned
P16049	zymogen_protease
P16094	unassigned
P16240	convertase
P16271	zymogen_protease
P16316	zymogen_protease
P16317	zymogen_protease
P16397	zymogen_protease
P16709	unassigned
P16881	unassigned
P16947	unassigned
P17118	zymogen_protease
P17190	unassigned
P17191	unassigned
P17238	unassigned
P17304	unassigned
P17333	unassigned
P17416	unassigned
P17417	unassigned
P17716	convertase
P17722	convertase
P17737	unassigned
P17822	unassigned
P17824	unassigned
P17825	unassigned
P17826	unassigned
P17827	unassigned
P17836	unassigned
P17837	unassigned
P17946	zymogen_protease
P17953	unassigned
P17974	zymogen_protease
P18262	unassigned
P18276	zymogen_protease
P18301	unassigned
P18313	convertase
P18477	unassigned
P18499	unassigned
P18512	convertase
P18513	convertase
P18600	unassigned
P18601	unassigned
P18603	unassigned
P18764	unassigned
P18856	unassigned
P18909	convertase
P19090	unassigned
P19092	zymogen_protease
P19144	zymogen_protease
P19259	unassigned
P19401	unassigned
P19515	zymogen_protease
P19528	unassigned
P19578	unassigned
P19667	unassigned
P19722	unassigned
P19799	zymogen_protease
P19884	convertase
P19892	unassigned
P19998	convertase
P20015	zymogen_protease
P20347	unassigned
P20465	unassigned
P20466	unassigned
P20724	zymogen_protease
P20798	unassigned
P20910	zymogen_protease
P20946	unassigned
P20948	unassigned
P20968	convertase
P21149	unassigned
P21347	zymogen_protease
P21535	unassigned
P21563	convertase
P21654	unassigned
P21742	unassigned
P21779	convertase
P21780	convertase
P21819	convertase
P21840	unassigned
P21848	unassigned
P21850	convertase
P21857	convertase
P22032	unassigned
P22123	unassigned
P22124	unassigned
P22126	unassigned
P22278	unassigned
P22279	unassigned
P22280	unassigned
P22283	unassigned
P22287	unassigned
P22427	convertase
P22428	convertase
P22429	convertase
P22430	convertase
P22522	unassigned
P22642	unassigned
P22832	convertase
P22889	convertase
P23024	unassigned
P23079	unassigned
P23110	unassigned
P23224	zymogen_protease
P23382	zymogen_protease
P23384	zymogen_protease
P23431	unassigned
P23442	convertase
P23505	unassigned
P23535	unassigned
P23603	unassigned
P23653	zymogen_protease
P23700	unassigned
P23826	unassigned
P23916	zymogen_protease
P24022	unassigned
P24153	zymogen_protease
P24336	unassigned
P24478	unassigned
P24489	unassigned
P24491	unassigned
P24625	unassigned
P24687	unassigned
P24688	unassigned
P24689	unassigned
P24690	unassigned
P24725	unassigned
P24726	unassigned
P24924	unassigned
P25251	zymogen_protease
P25289	convertase
P25308	convertase
P25380	unassigned
P25433	convertase
P25703	convertase
P25776	zymogen_protease
P25777	zymogen_protease
P25778	zymogen_protease
P25782	zymogen_protease
P25784	zymogen_protease
P25792	zymogen_protease
P25793	zymogen_protease
P25802	zymogen_protease
P25807	zymogen_protease
P25956	unassigned
P25957	unassigned
P26215	zymogen_protease
P26305	unassigned
P26329	unassigned
P26333	unassigned
P26334	unassigned
P26349	convertase
P26726	convertase
P26727	convertase
P26728	convertase
P26731	convertase
P26735	convertase
P26736	convertase
P26737	convertase
P26742	convertase
P26758	unassigned
P26780	unassigned
P26886	unassigned
P26917	convertase
P27058	unassigned
P27131	unassigned
P27275	unassigned
P27458	zymogen_protease
P27688	unassigned
P27689	unassigned
P27690	unassigned
P27691	unassigned
P27693	zymogen_protease
P27740	unassigned
P27802	unassigned
P27803	unassigned
P27804	unassigned
P27805	unassigned
P27821	zymogen_protease
P27822	zymogen_protease
P27823	zymogen_protease
P27906	unassigned
P28254	unassigned
P28522	convertase
P28642	unassigned
P28675	unassigned
P28712	zymogen_protease
P28713	zymogen_protease
P28775	unassigned
P28842	zymogen_protease
P28902	unassigned
P29019	unassigned
P29136	zymogen_protease
P29138	zymogen_protease
P29142	zymogen_protease
P29143	zymogen_protease
P29146	convertase
P29148	zymogen_protease
P29233	convertase
P29270	unassigned
P29423	unassigned
P29430	unassigned
P29519	convertase
P29523	unassigned
P29787	zymogen_protease
P29827	unassigned
P30027	unassigned
P30162	unassigned
P30163	unassigned
P30406	convertase
P30407	convertase
P30410	convertase
P30671	unassigned
P30834	convertase
P30879	zymogen_protease
P30884	convertase
P30886	unassigned
P31180	unassigned
P31181	unassigned
P31182	unassigned
P31186	unassigned
P31188	unassigned
P31190	unassigned
P31191	unassigned
P31192	unassigned
P31193	unassigned
P31194	unassigned
P31195	unassigned
P31196	unassigned
P31198	unassigned
P31199	unassigned
P31200	unassigned
P31203	unassigned
P31241	convertase
P31529	convertase
P31585	unassigned
P31586	unassigned
P31587	unassigned
P31588	unassigned
P31589	unassigned
P31733	unassigned
P31735	unassigned
P31736	unassigned
P31737	unassigned
P31738	unassigned
P31739	unassigned
P31756	unassigned
P32195	unassigned
P32435	convertase
P32470	convertase
P32763	unassigned
P32821	zymogen_protease
P32822	zymogen_protease
P32824	zymogen_protease
P32826	zymogen_protease
P32950	convertase
P33094	convertase
P33153	unassigned
P33182	unassigned
P33295	zymogen_protease
P33680	unassigned
P33715	convertase
P33718	convertase
P33719	convertase
P33720	convertase
P33721	convertase
P33722	convertase
P34025	zymogen_protease
P34034	unassigned
P34065	zymogen_protease
P34140	unassigned
P34405	unassigned
P34453	unassigned
P34661	unassigned
P34726	unassigned
P34729	unassigned
P34950	unassigned
P34964	convertase
P34965	unassigned
P34966	unassigned
P35004	zymogen_protease
P35005	zymogen_protease
P35032	zymogen_protease
P35034	zymogen_protease
P35038	zymogen_protease
P35039	convertase
P35041	zymogen_protease
P35042	zymogen_protease
P35044	zymogen_protease
P35045	zymogen_protease
P35046	zymogen_protease
P35047	zymogen_protease
P35048	zymogen_protease
P35211	zymogen_protease
P35245	unassigned
P35461	unassigned
P35581	convertase
P35587	zymogen_protease
P35588	zymogen_protease
P35591	zymogen_protease
P35618	unassigned
P35709	unassigned
P35903	convertase
P35905	convertase
P35986	unassigned
P36178	zymogen_protease
P36190	convertase
P36361	unassigned
P36400	zymogen_protease
P36500	unassigned
P36643	unassigned
P36647	unassigned
P36712	unassigned
P36713	unassigned
P36914	unassigned
P36984	unassigned
P36985	unassigned
P37212	unassigned
P37890	zymogen_protease
P37891	zymogen_protease
P38440	convertase
P38575	convertase
P38579	unassigned
P38580	unassigned
P39041	zymogen_protease
P39652	unassigned
P39690	unassigned
P39790	zymogen_protease
P40221	unassigned
P40756	convertase
P40782	zymogen_protease
P41339	unassigned
P41340	unassigned
P41341	unassigned
P41362	zymogen_protease
P41442	unassigned
P41443	unassigned
P41522	unassigned
P41547	convertase
P41643	unassigned
P41715	zymogen_protease
P41721	zymogen_protease
P42211	zymogen_protease
P42278	zymogen_protease
P42279	zymogen_protease
P42280	zymogen_protease
P42665	zymogen_protease
P42666	zymogen_protease
P42779	zymogen_protease
P42824	unassigned
P42889	unassigned
P42890	unassigned
P43093	convertase
P43153	zymogen_protease
P43154	zymogen_protease
P43157	zymogen_protease
P43158	zymogen_protease
P43159	zymogen_protease
P43164	zymogen_protease
P43212	zymogen_protease
P43430	zymogen_protease
P43507	zymogen_protease
P43510	zymogen_protease
P43644	unassigned
P43683	unassigned
P45644	convertase
P45698	unassigned
P45760	unassigned
P45761	unassigned
P45762	unassigned
P45774	unassigned
P45775	unassigned
P45776	unassigned
P45781	unassigned
P45791	unassigned
P45885	unassigned
P45886	unassigned
P45887	unassigned
P46073	convertase
P46102	zymogen_protease
P46591	unassigned
P46657	unassigned
P46999	convertase
P47189	convertase
P47777	unassigned
P47851	convertase
P48068	unassigned
P48092	unassigned
P48097	convertase
P48098	convertase
P48104	unassigned
P48265	unassigned
P48560	unassigned
P48685	unassigned
P48695	unassigned
P48757	convertase
P48845	unassigned
P48969	convertase
P48970	convertase
P49112	unassigned
P49128	unassigned
P49460	unassigned
P49472	unassigned
P49575	zymogen_protease
P49610	unassigned
P49670	convertase
P49871	unassigned
P49928	unassigned
P49929	unassigned
P49930	unassigned
P49931	unassigned
P49932	unassigned
P49933	unassigned
P49934	unassigned
P49983	unassigned
P50153	unassigned
P50154	unassigned
P50325	unassigned
P50415	unassigned
P50468	unassigned
P50469	unassigned
P50496	unassigned
P50497	unassigned
P50720	unassigned
P50721	unassigned
P50722	unassigned
P50723	unassigned
P51212	unassigned
P51356	unassigned
P51447	unassigned
P51453	convertase
P51454	convertase
P51461	convertase
P51463	convertase
P51588	zymogen_protease
P51694	convertase
P51719	zymogen_protease
P51745	unassigned
P52211	convertase
P52212	convertase
P52400	unassigned
P52402	unassigned
P52711	zymogen_protease
P52719	zymogen_protease
P52905	zymogen_protease
P53346	convertase
P53463	unassigned
P53464	unassigned
P53465	unassigned
P53466	unassigned
P53472	unassigned
P53473	unassigned
P53474	unassigned
P54228	unassigned
P54229	unassigned
P54230	unassigned
P54624	zymogen_protease
P54625	zymogen_protease
P54627	zymogen_protease
P54628	zymogen_protease
P54629	zymogen_protease
P54630	zymogen_protease
P54640	zymogen_protease
P54684	unassigned
P54828	unassigned
P55091	zymogen_protease
P55104	convertase
P55111	zymogen_protease
P55114	zymogen_protease
P55115	zymogen_protease
P55152	unassigned
P55252	unassigned
P55261	zymogen_protease
P55325	zymogen_protease
P55747	zymogen_protease
P55748	zymogen_protease
P55790	unassigned
P55796	unassigned
P56092	unassigned
P56203	zymogen_protease
P56249	unassigned
P56283	convertase
P56308	unassigned
P56425	unassigned
P56435	zymogen_protease
P56469	unassigned
P56626	unassigned
P56652	unassigned
P56708	unassigned
P56713	unassigned
P56714	convertase
P56852	unassigned
P57719	unassigned
P58073	convertase
P58239	convertase
P58519	unassigned
P58560	unassigned
P58583	unassigned
P58599	zymogen_protease
P58784	unassigned
P58844	convertase
P58911	unassigned
P58922	unassigned
P58927	convertase
P59359	unassigned
P59406	zymogen_protease
P59833	unassigned
P60016	convertase
P60032	unassigned
P60207	convertase
P60242	unassigned
P60252	convertase
P60253	convertase
P60272	unassigned
P60980	unassigned
P61116	unassigned
P61118	unassigned
P61261	unassigned
P61262	unassigned
P61263	unassigned
P61279	convertase
P61282	unassigned
P61953	unassigned
P61954	unassigned
P61955	unassigned
P62179	unassigned
P62181	unassigned
P62575	unassigned
P62576	unassigned
P62928	unassigned
P62929	unassigned
P62931	unassigned
P63210	unassigned
P63214	unassigned
P63217	unassigned
P65288	zymogen_protease
P65289	zymogen_protease
P65825	zymogen_protease
P65826	zymogen_protease
P65830	unassigned
P65831	unassigned
P67934	convertase
P67972	convertase
P68248	convertase
P68421	unassigned
P68736	zymogen_protease
P68948	unassigned
P68949	unassigned
P68962	unassigned
P68963	unassigned
P68964	unassigned
P68965	unassigned
P69004	unassigned
P69005	unassigned
P69031	unassigned
P69045	convertase
P69051	unassigned
P69052	unassigned
P69325	unassigned
P69567	unassigned
P69568	unassigned
P69569	unassigned
P69745	unassigned
P69758	unassigned
P69759	unassigned
P69762	convertase
P69764	unassigned
P69765	unassigned
P69768	unassigned
P69769	convertase
P69770	unassigned
P70059	zymogen_protease
P70664	unassigned
P74765	unassigned
P77935	unassigned
P79162	unassigned
P79204	zymogen_protease
P79357	unassigned
P79362	unassigned
P79875	convertase
P79897	unassigned
P80090	convertase
P80111	convertase
P80196	zymogen_protease
P80214	unassigned
P80282	convertase
P80345	convertase
P80391	unassigned
P80394	unassigned
P80399	convertase
P80420	zymogen_protease
P80544	unassigned
P80569	unassigned
P80646	zymogen_protease
P80708	unassigned
P80710	unassigned
P80713	unassigned
P81025	convertase
P81214	zymogen_protease
P81363	unassigned
P81485	convertase
P81486	convertase
P81490	convertase
P81565	convertase
P81592	convertase
P81695	unassigned
P81791	unassigned
P81941	unassigned
P82003	convertase
P82102	unassigned
P82103	unassigned
P82106	unassigned
P82465	unassigned
P82701	unassigned
P83234	unassigned
P83493	zymogen_protease
P83495	zymogen_protease
P83548	unassigned
P83832	unassigned
P83862	unassigned
P83962	unassigned
P83964	unassigned
P83965	unassigned
P83969	unassigned
P84097	unassigned
P84183	unassigned
P84184	unassigned
P84185	unassigned
P84597	convertase
P84704	convertase
P84707	convertase
P84775	unassigned
P84808	unassigned
P85247	unassigned
P85254	unassigned
P85255	unassigned
P85256	unassigned
P85257	unassigned
P85527	convertase
P85798	convertase
P85799	convertase
P85832	convertase
P85881	convertase
P85883	convertase
P86037	convertase
P86040	convertase
P86110	unassigned
P86183	unassigned
P86399	unassigned
P86442	convertase
P86483	convertase
P86720	unassigned
P86842	unassigned
P87018	unassigned
P87384	convertase
P87385	convertase
P87558	unassigned
P91699	unassigned
P91706	unassigned
P91797	convertase
P92131	zymogen_protease
P92132	zymogen_protease
P92133	zymogen_protease
P92182	unassigned
P93328	unassigned
P93329	unassigned
P93395	zymogen_protease
P94853	unassigned
P96787	unassigned
P97278	unassigned
P97279	unassigned
P97280	convertase
P97594	zymogen_protease
P97740	convertase
P98068	convertase
P98069	convertase
P98136	unassigned
P99134	unassigned
P99164	unassigned
P9WEW4	zymogen_protease
P9WEW6	zymogen_protease
P9WG69	unassigned
P9WHQ6	unassigned
P9WHQ7	unassigned
P9WHT8	zymogen_protease
P9WIN7	unassigned
Q00024	unassigned
Q00045	unassigned
Q00046	unassigned
Q00356	zymogen_protease
Q00363	unassigned
Q00446	zymogen_protease
Q00652	unassigned
Q00871	zymogen_protease
Q00971	zymogen_protease
Q01074	unassigned
Q01294	zymogen_protease
Q01301	convertase
Q01387	unassigned
Q01821	unassigned
Q01MB6	unassigned
Q02192	unassigned
Q02193	convertase
Q02989	convertase
Q02L18	zymogen_protease
Q02SZ7	zymogen_protease
Q03029	unassigned
Q03156	unassigned
Q03197	unassigned
Q03363	unassigned
Q03420	convertase
Q03424	zymogen_protease
Q03467	unassigned
Q03643	unassigned
Q03644	unassigned
Q03645	unassigned
Q03646	unassigned
Q03671	unassigned
Q03700	zymogen_protease
Q03877	unassigned
Q04469	convertase
Q04960	unassigned
Q05058	unassigned
Q05094	zymogen_protease
Q05147	unassigned
Q05205	unassigned
Q05308	zymogen_protease
Q06084	unassigned
Q06303	unassigned
Q06304	unassigned
Q06305	unassigned
Q06306	unassigned
Q06478	unassigned
Q06517	zymogen_protease
Q06589	unassigned
Q06590	unassigned
Q06601	convertase
Q06AS9	unassigned
Q06FW0	unassigned
Q06GR4	unassigned
Q06H01	unassigned
Q06J66	unassigned
Q06RC1	unassigned
Q06RD5	unassigned
Q06SI3	unassigned
Q06SJ6	unassigned
Q07049	unassigned
Q07162	zymogen_protease
Q07276	zymogen_protease
Q07295	zymogen_protease
Q072L7	zymogen_protease
Q07596	zymogen_protease
Q075B4	zymogen_protease
Q07943	zymogen_protease
Q07981	unassigned
Q07988	unassigned
Q07990	unassigned
Q07G43	unassigned
Q08676	unassigned
Q08684	unassigned
Q08907	unassigned
Q08DT3	convertase
Q08DX6	convertase
Q09016	convertase
Q09553	unassigned
Q09897	unassigned
Q09982	convertase
Q09FW5	unassigned
Q09G50	unassigned
Q09GK1	zymogen_protease
Q09GK2	convertase
Q09MI2	unassigned
Q09X21	unassigned
Q0C9B4	unassigned
Q0CFJ0	zymogen_protease
Q0CMU3	zymogen_protease
Q0CMZ3	convertase
Q0CSD3	zymogen_protease
Q0EAB7	convertase
Q0G9M3	unassigned
Q0G9W6	unassigned
Q0GY43	unassigned
Q0GY44	unassigned
Q0H293	convertase
Q0H8Y6	unassigned
Q0I910	unassigned
Q0II73	zymogen_protease
Q0IQB6	unassigned
Q0IUU4	unassigned
Q0JF21	unassigned
Q0JR25	unassigned
Q0P3J3	unassigned
Q0P3Q1	unassigned
Q0RLT7	zymogen_protease
Q0SIF9	zymogen_protease
Q0SRD5	zymogen_protease
Q0TKK4	zymogen_protease
Q0TNR9	zymogen_protease
Q0TU55	zymogen_protease
Q0U6L1	zymogen_protease
Q0UC19	zymogen_protease
Q0UCJ2	convertase
Q0V1D7	convertase
Q0V1R1	zymogen_protease
Q0V3Y9	unassigned
Q0V671	zymogen_protease
Q0V9W0	unassigned
Q0VCM5	unassigned
Q0VTU0	unassigned
Q0VZ41	convertase
Q0W2D6	zymogen_protease
Q0WV37	unassigned
Q0WYX8	unassigned
Q0ZJ24	unassigned
Q10485	unassigned
Q10716	zymogen_protease
Q10JL1	unassigned
Q10VK7	unassigned
Q12282	unassigned
Q12554	convertase
Q12628	convertase
Q12708	convertase
Q12737	convertase
Q12YV7	zymogen_protease
Q148C8	unassigned
Q14FG1	unassigned
Q153Z0	zymogen_protease
Q16994	convertase
Q16N80	convertase
Q17004	zymogen_protease
Q17025	zymogen_protease
Q17093	convertase
Q17192	convertase
Q17194	convertase
Q17QV3	unassigned
Q18439	convertase
Q18GX3	zymogen_protease
Q19269	zymogen_protease
Q196W5	zymogen_protease
Q19VC6	unassigned
Q1ACJ6	unassigned
Q1B797	zymogen_protease
Q1EC66	unassigned
Q1EIQ3	zymogen_protease
Q1ELT9	unassigned
Q1ELU0	unassigned
Q1ELU1	unassigned
Q1ELV0	unassigned
Q1G2Y5	unassigned
Q1HA14	unassigned
Q1HAY5	zymogen_protease
Q1HN31	convertase
Q1HN32	convertase
Q1HN33	convertase
Q1HN34	convertase
Q1HN36	convertase
Q1HN38	convertase
Q1HN40	convertase
Q1HN42	convertase
Q1JS87	convertase
Q1JS88	convertase
Q1JS89	convertase
Q1JS90	convertase
Q1JS91	convertase
Q1JS92	convertase
Q1JS93	convertase
Q1JS94	convertase
Q1KN10	convertase
Q1KN12	convertase
Q1KN14	convertase
Q1KN16	convertase
Q1KN19	convertase
Q1KN21	convertase
Q1KN23	convertase
Q1KVY2	unassigned
Q1KXW3	unassigned
Q1PBD1	zymogen_protease
Q1PDX5	zymogen_protease
Q1PFD8	unassigned
Q1PS45	zymogen_protease
Q1RF98	zymogen_protease
Q1RMJ9	unassigned
Q1RMQ4	unassigned
Q1X6X8	convertase
Q1X6X9	convertase
Q1X6Y0	convertase
Q1X6Y1	convertase
Q1X6Y2	convertase
Q1X6Y3	convertase
Q1X6Y4	convertase
Q1X6Y5	convertase
Q1X6Y6	convertase
Q1X6Y7	convertase
Q1X6Y8	convertase
Q1X6Y9	convertase
Q1X6Z0	convertase
Q1X6Z1	convertase
Q1X6Z2	convertase
Q1X6Z3	convertase
Q1X6Z4	convertase
Q1X6Z5	convertase
Q1X6Z6	convertase
Q1X6Z7	convertase
Q1X6Z8	convertase
Q1X6Z9	convertase
Q1X700	convertase
Q1X701	convertase
Q1X702	convertase
Q1X703	convertase
Q1X704	convertase
Q1X705	convertase
Q1X706	convertase
Q1X707	convertase
Q1X708	convertase
Q1X709	convertase
Q1X710	convertase
Q1X711	convertase
Q1XDD1	unassigned
Q1XDS5	unassigned
Q1ZXQ9	unassigned
Q20191	zymogen_protease
Q20459	zymogen_protease
Q20958	convertase
Q20EU6	unassigned
Q21178	zymogen_protease
Q21179	zymogen_protease
Q21180	zymogen_protease
Q21181	zymogen_protease
Q21252	zymogen_protease
Q21388	zymogen_protease
Q22396	convertase
Q22398	zymogen_protease
Q22401	unassigned
Q22710	convertase
Q23430	convertase
Q23894	zymogen_protease
Q24735	unassigned
Q25010	unassigned
Q25054	convertase
Q26350	unassigned
Q26431	convertase
Q26474	unassigned
Q26491	convertase
Q26534	zymogen_protease
Q26563	zymogen_protease
Q26974	unassigned
Q27023	convertase
Q27172	unassigned
Q27173	unassigned
Q27174	unassigned
Q27180	unassigned
Q27181	unassigned
Q27182	unassigned
Q27239	unassigned
Q27289	zymogen_protease
Q28106	unassigned
Q28207	convertase
Q28216	unassigned
Q28358	unassigned
Q28376	unassigned
Q28381	unassigned
Q28389	zymogen_protease
Q28475	unassigned
Q28668	unassigned
Q28773	zymogen_protease
Q28785	unassigned
Q28888	unassigned
Q28896	unassigned
Q28FG2	unassigned
Q28GB8	convertase
Q28HK1	unassigned
Q29052	unassigned
Q29078	zymogen_protease
Q29079	zymogen_protease
Q29100	unassigned
Q29125	unassigned
Q29384	unassigned
Q29393	unassigned
Q295T3	convertase
Q295X7	unassigned
Q299B0	convertase
Q29IM7	zymogen_protease
Q29KK2	convertase
Q29RS5	unassigned
Q2EI26	zymogen_protease
Q2FDK5	unassigned
Q2FE03	unassigned
Q2FG07	unassigned
Q2FHV0	unassigned
Q2FJ77	unassigned
Q2FJ78	unassigned
Q2FJ79	unassigned
Q2FQL8	zymogen_protease
Q2FUU5	zymogen_protease
Q2FXJ2	unassigned
Q2FZF0	unassigned
Q2G0L5	unassigned
Q2G2B2	unassigned
Q2H1T8	zymogen_protease
Q2H9G6	zymogen_protease
Q2HIM9	unassigned
Q2HJ94	unassigned
Q2HZH0	unassigned
Q2I2R7	unassigned
Q2I2R8	unassigned
Q2IAL6	unassigned
Q2J9Q3	zymogen_protease
Q2JTM8	unassigned
Q2KH28	convertase
Q2KIC6	unassigned
Q2KJG2	unassigned
Q2KS10	unassigned
Q2L901	unassigned
Q2LKX9	unassigned
Q2MGH6	unassigned
Q2MH07	unassigned
Q2MIA4	unassigned
Q2MIJ1	unassigned
Q2NI68	zymogen_protease
Q2PE60	unassigned
Q2PFW2	unassigned
Q2PIT3	zymogen_protease
Q2PMT9	unassigned
Q2QA04	zymogen_protease
Q2QD93	unassigned
Q2QXY1	unassigned
Q2RAP0	unassigned
Q2T9U8	convertase
Q2TBX6	unassigned
Q2TGZ2	unassigned
Q2TYA1	zymogen_protease
Q2TZK2	unassigned
Q2U1G7	zymogen_protease
Q2U1N5	zymogen_protease
Q2UIE6	unassigned
Q2UP30	convertase
Q2UUZ1	unassigned
Q2UXR1	convertase
Q2UXR2	convertase
Q2UXR3	convertase
Q2UXR4	convertase
Q2V2G5	convertase
Q2VEI0	unassigned
Q2WCN5	convertase
Q2WCN6	convertase
Q2WCN7	convertase
Q2WCN8	convertase
Q2XXL8	convertase
Q2YTF7	unassigned
Q2YX94	unassigned
Q2YX95	unassigned
Q2YX96	unassigned
Q30KK9	convertase
Q32389	unassigned
Q32KM8	convertase
Q32KZ1	unassigned
Q32PB3	unassigned
Q32RM6	unassigned
Q32RS9	unassigned
Q332Y2	unassigned
Q33C41	unassigned
Q35638	unassigned
Q36835	unassigned
Q36918	unassigned
Q39131	unassigned
Q39256	unassigned
Q39435	unassigned
Q39692	zymogen_protease
Q39693	zymogen_protease
Q39785	unassigned
Q39799	unassigned
Q39837	unassigned
Q3AKT2	unassigned
Q3AYB8	unassigned
Q3BAP4	unassigned
Q3BER4	unassigned
Q3C1I3	unassigned
Q3E7K8	unassigned
Q3HTN1	zymogen_protease
Q3HTN2	zymogen_protease
Q3HXY3	convertase
Q3IPX1	zymogen_protease
Q3KD51	zymogen_protease
Q3KH00	zymogen_protease
Q3KLQ7	unassigned
Q3MB78	unassigned
Q3MCT0	unassigned
Q3SYP2	zymogen_protease
Q3SZA1	unassigned
Q3T108	unassigned
Q3TMH2	unassigned
Q3UKY7	zymogen_protease
Q3UQ24	unassigned
Q3V538	unassigned
Q3YEE8	convertase
Q3YEE9	convertase
Q3YEH5	convertase
Q3YEH7	convertase
Q3ZD74	zymogen_protease
Q3ZEJ8	zymogen_protease
Q3ZJ43	unassigned
Q40143	zymogen_protease
Q40220	unassigned
Q41065	unassigned
Q41066	unassigned
Q41114	unassigned
Q41254	unassigned
Q41448	unassigned
Q41480	unassigned
Q42456	zymogen_protease
Q42596	unassigned
Q42597	unassigned
Q43645	unassigned
Q43646	unassigned
Q43667	unassigned
Q43880	zymogen_protease
Q46G14	zymogen_protease
Q47899	zymogen_protease
Q47NZ4	zymogen_protease
Q48314	unassigned
Q48315	unassigned
Q48KB0	zymogen_protease
Q48LS4	zymogen_protease
Q496H8	unassigned
Q49780	zymogen_protease
Q49L02	unassigned
Q4FFN5	unassigned
Q4G3F2	unassigned
Q4GZL1	unassigned
Q4JAA8	zymogen_protease
Q4JAY3	zymogen_protease
Q4KCM5	zymogen_protease
Q4KH86	zymogen_protease
Q4PLJ0	unassigned
Q4PSZ8	unassigned
Q4R4I2	unassigned
Q4R5E9	convertase
Q4R5M8	unassigned
Q4R7M2	unassigned
Q4R7R2	convertase
Q4U0U2	unassigned
Q4V8K5	unassigned
Q4VT26	unassigned
Q4W9P4	zymogen_protease
Q4WA45	convertase
Q4WBE1	zymogen_protease
Q4WCX9	unassigned
Q4WDN4	zymogen_protease
Q4WGU1	zymogen_protease
Q4WJ27	unassigned
Q4WJA1	zymogen_protease
Q4WNS8	unassigned
Q4WNV0	zymogen_protease
Q4WQR6	convertase
Q4WQT2	zymogen_protease
Q4WR80	zymogen_protease
Q4WYT0	zymogen_protease
Q4X084	unassigned
Q4X136	unassigned
Q4X1U0	unassigned
Q4ZPM1	zymogen_protease
Q4ZV08	zymogen_protease
Q50028	unassigned
Q504N0	zymogen_protease
Q51826	unassigned
Q52K95	unassigned
Q52R90	unassigned
Q53WK4	unassigned
Q54179	zymogen_protease
Q54443	unassigned
Q548P6	unassigned
Q54957	unassigned
Q54BG3	unassigned
Q54DU9	unassigned
Q54ES8	unassigned
Q54G11	unassigned
Q54GU3	unassigned
Q54HZ7	unassigned
Q54IM7	unassigned
Q54LB9	unassigned
Q54LC0	unassigned
Q54LC1	unassigned
Q54LC2	unassigned
Q54LC3	unassigned
Q54LM2	unassigned
Q54N81	unassigned
Q54QD9	zymogen_protease
Q54SV1	unassigned
Q54T57	unassigned
Q54VW1	zymogen_protease
Q54XV3	unassigned
Q54YY4	unassigned
Q55038	unassigned
Q553R6	unassigned
Q55621	unassigned
Q558I0	unassigned
Q55CA9	unassigned
Q55CB0	unassigned
Q55CB7	unassigned
Q55CB8	unassigned
Q55CB9	unassigned
Q55CC0	unassigned
Q571V4	unassigned
Q571V6	unassigned
Q57312	unassigned
Q57SB5	zymogen_protease
Q58DA5	unassigned
Q58G87	unassigned
Q58T39	convertase
Q58T41	convertase
Q58T51	convertase
Q58T56	convertase
Q58T58	convertase
Q58T59	convertase
Q58T69	convertase
Q58T72	convertase
Q58T93	convertase
Q58T95	convertase
Q58Y43	unassigned
Q59149	zymogen_protease
Q59193	zymogen_protease
Q59223	zymogen_protease
Q59L72	unassigned
Q59L86	unassigned
Q59L96	unassigned
Q59SG9	unassigned
Q59V01	unassigned
Q59XB0	unassigned
Q5A029	unassigned
Q5A1B3	unassigned
Q5A1E0	unassigned
Q5A4X8	unassigned
Q5A5K7	unassigned
Q5A5M7	unassigned
Q5A6M0	unassigned
Q5A6M2	unassigned
Q5A6U1	unassigned
Q5A8I6	unassigned
Q5A8I8	unassigned
Q5AA33	unassigned
Q5ACP5	unassigned
Q5AD34	unassigned
Q5ADQ7	unassigned
Q5AEG7	unassigned
Q5AHA4	unassigned
Q5AHE8	unassigned
Q5AK97	unassigned
Q5AMF7	unassigned
Q5APJ9	unassigned
Q5AUR8	convertase
Q5AXE5	zymogen_protease
Q5B011	unassigned
Q5B0Q1	unassigned
Q5B2U9	unassigned
Q5B7T7	convertase
Q5B8T6	unassigned
Q5BIV7	unassigned
Q5BIZ2	unassigned
Q5BJP3	unassigned
Q5CZK3	convertase
Q5D233	unassigned
Q5DVA5	convertase
Q5DVA6	convertase
Q5E968	zymogen_protease
Q5E998	zymogen_protease
Q5E9F0	unassigned
Q5E9X0	unassigned
Q5EAX4	unassigned
Q5EHP2	convertase
Q5FBW1	zymogen_protease
Q5G860	unassigned
Q5G863	unassigned
Q5G8A8	unassigned
Q5H7N4	unassigned
Q5H7N5	unassigned
Q5H7N6	unassigned
Q5HCM7	zymogen_protease
Q5HCP3	unassigned
Q5HCR7	unassigned
Q5HEL3	zymogen_protease
Q5HF43	unassigned
Q5HGV3	unassigned
Q5HGV4	unassigned
Q5HGV5	unassigned
Q5HH14	unassigned
Q5HH36	zymogen_protease
Q5HHM4	zymogen_protease
Q5HIB2	unassigned
Q5HIB3	unassigned
Q5HIB4	unassigned
Q5HJ48	zymogen_protease
Q5HKF6	zymogen_protease
Q5HKP6	zymogen_protease
Q5HQA0	unassigned
Q5HZW7	unassigned
Q5I3Q2	convertase
Q5I4E5	convertase
Q5I4E6	convertase
Q5IS42	unassigned
Q5IS61	unassigned
Q5IS87	unassigned
Q5J6J0	zymogen_protease
Q5J8R1	convertase
Q5JDJ9	zymogen_protease
Q5JHL8	zymogen_protease
Q5KK80	unassigned
Q5NRP8	convertase
Q5NRP9	convertase
Q5NRQ0	convertase
Q5NRQ1	convertase
Q5NVR8	convertase
Q5PFN4	zymogen_protease
Q5PNZ7	unassigned
Q5PR73	unassigned
Q5QFG1	unassigned
Q5R1M5	zymogen_protease
Q5R1V9	unassigned
Q5R412	unassigned
Q5R4M6	convertase
Q5R4N5	unassigned
Q5R551	unassigned
Q5R639	unassigned
Q5R6S2	unassigned
Q5R8S2	zymogen_protease
Q5R9F4	unassigned
Q5RAD6	unassigned
Q5RB37	unassigned
Q5RBQ0	unassigned
Q5RCB6	unassigned
Q5RDD7	unassigned
Q5RDJ5	unassigned
Q5RDP6	unassigned
Q5RE54	unassigned
Q5REH7	unassigned
Q5RF21	unassigned
Q5RFD0	unassigned
Q5RFD6	zymogen_protease
Q5RJW4	unassigned
Q5RZV4	convertase
Q5S502	unassigned
Q5SC59	convertase
Q5SC60	convertase
Q5SCV9	unassigned
Q5SCW5	unassigned
Q5U2X4	unassigned
Q5U901	convertase
Q5U9D2	convertase
Q5UQ27	unassigned
Q5USV6	convertase
Q5USV7	convertase
Q5USV8	convertase
Q5USV9	convertase
Q5USW0	convertase
Q5USW1	convertase
Q5V1D5	zymogen_protease
Q5V1N0	unassigned
Q5V4S6	zymogen_protease
Q5VJ71	zymogen_protease
Q5VJ72	zymogen_protease
Q5VJ73	zymogen_protease
Q5VJ74	zymogen_protease
Q5VJ75	zymogen_protease
Q5VJ76	zymogen_protease
Q5VJ77	zymogen_protease
Q5VJG6	zymogen_protease
Q5VJG9	zymogen_protease
Q5VND6	unassigned
Q5W1L3	convertase
Q5W1L4	convertase
Q5W1L5	convertase
Q5W958	unassigned
Q5W960	zymogen_protease
Q5W9T8	unassigned
Q5WQV8	unassigned
Q5X9Q9	unassigned
Q5XIF4	unassigned
Q5YF89	convertase
Q5YUX2	zymogen_protease
Q5ZHQ1	unassigned
Q5ZHX1	unassigned
Q5ZMK7	unassigned
Q60485	unassigned
Q60549	convertase
Q60HF6	zymogen_protease
Q61017	unassigned
Q619T5	unassigned
Q61EX6	convertase
Q62587	convertase
Q62713	unassigned
Q63064	unassigned
Q63088	zymogen_protease
Q63189	unassigned
Q63416	convertase
Q634M0	zymogen_protease
Q63ZK0	zymogen_protease
Q640R7	unassigned
Q64171	convertase
Q64365	unassigned
Q64411	zymogen_protease
Q64754	unassigned
Q64846	unassigned
Q64K30	zymogen_protease
Q64K31	zymogen_protease
Q64K32	zymogen_protease
Q64K33	zymogen_protease
Q64K34	zymogen_protease
Q64K35	zymogen_protease
Q64K36	zymogen_protease
Q65949	unassigned
Q65951	unassigned
Q65DC2	unassigned
Q65DC4	unassigned
Q65H47	zymogen_protease
Q66H42	unassigned
Q66KL4	convertase
Q66NC0	convertase
Q66S08	unassigned
Q66S13	unassigned
Q66S21	unassigned
Q66S25	unassigned
Q67ZW1	unassigned
Q689Z7	zymogen_protease
Q68PG2	unassigned
Q68PG7	unassigned
Q68PG8	unassigned
Q68PG9	unassigned
Q68PH0	unassigned
Q68PH1	unassigned
Q68PH2	unassigned
Q68PH3	unassigned
Q68PH4	unassigned
Q68S10	unassigned
Q68Y23	unassigned
Q69F34	zymogen_protease
Q69F35	zymogen_protease
Q69F56	zymogen_protease
Q69F57	zymogen_protease
Q69F58	zymogen_protease
Q69IF8	zymogen_protease
Q69RC4	unassigned
Q6ASY2	zymogen_protease
Q6B4T3	unassigned
Q6B4T4	convertase
Q6B4T5	convertase
Q6B917	unassigned
Q6B929	unassigned
Q6BEA2	zymogen_protease
Q6BH13	zymogen_protease
Q6BPV1	unassigned
Q6BSL0	unassigned
Q6C0J1	unassigned
Q6C2Y6	zymogen_protease
Q6C537	unassigned
Q6C794	unassigned
Q6CHU5	unassigned
Q6DEP7	unassigned
Q6DHL4	unassigned
Q6DI05	unassigned
Q6DK72	unassigned
Q6DLS0	convertase
Q6DLW5	convertase
Q6DYE7	convertase
Q6E3K9	unassigned
Q6EAN6	unassigned
Q6ECK6	convertase
Q6ENJ0	unassigned
Q6ENY0	unassigned
Q6EW52	unassigned
Q6EW71	unassigned
Q6FLP9	unassigned
Q6FNB1	unassigned
Q6FPX9	zymogen_protease
Q6FT26	unassigned
Q6FW27	unassigned
Q6FWE8	convertase
Q6G604	zymogen_protease
Q6G620	unassigned
Q6G644	unassigned
Q6G824	zymogen_protease
Q6G8J7	unassigned
Q6GA84	unassigned
Q6GA85	unassigned
Q6GA86	unassigned
Q6GAE3	unassigned
Q6GAG5	zymogen_protease
Q6GB41	zymogen_protease
Q6GBS4	unassigned
Q6GBS5	unassigned
Q6GBS6	unassigned
Q6GCF1	zymogen_protease
Q6GDD3	zymogen_protease
Q6GDE9	unassigned
Q6GDH2	unassigned
Q6GFE8	zymogen_protease
Q6GHV5	unassigned
Q6GHV6	unassigned
Q6GHV7	unassigned
Q6GI14	unassigned
Q6GI35	zymogen_protease
Q6GIK1	zymogen_protease
Q6GJA6	unassigned
Q6GJA7	unassigned
Q6GJZ6	zymogen_protease
Q6GPW2	unassigned
Q6GQ27	unassigned
Q6HDK0	zymogen_protease
Q6IV23	unassigned
Q6L181	zymogen_protease
Q6LDZ8	unassigned
Q6LXR6	unassigned
Q6LZD4	zymogen_protease
Q6LZM3	unassigned
Q6M0N3	unassigned
Q6M0N4	unassigned
Q6M0N7	unassigned
Q6MG58	unassigned
Q6NLD7	unassigned
Q6NLF7	unassigned
Q6NME6	unassigned
Q6NN00	unassigned
Q6NRI5	unassigned
Q6NUX8	unassigned
Q6NV25	unassigned
Q6NWB6	unassigned
Q6P326	zymogen_protease
Q6P816	unassigned
Q6P8G3	unassigned
Q6P8K8	zymogen_protease
Q6PAQ9	unassigned
Q6PN83	convertase
Q6PN84	convertase
Q6PTD5	unassigned
Q6PTD6	unassigned
Q6PUD2	unassigned
Q6PX77	unassigned
Q6Q249	unassigned
Q6Q250	unassigned
Q6Q251	unassigned
Q6Q252	unassigned
Q6QLR3	unassigned
Q6R2X3	unassigned
Q6T6H8	unassigned
Q6T6S7	unassigned
Q6T6T2	unassigned
Q6T6T3	unassigned
Q6UQ28	unassigned
Q6UWN0	unassigned
Q6UX82	unassigned
Q6UXB3	unassigned
Q6VTL7	zymogen_protease
Q6WIH1	zymogen_protease
Q6WIH2	zymogen_protease
Q6WIH3	zymogen_protease
Q6WIH4	zymogen_protease
Q6WIH5	zymogen_protease
Q6WIH6	zymogen_protease
Q6WIH7	zymogen_protease
Q6WIH8	zymogen_protease
Q6X5V1	convertase
Q6X7V3	convertase
Q6XMH8	convertase
Q6YK33	convertase
Q6YNQ0	unassigned
Q6YXN9	unassigned
Q6Z1D5	unassigned
Q6Z232	unassigned
Q70HJ3	zymogen_protease
Q70HJ4	zymogen_protease
Q70XC3	convertase
Q70Y07	unassigned
Q718F4	convertase
Q71QH5	zymogen_protease
Q71QH6	zymogen_protease
Q71QH7	zymogen_protease
Q71QH9	zymogen_protease
Q71QI0	unassigned
Q71QI1	zymogen_protease
Q71QI2	zymogen_protease
Q71QI3	zymogen_protease
Q71QI4	zymogen_protease
Q71QI5	zymogen_protease
Q71QI7	zymogen_protease
Q71QI8	zymogen_protease
Q71QJ0	zymogen_protease
Q71QJ1	zymogen_protease
Q71QJ2	zymogen_protease
Q71QJ3	zymogen_protease
Q71QJ4	unassigned
Q723K6	unassigned
Q72GL2	unassigned
Q72JC2	unassigned
Q72JC3	unassigned
Q72JC4	unassigned
Q730L4	zymogen_protease
Q73YW8	zymogen_protease
Q74MP5	zymogen_protease
Q755X2	unassigned
Q757F0	unassigned
Q75DG6	unassigned
Q75G39	unassigned
Q75S51	unassigned
Q75V94	convertase
Q75V95	convertase
Q75WG6	unassigned
Q75WG7	convertase
Q75WH3	unassigned
Q75WH4	unassigned
Q75WH5	unassigned
Q75WH6	unassigned
Q75WU1	unassigned
Q765I0	convertase
Q765I1	convertase
Q76CA0	convertase
Q76CA3	convertase
Q76DT2	unassigned
Q76KW6	convertase
Q7A362	unassigned
Q7A382	unassigned
Q7A654	unassigned
Q7A6A7	zymogen_protease
Q7A6P2	zymogen_protease
Q7A780	unassigned
Q7A781	unassigned
Q7A7P2	zymogen_protease
Q7GDU7	zymogen_protease
Q7JGL8	unassigned
Q7JGL9	unassigned
Q7JGM0	unassigned
Q7JGM1	unassigned
Q7JGM2	unassigned
Q7JIG6	zymogen_protease
Q7K5V2	unassigned
Q7LHD1	unassigned
Q7M1E7	zymogen_protease
Q7M3V5	convertase
Q7MXK0	unassigned
Q7NH81	unassigned
Q7NJX5	unassigned
Q7PTL2	convertase
Q7RWT0	unassigned
Q7RXW8	zymogen_protease
Q7RYC8	zymogen_protease
Q7RZ85	unassigned
Q7SZ22	unassigned
Q7SZD9	zymogen_protease
Q7SZE0	zymogen_protease
Q7T229	unassigned
Q7T3K7	convertase
Q7T3K8	convertase
Q7T3K9	convertase
Q7TV59	unassigned
Q7TZ13	zymogen_protease
Q7V365	unassigned
Q7V735	unassigned
Q7V7B7	unassigned
Q7V8T1	unassigned
Q7XPR1	unassigned
Q7YJX6	unassigned
Q7YS69	unassigned
Q7YXK5	convertase
Q7Z0M7	convertase
Q7ZTK7	unassigned
Q7ZUN8	unassigned
Q7ZW34	unassigned
Q7ZXH7	unassigned
Q7ZXZ6	convertase
Q800I7	convertase
Q800I8	convertase
Q800R4	convertase
Q802F0	zymogen_protease
Q803Y4	unassigned
Q804S2	convertase
Q805D7	unassigned
Q805D8	convertase
Q805E8	unassigned
Q805E9	convertase
Q805F5	unassigned
Q80LP4	zymogen_protease
Q818E2	zymogen_protease
Q81LR5	zymogen_protease
Q828I8	zymogen_protease
Q82JE3	zymogen_protease
Q84J88	unassigned
Q84JV2	unassigned
Q85AU0	unassigned
Q85BB6	unassigned
Q85FM3	unassigned
Q85G59	unassigned
Q85Q99	unassigned
Q85WW6	unassigned
Q862B1	convertase
Q865X8	unassigned
Q867B0	zymogen_protease
Q86A85	unassigned
Q86IL4	unassigned
Q86JP5	unassigned
Q86L51	unassigned
Q86LE4	convertase
Q86RA3	convertase
Q86RB2	convertase
Q876J3	zymogen_protease
Q87XP3	zymogen_protease
Q884D2	zymogen_protease
Q88IU8	zymogen_protease
Q88NU6	zymogen_protease
Q89532	unassigned
Q89592	unassigned
Q89707	unassigned
Q89814	unassigned
Q89860	unassigned
Q8AUU1	convertase
Q8AVB2	convertase
Q8AXR2	convertase
Q8AXR3	convertase
Q8AY47	unassigned
Q8AY48	unassigned
Q8AY78	zymogen_protease
Q8AY82	unassigned
Q8AYR5	convertase
Q8AYR6	convertase
Q8B9D5	zymogen_protease
Q8BFS3	convertase
Q8BJR6	zymogen_protease
Q8BLK3	unassigned
Q8BM88	zymogen_protease
Q8BS03	unassigned
Q8BVP6	unassigned
Q8C1N8	unassigned
Q8C1P2	unassigned
Q8CAL5	unassigned
Q8CHK2	convertase
Q8CJY7	unassigned
Q8CMP4	unassigned
Q8CT30	unassigned
Q8CXC9	zymogen_protease
Q8CYC9	unassigned
Q8DQN5	zymogen_protease
Q8GR90	zymogen_protease
Q8GUI4	unassigned
Q8GUK4	zymogen_protease
Q8GUL8	unassigned
Q8GWX9	zymogen_protease
Q8GYS8	unassigned
Q8H6Q0	unassigned
Q8HB52	unassigned
Q8HDG8	unassigned
Q8HXV2	convertase
Q8HY81	zymogen_protease
Q8I1Y4	unassigned
Q8I423	unassigned
Q8I6R2	unassigned
Q8I6R5	convertase
Q8I6S2	unassigned
Q8I6S3	unassigned
Q8I6U3	unassigned
Q8I7X1	convertase
Q8I817	unassigned
Q8IS41	unassigned
Q8IS98	unassigned
Q8J077	zymogen_protease
Q8J0D4	zymogen_protease
Q8J0D6	zymogen_protease
Q8J0D7	zymogen_protease
Q8J0D8	zymogen_protease
Q8J0D9	zymogen_protease
Q8J212	unassigned
Q8JFG2	unassigned
Q8JG54	unassigned
Q8JJ51	zymogen_protease
Q8JN70	unassigned
Q8K1M5	convertase
Q8K2Q7	unassigned
Q8K4P1	convertase
Q8KWM1	unassigned
Q8L6Z5	unassigned
Q8L7I2	zymogen_protease
Q8L9P8	unassigned
Q8LA14	unassigned
Q8LAX3	unassigned
Q8LCE4	unassigned
Q8LCN5	unassigned
Q8LE92	unassigned
Q8LW54	unassigned
Q8M9W5	unassigned
Q8MI35	convertase
Q8MJ80	convertase
Q8MJV4	convertase
Q8MP00	convertase
Q8MPY9	convertase
Q8N687	convertase
Q8NG41	convertase
Q8NIB6	zymogen_protease
Q8NID9	zymogen_protease
Q8NIE3	zymogen_protease
Q8NIH1	zymogen_protease
Q8NIJ4	zymogen_protease
Q8NJJ4	unassigned
Q8NK98	zymogen_protease
Q8NK99	zymogen_protease
Q8NKB6	zymogen_protease
Q8NUI5	zymogen_protease
Q8NUL0	unassigned
Q8NVS9	zymogen_protease
Q8NW39	unassigned
Q8NX91	unassigned
Q8NX99	zymogen_protease
Q8NXI6	zymogen_protease
Q8NXX5	unassigned
Q8NXX6	unassigned
Q8NXX7	unassigned
Q8NYC2	zymogen_protease
Q8PZ04	zymogen_protease
Q8QFQ4	unassigned
Q8QFQ5	convertase
Q8QFW3	unassigned
Q8QFW4	unassigned
Q8QG74	convertase
Q8QG86	zymogen_protease
Q8QG88	zymogen_protease
Q8QG89	zymogen_protease
Q8QGH2	unassigned
Q8QLK1	zymogen_protease
Q8R4H4	convertase
Q8RB77	zymogen_protease
Q8S1Y9	unassigned
Q8S8X7	unassigned
Q8S9J6	zymogen_protease
Q8SQ41	zymogen_protease
Q8SQD7	convertase
Q8SQN7	zymogen_protease
Q8SR11	zymogen_protease
Q8SWI4	unassigned
Q8T112	convertase
Q8T1G5	unassigned
Q8T1G6	unassigned
Q8T3S7	unassigned
Q8TFG9	unassigned
Q8TJB5	zymogen_protease
Q8TW10	zymogen_protease
Q8U125	zymogen_protease
Q8U4C9	zymogen_protease
Q8UUH7	unassigned
Q8UUH8	unassigned
Q8UUH9	unassigned
Q8UUI0	unassigned
Q8UUI1	unassigned
Q8UUI2	unassigned
Q8UUI3	unassigned
Q8UUI4	unassigned
Q8UUK2	zymogen_protease
Q8UVX1	zymogen_protease
Q8UW08	unassigned
Q8UW30	unassigned
Q8UW64	zymogen_protease
Q8UWD7	convertase
Q8UWD8	convertase
Q8UWD9	convertase
Q8UWE0	convertase
Q8V5U0	zymogen_protease
Q8VPC3	unassigned
Q8VQ71	unassigned
Q8VQ99	unassigned
Q8VYS0	zymogen_protease
Q8VYV9	zymogen_protease
Q8WI20	unassigned
Q8WN12	convertase
Q8WS88	convertase
Q8WSW3	unassigned
Q8WZY7	unassigned
Q8XIS3	zymogen_protease
Q8Y8L7	unassigned
Q8YA32	unassigned
Q8YAJ5	unassigned
Q8ZST5	zymogen_protease
Q8ZYF2	zymogen_protease
Q90251	unassigned
Q90322	convertase
Q90325	unassigned
Q90326	unassigned
Q90627	zymogen_protease
Q90628	zymogen_protease
Q90629	zymogen_protease
Q90686	zymogen_protease
Q90986	unassigned
Q90X85	unassigned
Q90XB7	convertase
Q90XB8	convertase
Q90ZM9	unassigned
Q90ZY0	unassigned
Q91041	zymogen_protease
Q91189	convertase
Q91194	convertase
Q91621	convertase
Q91971	convertase
Q91BH1	zymogen_protease
Q91CL9	zymogen_protease
Q91GE3	zymogen_protease
Q91V13	convertase
Q91V70	unassigned
Q91V80	convertase
Q91XL7	unassigned
Q91YK8	unassigned
Q91Z61	unassigned
Q92389	zymogen_protease
Q93130	unassigned
Q931P4	unassigned
Q932F7	unassigned
Q933I7	unassigned
Q93542	zymogen_protease
Q93702	convertase
Q93R80	unassigned
Q93X17	unassigned
Q93XX5	unassigned
Q94435	unassigned
Q94503	zymogen_protease
Q94694	unassigned
Q94714	zymogen_protease
Q94F08	unassigned
Q94F57	unassigned
Q95150	convertase
Q95253	unassigned
Q95J18	unassigned
Q95J22	unassigned
Q95J24	unassigned
Q95J46	convertase
Q95J88	unassigned
Q95KD9	unassigned
Q95L04	convertase
Q95L12	unassigned
Q95M66	unassigned
Q95M67	unassigned
Q95M68	unassigned
Q95MI6	convertase
Q95NE0	unassigned
Q95PD7	zymogen_protease
Q96316	unassigned
Q96624	unassigned
Q96684	unassigned
Q96831	unassigned
Q969E1	convertase
Q96WV6	unassigned
Q975D1	zymogen_protease
Q975U8	zymogen_protease
Q97AZ7	zymogen_protease
Q97JJ9	zymogen_protease
Q980L4	zymogen_protease
Q98919	unassigned
Q98ST6	unassigned
Q98TA8	convertase
Q98TB4	convertase
Q99031	unassigned
Q99132	zymogen_protease
Q99134	convertase
Q99317	unassigned
Q99319	unassigned
Q99MP3	convertase
Q99QY4	unassigned
Q99R07	unassigned
Q99TD3	unassigned
Q99UX3	unassigned
Q99UX4	unassigned
Q99UX5	unassigned
Q99V46	zymogen_protease
Q99VJ0	zymogen_protease
Q99W46	unassigned
Q99W47	unassigned
Q99W48	unassigned
Q99WQ6	zymogen_protease
Q9AVB0	unassigned
Q9BBT1	unassigned
Q9BDW8	convertase
Q9BG76	convertase
Q9BJV9	unassigned
Q9BMP8	unassigned
Q9BP55	convertase
Q9BPB1	convertase
Q9BPB2	convertase
Q9BPB4	convertase
Q9BPH1	convertase
Q9BY60	unassigned
Q9C7J6	unassigned
Q9C7U8	zymogen_protease
Q9C8F3	convertase
Q9C9B1	unassigned
Q9CAK6	unassigned
Q9CXP8	unassigned
Q9CZD5	unassigned
Q9D3S9	zymogen_protease
Q9D7F2	unassigned
Q9DD33	zymogen_protease
Q9DE68	unassigned
Q9DEZ9	convertase
Q9DF66	zymogen_protease
Q9DF68	zymogen_protease
Q9DG58	unassigned
Q9DG83	zymogen_protease
Q9DG84	zymogen_protease
Q9ESQ8	convertase
Q9FEB4	unassigned
Q9FFY3	unassigned
Q9FGH4	unassigned
Q9FGU3	zymogen_protease
Q9FH31	unassigned
Q9FHA4	zymogen_protease
Q9FHA6	unassigned
Q9FHN6	unassigned
Q9FI12	zymogen_protease
Q9FIF8	zymogen_protease
Q9FIG1	zymogen_protease
Q9FIG2	zymogen_protease
Q9FIM5	zymogen_protease
Q9FIM6	zymogen_protease
Q9FIM8	zymogen_protease
Q9FK76	zymogen_protease
Q9FLI4	zymogen_protease
Q9FLU5	unassigned
Q9FN39	unassigned
Q9FSI9	unassigned
Q9FVE0	unassigned
Q9FZ86	unassigned
Q9FZA0	unassigned
Q9FZD0	unassigned
Q9GJY2	unassigned
Q9GK30	convertase
Q9GK68	convertase
Q9GK77	unassigned
Q9GK78	unassigned
Q9GK79	unassigned
Q9GK80	unassigned
Q9GKQ6	unassigned
Q9GL67	convertase
Q9GLC7	convertase
Q9GLR2	unassigned
Q9GLY5	unassigned
Q9GMT4	unassigned
Q9GMY2	zymogen_protease
Q9GMY3	zymogen_protease
Q9GMY4	zymogen_protease
Q9GMY6	zymogen_protease
Q9GMY7	zymogen_protease
Q9GMY8	zymogen_protease
Q9GP84	unassigned
Q9GPQ9	unassigned
Q9GPR2	unassigned
Q9GQV6	unassigned
Q9GQW3	unassigned
Q9GU57	convertase
Q9H3Y0	unassigned
Q9HEZ3	zymogen_protease
Q9HR36	zymogen_protease
Q9I4U2	zymogen_protease
Q9I837	unassigned
Q9I842	unassigned
Q9I843	unassigned
Q9I844	unassigned
Q9I845	unassigned
Q9I846	unassigned
Q9I847	unassigned
Q9I8P2	convertase
Q9I8W9	zymogen_protease
Q9I8X0	zymogen_protease
Q9I900	unassigned
Q9IAX6	zymogen_protease
Q9IAY0	zymogen_protease
Q9IAY1	zymogen_protease
Q9IAY3	zymogen_protease
Q9IAY4	zymogen_protease
Q9J8B9	zymogen_protease
Q9JIA9	zymogen_protease
Q9K5K2	unassigned
Q9K5K8	unassigned
Q9K923	unassigned
Q9KD78	zymogen_protease
Q9KI14	unassigned
Q9LFW3	unassigned
Q9LJ85	unassigned
Q9LK37	unassigned
Q9LLL8	zymogen_protease
Q9LMY9	unassigned
Q9LSD8	unassigned
Q9LT77	zymogen_protease
Q9LT78	zymogen_protease
Q9LTE2	unassigned
Q9LTW9	unassigned
Q9LUM3	zymogen_protease
Q9LX20	zymogen_protease
Q9LZS6	zymogen_protease
Q9M2G1	unassigned
Q9M2K6	unassigned
Q9M4E3	unassigned
Q9M8K5	unassigned
Q9M8T7	unassigned
Q9MA62	unassigned
Q9MAB9	unassigned
Q9MAC1	unassigned
Q9MAP4	zymogen_protease
Q9MTN2	unassigned
Q9MUW1	unassigned
Q9MZE2	unassigned
Q9N0A6	unassigned
Q9N0T2	convertase
Q9N0T3	convertase
Q9N0V5	convertase
Q9N2V2	zymogen_protease
Q9N5R0	convertase
Q9N633	unassigned
Q9N682	unassigned
Q9NDA6	convertase
Q9NDA7	convertase
Q9NFP1	unassigned
Q9NJC4	unassigned
Q9NJC6	unassigned
Q9NJC8	unassigned
Q9NJQ2	convertase
Q9NL82	convertase
Q9NL83	convertase
Q9NPD7	unassigned
Q9P8G3	zymogen_protease
Q9P8J9	unassigned
Q9P8V0	unassigned
Q9P992	zymogen_protease
Q9P996	zymogen_protease
Q9PJV0	unassigned
Q9PT08	unassigned
Q9PT26	zymogen_protease
Q9PT40	unassigned
Q9PT99	convertase
Q9PTA5	unassigned
Q9PTA6	unassigned
Q9PTA7	unassigned
Q9PTL3	zymogen_protease
Q9PTS1	convertase
Q9PU97	unassigned
Q9PUG9	unassigned
Q9PUH0	unassigned
Q9PUH1	unassigned
Q9PUH2	unassigned
Q9PUH3	unassigned
Q9PUH4	unassigned
Q9PUH5	unassigned
Q9PUH6	unassigned
Q9PUH7	unassigned
Q9PUH8	unassigned
Q9PUH9	unassigned
Q9PUI0	unassigned
Q9PUI1	unassigned
Q9PUR1	convertase
Q9PUU8	convertase
Q9PVW7	unassigned
Q9PYY5	zymogen_protease
Q9QXQ6	convertase
Q9QZ25	unassigned
Q9QZE3	zymogen_protease
Q9S0W8	unassigned
Q9S3W5	unassigned
Q9S740	unassigned
Q9SA75	zymogen_protease
Q9SBK8	unassigned
Q9SFF7	unassigned
Q9SH14	unassigned
Q9SHQ8	unassigned
Q9SIL7	unassigned
Q9SIU6	unassigned
Q9SKW7	unassigned
Q9SQN9	unassigned
Q9SQT9	unassigned
Q9SSF0	unassigned
Q9SSG3	unassigned
Q9STF7	zymogen_protease
Q9STH5	unassigned
Q9STL4	zymogen_protease
Q9STQ2	zymogen_protease
Q9SUN6	zymogen_protease
Q9SUV6	unassigned
Q9SV73	unassigned
Q9SVT4	zymogen_protease
Q9SZG4	unassigned
Q9SZV5	zymogen_protease
Q9SZY2	zymogen_protease
Q9SZY3	zymogen_protease
Q9T0K9	unassigned
Q9T4F2	unassigned
Q9TJ82	unassigned
Q9TKZ9	unassigned
Q9TM46	unassigned
Q9TST1	zymogen_protease
Q9TSX8	unassigned
Q9TTC5	unassigned
Q9TTE2	unassigned
Q9TY83	unassigned
Q9TY84	unassigned
Q9U6V9	zymogen_protease
Q9U700	unassigned
Q9U8R2	convertase
Q9URR2	zymogen_protease
Q9UW97	zymogen_protease
Q9UWG6	unassigned
Q9UXF3	zymogen_protease
Q9V0N9	zymogen_protease
Q9V247	zymogen_protease
Q9V253	unassigned
Q9VIH9	unassigned
Q9VT50	convertase
Q9VU58	unassigned
Q9W4Q9	convertase
Q9W6M9	convertase
Q9W7E9	convertase
Q9W7F0	convertase
Q9W7R2	convertase
Q9WGE0	zymogen_protease
Q9WUG6	convertase
Q9WUK5	unassigned
Q9WV41	convertase
Q9X7U2	unassigned
Q9XEC4	zymogen_protease
Q9XHP1	unassigned
Q9XPS4	unassigned
Q9XS77	unassigned
Q9XSD9	unassigned
Q9XSJ6	unassigned
Q9XSM2	zymogen_protease
Q9XT35	convertase
Q9XTD6	zymogen_protease
Q9XVX1	convertase
Q9XZL1	unassigned
Q9Y581	convertase
Q9Y755	zymogen_protease
Q9Y778	zymogen_protease
Q9Y7F7	convertase
Q9Y833	unassigned
Q9YER0	zymogen_protease
Q9YES4	zymogen_protease
Q9YGH3	convertase
Q9YGH4	convertase
Q9YGH5	convertase
Q9YGI6	zymogen_protease
Q9YGJ2	zymogen_protease
Q9YGJ9	zymogen_protease
Q9YH37	unassigned
Q9YH38	unassigned
Q9YMP9	zymogen_protease
Q9YWK4	zymogen_protease
Q9Z1F1	unassigned
Q9ZQ23	unassigned
Q9ZSB0	zymogen_protease
Q9ZSB1	zymogen_protease
Q9ZT17	unassigned
Q9ZUV1	unassigned
Q9ZVC7	unassigned
Q9ZWA8	unassigned
S4UJV1	unassigned
S4UJW3	unassigned
S5FV19	unassigned
S8AKE6	unassigned
T1PQV6	convertase
T1PRE3	convertase
U3U715	unassigned
U5KJC9	convertase
U5KJJ1	convertase
U5KJM4	convertase
U5KJM6	convertase
U5KJT7	convertase
U5KJZ2	convertase
U5YCR8	zymogen_protease
V5IRP6	unassigned
V5V893	convertase
V9ZAY0	zymogen_protease
W4VS16	unassigned
W7DQ33	unassigned
W8W138	zymogen_protease
X5I9Z2	convertase
X5IGW1	convertase
X5IY26	convertase
A0A023IWD9	unassigned
A0A023IWE0	unassigned
A0A023IWE1	unassigned
A0A023IWE2	unassigned
A0A023IWE3	unassigned
A0A023IWG1	unassigned
A0A023IWG2	unassigned
A0A023IWG3	unassigned
A0A023IWG4	unassigned
A0A023IWI4	unassigned
A0A023IWI5	unassigned
A0A023IWI6	unassigned
A0A023IWI8	unassigned
A0A023IWK3	unassigned
A0A023IWK4	unassigned
A0A023IWK5	unassigned
A0A023IWK6	unassigned
A0A023IWK7	unassigned
A0A023IWM4	unassigned
A0A023IWM5	unassigned
A0A023IWM6	unassigned
A0A023IWM7	unassigned
A0A023IWM8	unassigned
A0A023UA23	unassigned
A0A023UBA8	unassigned
A0A023UBX6	unassigned
A0A023UBY3	unassigned
A0A023UCA6	unassigned
A0A023UCC1	unassigned
A0A023VZF1	unassigned
A0A023VZM6	convertase
A0A023VZR2	unassigned
A0A023W082	unassigned
A0A023W090	unassigned
A0A023W0C3	convertase
A0A023W0U0	unassigned
A0A023W0V9	convertase
A0A023W0W9	unassigned
A0A023W123	unassigned
A0A023W145	unassigned
A0A023W163	convertase
A0A023W168	convertase
A0A059U8Y9	convertase
A0A059UI21	unassigned
A0A059UI30	unassigned
A0A067SLB9	unassigned
A0A068B409	unassigned
A0A077DF94	unassigned
A0A0B5A7M7	convertase
A0A0B5A7N1	convertase
A0A0B5A7N5	convertase
A0A0B5A7N8	convertase
A0A0B5A8P8	convertase
A0A0B5A8Q6	convertase
A0A0B5ABD5	convertase
A0A0B5ABD9	convertase
A0A0B5ABE4	convertase
A0A0B5ABE6	convertase
A0A0B5AC98	convertase
A0A0B5ADT9	convertase
A0A0B5ADV0	convertase
A0A0C4G489	unassigned
A0A0C4G5K0	convertase
A0A0E3SVB8	unassigned
A0A0F6QDA5	convertase
A0A0K8TU78	unassigned
A0A0K8TUE2	unassigned
A0A0N7FMT9	convertase
A0A0N9LWM6	convertase
A0A0U5AF03	unassigned
A0A125S9D8	unassigned
A0A125S9D9	unassigned
A0A125S9E0	convertase
A0A125S9E1	unassigned
A0A125S9E2	convertase
A0A125S9E4	unassigned
A0A125S9E5	convertase
A0A125S9E6	convertase
A0A125S9E9	convertase
A0A125S9F0	unassigned
A0A125S9F2	convertase
A0A125S9F3	unassigned
A0A125S9F6	unassigned
A0A125S9F9	convertase
A0A125S9G0	convertase
A0A125S9G2	convertase
A0A125S9G3	convertase
A0A141TBR6	unassigned
A0A142C197	unassigned
A0A193H2U2	convertase
A0A1D0BN92	unassigned
A0A1D0BNA3	convertase
A0A1D0BPK9	convertase
A0A1D0BR67	convertase
A0A1D0BR98	convertase
A0A1D0BRB0	unassigned
A0A1D0BRC1	convertase
A0A1D0BZF5	convertase
A0A1D0BZI2	unassigned
A0A1D0BZZ2	convertase
A0A1D0C0W1	unassigned
A0A1D3IXR7	unassigned
A0A1D3IY23	unassigned
A0A1E1WVR9	unassigned
A0A1P8NVR4	unassigned
A0A1P8NVS2	unassigned
A0A1P8NVS3	unassigned
A0A1P8NVS8	unassigned
A0A1P8NVS9	unassigned
A0A1P8NVU1	unassigned
A0A218QWY8	unassigned
A0A2I6EDL3	convertase
A0A2I6EDL5	convertase
A0A2I6EDL6	convertase
A0A2I6EDL7	convertase
A0A2I6EDM1	unassigned
A0A2I6EDM2	unassigned
A0A2I6EDM5	convertase
A0A2I6EDM9	unassigned
A0A2I6EDN0	unassigned
A0A2I6EDN1	convertase
A0A2I6EDN2	unassigned
A0A2I6EDN3	unassigned
A0A2I6EDN8	unassigned
A0A318	unassigned
A0A348G6J0	unassigned
A0A348G6J1	unassigned
A0A3G1VU73	convertase
A0A3G1VU77	convertase
A0A3G1VU78	convertase
A0A3G1VU81	convertase
A0A3G1VU84	convertase
A0A3G3C7S9	unassigned
A0A3G3C7T2	convertase
A0A3G3C7T9	unassigned
A0A3G3C7W0	convertase
A0A3P8MJV5	convertase
A0A4Y5X186	unassigned
A0A5P9K6A8	convertase
A0A5P9K9Z4	convertase
A0A5Q0MU22	convertase
A0A5Q0MUM5	convertase
A0A5Q0MUT1	convertase
A0A679PF76	unassigned
A0A6B9KZ90	unassigned
A0A6B9L8Y4	unassigned
A0A6B9L900	unassigned
A0A7H0DNA8	unassigned
A0A8U0LTF0	unassigned
A0A8U0LTF5	unassigned
A0A8U0LTY4	unassigned
A0A976XK90	unassigned
A0A976XKR0	unassigned
A0AIY9	unassigned
A0JNB3	unassigned
A0JNL5	unassigned
A0JPW5	unassigned
A0NDK8	convertase
A0Q1T6	unassigned
A0RJ49	unassigned
A0SE59	unassigned
A0SE60	unassigned
A0T099	unassigned
A0T0S8	unassigned
A0ZZ18	unassigned
A1CL82	zymogen_protease
A1CQS1	unassigned
A1CQZ0	zymogen_protease
A1D3N4	unassigned
A1D3V4	zymogen_protease
A1D611	zymogen_protease
A1E9Q7	unassigned
A1E9Z1	unassigned
A1JKC3	unassigned
A1X8B8	unassigned
A1X8B9	unassigned
A1X8C2	unassigned
A1X8C3	unassigned
A1X8C6	unassigned
A1X8D0	unassigned
A1X8D1	unassigned
A1X8D6	unassigned
A1X8D9	unassigned
A1YTN4	unassigned
A2A5I3	unassigned
A2BDG0	unassigned
A2BDG5	unassigned
A2BDG9	unassigned
A2BP71	unassigned
A2BUQ3	unassigned
A2C0A5	unassigned
A2CCL2	unassigned
A2QU58	zymogen_protease
A2RB75	zymogen_protease
A2RLA2	unassigned
A3DBS4	unassigned
A3DT44	unassigned
A3F7X1	convertase
A3F7X2	unassigned
A3GFU8	unassigned
A3KQV2	unassigned
A3PAZ3	unassigned
A4LA70	unassigned
A4QTY2	zymogen_protease
A4TL44	unassigned
A4VUF9	unassigned
A4W0Q0	unassigned
A4WA61	unassigned
A4XJS7	unassigned
A5A3H1	convertase
A5A3H2	convertase
A5A3H3	convertase
A5A3H4	convertase
A5A3H5	convertase
A5DWI6	unassigned
A5DZS4	zymogen_protease
A5GIE8	unassigned
A5GWF4	unassigned
A5I667	unassigned
A5ITG9	unassigned
A5N6K1	unassigned
A5VKS3	unassigned
A6H4Q8	unassigned
A6L3B5	unassigned
A6LHQ6	unassigned
A6LHQ9	unassigned
A6LQR8	unassigned
A6M934	unassigned
A6M938	unassigned
A6MFK9	unassigned
A6MWS7	unassigned
A6MWS8	convertase
A6MWT0	convertase
A6QHI7	unassigned
A6R7B8	zymogen_protease
A6RPU4	unassigned
A6SDT7	zymogen_protease
A6U2B3	unassigned
A6YR40	unassigned
A6YR42	unassigned
A6YRN9	unassigned
A6ZQH2	convertase
A6ZSH9	unassigned
A7F075	zymogen_protease
A7FFL9	unassigned
A7FXU7	unassigned
A7GHK3	unassigned
A7GTC2	unassigned
A7KAL9	unassigned
A7LI90	unassigned
A7LI91	unassigned
A7LI92	unassigned
A7M4E1	unassigned
A7MLT4	unassigned
A7ST80	convertase
A7TLD4	unassigned
A7WLI0	unassigned
A7X362	unassigned
A7X3S0	unassigned
A7X3S2	unassigned
A7X3V0	unassigned
A7X6I5	unassigned
A7Z783	unassigned
A8AWF9	unassigned
A8B5P7	convertase
A8B5Q0	convertase
A8D888	unassigned
A8FFT0	unassigned
A8G2T2	unassigned
A8GI73	unassigned
A8Q8M5	unassigned
A8S6B3	unassigned
A8W7M4	unassigned
A8W7M6	unassigned
A8W7M7	unassigned
A8W7M9	unassigned
A8W7N0	unassigned
A8W7N1	unassigned
A8W7N2	unassigned
A8W7N3	unassigned
A8W7N4	unassigned
A8W7N5	unassigned
A8W7N6	unassigned
A8W7N7	unassigned
A8W7N8	unassigned
A8W7N9	unassigned
A8W7P0	unassigned
A8W7P1	unassigned
A8W7P2	unassigned
A8W7P3	unassigned
A8WTF8	convertase
A8WU84	convertase
A8XLL0	convertase
A8Z2H3	unassigned
A9KMF6	unassigned
A9R3T6	unassigned
A9RAH2	unassigned
A9UH01	unassigned
A9VIR7	unassigned
A9XDG0	unassigned
A9XDG1	unassigned
A9XDG2	unassigned
A9XDG3	unassigned
A9XDG4	unassigned
A9XDG5	unassigned
B0C6Z7	unassigned
B0G186	unassigned
B0JSW8	unassigned
B0K416	unassigned
B0KAC0	unassigned
B0KZ78	unassigned
B0KZ79	unassigned
B0L0Y6	convertase
B0TBW5	unassigned
B0WK43	unassigned
B1AIJ8	unassigned
B1B5J0	convertase
B1IBP4	unassigned
B1ILY6	unassigned
B1IQZ3	unassigned
B1JR58	unassigned
B1KZR4	unassigned
B1NWT3	convertase
B1NWT4	convertase
B1NWT5	convertase
B1NWT7	convertase
B1NWU2	convertase
B1NWU3	convertase
B1NWU4	convertase
B1NWU5	convertase
B1NWU6	convertase
B1P1A0	unassigned
B1P1A2	unassigned
B1P1A9	unassigned
B1P1B6	unassigned
B1P1C0	unassigned
B1P1C1	unassigned
B1P1C2	unassigned
B1P1C8	unassigned
B1P1D0	unassigned
B1P1D2	unassigned
B1P1D3	unassigned
B1P1D5	unassigned
B1P1D6	unassigned
B1P1D8	unassigned
B1P1E8	unassigned
B1P1E9	unassigned
B1P1F2	unassigned
B1P1F6	unassigned
B1P1G5	unassigned
B1P1G6	unassigned
B1P1G7	unassigned
B1P1G9	unassigned
B1P1H0	unassigned
B1P1H1	unassigned
B1P1H5	unassigned
B1P1H6	convertase
B1P1H7	convertase
B1P1H8	unassigned
B1P1H9	unassigned
B1P1I0	unassigned
B1P1I1	unassigned
B1P1I3	unassigned
B1P1I4	unassigned
B1P1J4	unassigned
B1PZN6	unassigned
B1VAF3	unassigned
B1VC86	unassigned
B1WUL2	unassigned
B1XF62	unassigned
B1XMN4	unassigned
B1YJS1	unassigned
B2A6B5	unassigned
B2CI27	unassigned
B2CI28	unassigned
B2CJ57	unassigned
B2CJ87	unassigned
B2G856	unassigned
B2GD71	unassigned
B2IQ02	unassigned
B2J4T9	unassigned
B2KAB7	unassigned
B2KJ30	unassigned
B2TK69	unassigned
B2V0A7	unassigned
B2Y1W5	unassigned
B2ZB96	convertase
B2ZBA0	convertase
B2ZBB6	unassigned
B2ZBB9	unassigned
B2ZBC0	unassigned
B2ZG38	convertase
B2ZYY5	unassigned
B3A0N7	unassigned
B3FIA6	convertase
B3FIN4	unassigned
B3FIQ7	convertase
B3FIS0	unassigned
B3FIS1	convertase
B3FIS2	convertase
B3FIS3	convertase
B3FIS4	convertase
B3FIS5	convertase
B3FIS6	convertase
B3FIS7	convertase
B3FIU2	unassigned
B3H6D0	unassigned
B3IUD8	convertase
B3IUE0	convertase
B3IWF7	convertase
B3IWF8	convertase
B3IWF9	convertase
B3LPD6	unassigned
B3LPW3	convertase
B3QZT2	unassigned
B3VZU1	convertase
B3VZU3	convertase
B3VZU5	convertase
B3VZU6	convertase
B4GBR1	unassigned
B4JVK9	unassigned
B4KSR4	unassigned
B4LP65	unassigned
B4THR7	unassigned
B5A9T0	unassigned
B5E0K3	unassigned
B5E4L9	unassigned
B5LUQ5	unassigned
B5LUQ6	unassigned
B5VL25	convertase
B5ZB18	unassigned
B6DCJ0	unassigned
B6DCJ1	unassigned
B6DCJ3	unassigned
B6DCJ4	unassigned
B6DCJ5	unassigned
B6DCJ6	unassigned
B6DCJ7	unassigned
B6DCJ9	unassigned
B6DCK0	unassigned
B6DCK1	unassigned
B6DCK2	unassigned
B6DCK3	unassigned
B6DCK4	unassigned
B6DCK5	unassigned
B6DCK6	unassigned
B6DCK8	unassigned
B6DCK9	unassigned
B6DCL0	unassigned
B6DCL1	unassigned
B6DCL2	unassigned
B6DCL3	unassigned
B6DCL4	unassigned
B6DCL5	unassigned
B6DCL6	unassigned
B6DCL7	unassigned
B6DCL8	unassigned
B6DCL9	unassigned
B6DCM0	unassigned
B6DCM1	unassigned
B6DCM2	unassigned
B6DCM3	unassigned
B6DCM4	unassigned
B6DCM5	unassigned
B6DCM6	unassigned
B6DCM7	unassigned
B6DCM8	unassigned
B6DCM9	unassigned
B6DCN0	unassigned
B6DCN1	unassigned
B6DCN2	unassigned
B6DCN3	unassigned
B6DCN4	unassigned
B6DCN5	unassigned
B6DCN6	unassigned
B6DCN7	unassigned
B6DCN8	unassigned
B6DCN9	unassigned
B6DCP0	unassigned
B6DCP1	unassigned
B6DCP2	unassigned
B6DCP3	unassigned
B6DCP4	unassigned
B6DCP5	unassigned
B6DCP6	unassigned
B6DCP7	unassigned
B6DCQ0	unassigned
B6DCQ1	unassigned
B6DCQ2	unassigned
B6DCQ3	unassigned
B6DCQ4	unassigned
B6DCQ5	unassigned
B6DCQ6	unassigned
B6DCQ7	unassigned
B6DCQ8	unassigned
B6DCQ9	unassigned
B6DCR0	unassigned
B6DCR1	unassigned
B6DCR2	unassigned
B6DCR3	unassigned
B6DCR4	unassigned
B6DCR5	unassigned
B6DCR6	unassigned
B6DCR7	unassigned
B6DCR8	unassigned
B6DCR9	unassigned
B6DCS0	unassigned
B6DCS1	unassigned
B6DCS2	unassigned
B6DCS3	unassigned
B6DCS4	unassigned
B6DCS5	unassigned
B6DCS6	unassigned
B6DCS7	unassigned
B6DCS8	unassigned
B6DCS9	unassigned
B6DCT0	unassigned
B6DCT1	unassigned
B6DCT2	unassigned
B6DCT4	unassigned
B6DCT5	unassigned
B6DCT6	unassigned
B6DCT7	unassigned
B6DCT8	unassigned
B6DCU0	unassigned
B6DCU1	unassigned
B6DCU2	unassigned
B6DCU3	unassigned
B6DCU4	unassigned
B6DCU5	unassigned
B6DCU6	unassigned
B6DCU7	unassigned
B6DCU8	unassigned
B6DCU9	unassigned
B6DCV0	unassigned
B6DCV1	unassigned
B6DCV2	unassigned
B6DCV3	unassigned
B6DCV4	unassigned
B6DCV5	unassigned
B6DCV6	unassigned
B6DCV7	unassigned
B6DCV8	unassigned
B6DCV9	unassigned
B6DCW0	unassigned
B6DCW1	unassigned
B6DCW2	unassigned
B6DCW3	unassigned
B6DCW4	unassigned
B6DCW5	unassigned
B6DCW6	unassigned
B6DCW7	unassigned
B6DCW8	unassigned
B6DCW9	unassigned
B6DCX0	unassigned
B6DCX1	unassigned
B6DCX2	unassigned
B6DCX4	unassigned
B6DCX5	unassigned
B6DCX6	unassigned
B6DCX7	unassigned
B6DCX8	unassigned
B6DCX9	unassigned
B6DCY0	unassigned
B6DCY2	unassigned
B6DCY3	unassigned
B6DCY4	unassigned
B6DCY5	unassigned
B6DCY6	unassigned
B6DCY7	unassigned
B6DCY8	unassigned
B6DCY9	unassigned
B6DCZ0	unassigned
B6DCZ1	unassigned
B6DCZ2	unassigned
B6DCZ3	unassigned
B6DCZ4	unassigned
B6DCZ5	unassigned
B6DCZ6	unassigned
B6DCZ7	unassigned
B6DCZ8	unassigned
B6DCZ9	unassigned
B6DD00	unassigned
B6DD01	unassigned
B6DD02	unassigned
B6DD03	unassigned
B6DD04	unassigned
B6DD05	unassigned
B6DD06	unassigned
B6DD07	unassigned
B6DD08	unassigned
B6DD09	unassigned
B6DD10	unassigned
B6DD11	unassigned
B6DD12	unassigned
B6DD13	unassigned
B6DD14	unassigned
B6DD15	unassigned
B6DD16	unassigned
B6DD17	unassigned
B6DD18	unassigned
B6DD19	unassigned
B6DD20	unassigned
B6DD21	unassigned
B6DD22	unassigned
B6DD23	unassigned
B6DD24	unassigned
B6DD25	unassigned
B6DD26	unassigned
B6DD27	unassigned
B6DD28	unassigned
B6DD29	unassigned
B6DD30	unassigned
B6DD31	unassigned
B6DD32	unassigned
B6DD33	unassigned
B6DD52	unassigned
B6DD53	unassigned
B6DD54	unassigned
B6DD55	unassigned
B6DD56	unassigned
B6DD57	unassigned
B6DD58	unassigned
B6DD59	unassigned
B6GXZ8	unassigned
B6IB31	unassigned
B6V6L0	unassigned
B7GIR0	unassigned
B7HE75	unassigned
B7HQK0	unassigned
B7IIV4	unassigned
B7JQ28	unassigned
B7JVQ3	unassigned
B7K989	unassigned
B7L5E9	unassigned
B7LZY9	unassigned
B7M9V0	unassigned
B7MV44	unassigned
B7NB47	unassigned
B7NUP2	unassigned
B7URT6	unassigned
B8AN27	unassigned
B8DHK8	unassigned
B8FUS1	unassigned
B8HTR1	unassigned
B8I178	unassigned
B8K1V9	unassigned
B8XH22	unassigned
B8XH33	unassigned
B8XH40	unassigned
B8XH46	unassigned
B8XH50	convertase
B8ZPV1	unassigned
B9DNE8	unassigned
B9DU56	unassigned
B9E020	unassigned
B9IZ18	unassigned
B9MRB7	unassigned
C0H690	convertase
C0H691	convertase
C0H692	convertase
C0H693	convertase
C0H694	convertase
C0HKA4	zymogen_protease
C0HKT5	convertase
C0HKU1	convertase
C0HKU9	convertase
C0HMD3	unassigned
C0KYC3	convertase
C0KYC4	convertase
C0KYC5	convertase
C0KYC6	convertase
C0M7I0	unassigned
C0ME76	unassigned
C0P381	unassigned
C1C7A1	unassigned
C1CE94	unassigned
C1CKH0	unassigned
C1CRK7	unassigned
C1ETN9	unassigned
C1FVW6	unassigned
C1IBZ3	convertase
C1IC04	convertase
C1KIY9	convertase
C1KIZ3	convertase
C1KIZ5	convertase
C1KVI7	unassigned
C3L3J4	unassigned
C3L6X4	unassigned
C3P9C8	unassigned
C4L4N3	unassigned
C4N9P6	convertase
C4YP88	unassigned
C4Z9Z8	unassigned
C4ZY59	unassigned
C5D5G7	unassigned
C5H0C8	convertase
C5H0D9	convertase
C5H0E0	convertase
C5H0E1	convertase
C5H0E2	convertase
C5J893	convertase
C5J897	convertase
C5NZ69	zymogen_protease
C5NZ70	zymogen_protease
C5NZT2	zymogen_protease
C5P1W9	zymogen_protease
C5P5Q3	zymogen_protease
C5P906	zymogen_protease
C5P9H3	zymogen_protease
C5PCX1	zymogen_protease
C5PFR5	zymogen_protease
C5PGK9	zymogen_protease
C6EVG1	convertase
C6EVG2	convertase
C7C1L2	unassigned
C7DQB7	convertase
C7DQB8	convertase
C7DQB9	convertase
C7DQC0	convertase
C7DQC1	convertase
C7DQC2	convertase
C7DQX6	convertase
C7DQX7	convertase
C7DQX8	convertase
C7DQX9	convertase
C7DQY0	unassigned
C7GS61	unassigned
C7T183	unassigned
C7T184	unassigned
C7T186	unassigned
C7T187	unassigned
C7T188	unassigned
C7T1P5	unassigned
C8CK74	unassigned
C8CK75	unassigned
C8CK76	unassigned
C8CK77	unassigned
C8CK78	unassigned
C8CK79	unassigned
C8ZGM3	unassigned
C9E1S2	unassigned
C9X4J0	convertase
D0PX86	convertase
D1MEI9	unassigned
D1MEJ0	unassigned
D1MEJ1	unassigned
D1MEJ2	unassigned
D1MEJ3	unassigned
D2DGD5	unassigned
D2DGD6	unassigned
D2DGD7	convertase
D2DGD8	unassigned
D2DGD9	unassigned
D2XUU4	unassigned
D2XUU5	unassigned
D2XUU6	unassigned
D2XUU7	unassigned
D2XUU8	unassigned
D2XUU9	unassigned
D2XUV0	unassigned
D2XUV1	unassigned
D2Y100	unassigned
D2Y101	unassigned
D2Y102	unassigned
D2Y169	unassigned
D2Y170	unassigned
D2Y172	unassigned
D2Y173	unassigned
D2Y174	unassigned
D2Y1Y4	unassigned
D2Y1Y5	unassigned
D2Y1Y6	unassigned
D2Y1Y7	unassigned
D2Y1Y8	unassigned
D2Y1Y9	unassigned
D2Y1Z0	unassigned
D2Y1Z1	unassigned
D2Y1Z2	unassigned
D2Y1Z3	unassigned
D2Y1Z5	unassigned
D2Y1Z6	unassigned
D2Y1Z9	unassigned
D2Y200	unassigned
D2Y201	unassigned
D2Y202	unassigned
D2Y203	unassigned
D2Y206	unassigned
D2Y213	unassigned
D2Y214	unassigned
D2Y215	unassigned
D2Y216	unassigned
D2Y217	unassigned
D2Y218	unassigned
D2Y219	unassigned
D2Y220	unassigned
D2Y221	unassigned
D2Y222	unassigned
D2Y223	unassigned
D2Y224	unassigned
D2Y225	unassigned
D2Y226	unassigned
D2Y227	unassigned
D2Y229	unassigned
D2Y231	unassigned
D2Y234	unassigned
D2Y235	unassigned
D2Y238	unassigned
D2Y244	unassigned
D2Y245	unassigned
D2Y246	unassigned
D2Y247	unassigned
D2Y252	unassigned
D2Y271	unassigned
D2Y272	unassigned
D2Y273	unassigned
D2Y275	unassigned
D2Y276	unassigned
D2Y277	unassigned
D2Y278	unassigned
D2Y279	unassigned
D2Y280	unassigned
D2Y281	unassigned
D2Y282	unassigned
D2Y283	unassigned
D2Y285	unassigned
D2Y286	unassigned
D2Y287	unassigned
D2Y288	unassigned
D2Y289	unassigned
D2Y290	unassigned
D2Y291	unassigned
D2Y2A0	unassigned
D2Y2A1	unassigned
D2Y2A2	unassigned
D2Y2A3	unassigned
D2Y2A4	unassigned
D2Y2A5	unassigned
D2Y2A6	unassigned
D2Y2A7	unassigned
D2Y2A8	unassigned
D2Y2A9	unassigned
D2Y2B0	unassigned
D2Y2B1	unassigned
D2Y2B2	unassigned
D2Y2B3	unassigned
D2Y2B4	unassigned
D2Y2B5	unassigned
D2Y2B6	unassigned
D2Y2B7	unassigned
D2Y2B8	unassigned
D2Y2B9	unassigned
D2Y2C1	unassigned
D2Y2C2	unassigned
D2Y2C3	unassigned
D2Y2C4	unassigned
D2Y2C6	unassigned
D2Y2C9	unassigned
D2Y2D0	unassigned
D2Y2D4	unassigned
D2Y2D6	unassigned
D2Y2D8	unassigned
D2Y2D9	unassigned
D2Y2F1	unassigned
D2Y2F2	unassigned
D2Y2F3	unassigned
D2Y2F4	unassigned
D2Y2F5	unassigned
D2Y2F6	unassigned
D2Y2F7	unassigned
D2Y2F8	unassigned
D2Y2F9	unassigned
D2Y2G0	unassigned
D2Y2G1	unassigned
D2Y2G2	unassigned
D2Y2G7	unassigned
D2Y2G8	unassigned
D2Y2G9	unassigned
D2Y2H0	unassigned
D2Y2H1	unassigned
D2Y2H2	unassigned
D2Y2H3	unassigned
D2Y2H4	unassigned
D2Y2H5	unassigned
D2Y2H6	unassigned
D2Y2H7	unassigned
D2Y2H8	unassigned
D2Y2I0	unassigned
D2Y2I5	unassigned
D2Y2I6	unassigned
D2Y2J1	unassigned
D2Y2J2	unassigned
D2Y2J3	unassigned
D2Y2J4	unassigned
D2Y2J5	unassigned
D2Y2J6	unassigned
D2Y2J8	unassigned
D2Y2J9	unassigned
D2Y2K0	unassigned
D2Y2K1	unassigned
D2Y2K2	unassigned
D2Y2K3	unassigned
D2Y2K4	unassigned
D2Y2K6	unassigned
D2Y2L0	unassigned
D2Y2L5	unassigned
D2Y2L8	unassigned
D2Y2M0	unassigned
D2Y2M2	unassigned
D2Y2M3	unassigned
D2Y2M9	unassigned
D2Y2N2	unassigned
D2Y2N3	unassigned
D2Y2N5	unassigned
D2Y2N6	unassigned
D2Y2N7	unassigned
D2Y2N9	unassigned
D2Y2P0	unassigned
D2Y2P1	unassigned
D2Y2P5	unassigned
D2Y2P8	unassigned
D2Y2Q1	unassigned
D2Y2Q2	unassigned
D2Y2Q5	unassigned
D2Y2Q7	unassigned
D2Y2Q8	unassigned
D2Y2Q9	unassigned
D2Y2R1	unassigned
D2Y2R3	unassigned
D2Y2R4	unassigned
D2Y3T1	unassigned
D2Y3T3	unassigned
D2Y3T4	unassigned
D2Y3T5	unassigned
D2Y3T6	unassigned
D2Y3T7	unassigned
D2Y3T8	unassigned
D2Y488	unassigned
D2Y489	unassigned
D2Y490	unassigned
D2Y491	unassigned
D2Y493	convertase
D2Y494	convertase
D2Y495	convertase
D2Y496	convertase
D2Y497	convertase
D2Y498	convertase
D2Y499	convertase
D2Y4A0	convertase
D2Y4A1	convertase
D2Y4A2	unassigned
D3JWK2	unassigned
D3JWK3	unassigned
D3JWK4	unassigned
D3JWK5	unassigned
D3JWK6	unassigned
D3JWK7	unassigned
D3JYA5	unassigned
D3JYA6	unassigned
D3UA80	convertase
D4B3I5	unassigned
D5GRW4	convertase
D5J9S0	unassigned
D5KR59	unassigned
D5KXG5	convertase
D5KXG7	unassigned
D5KXG8	unassigned
D5KXH0	unassigned
D5KXH1	unassigned
D5KXH2	unassigned
D5KXH3	unassigned
D5KXH6	unassigned
D5L5Q8	convertase
D6C4H5	unassigned
D6C4H8	unassigned
D6C4H9	convertase
D6C4I0	convertase
D6C4I3	unassigned
D6C4I5	unassigned
D6C4I6	unassigned
D6C4I7	convertase
D6C4I8	convertase
D6C4I9	convertase
D6C4J0	convertase
D6C4J2	convertase
D6C4J3	convertase
D6C4J4	unassigned
D6C4J7	unassigned
D6C4J8	unassigned
D6C4K0	unassigned
D6C4K2	unassigned
D6C4K3	unassigned
D6C4K4	unassigned
D6C4K5	convertase
D6C4K9	unassigned
D6C4L1	unassigned
D6C4L2	unassigned
D6C4L3	unassigned
D6C4L4	unassigned
D6C4L5	convertase
D6C4L6	unassigned
D6C4L7	unassigned
D6C4L8	unassigned
D6C4L9	convertase
D6C4M0	unassigned
D6C4M1	unassigned
D6C4M2	unassigned
D6C4M3	unassigned
D6CFW3	unassigned
D6WT67	convertase
D8UWD5	unassigned
D8UWD6	unassigned
D9U2A7	unassigned
D9U2B1	unassigned
D9U2B5	convertase
D9U2B8	convertase
E1AWD2	convertase
E1AWD3	convertase
E1AWE0	convertase
E1AXF6	convertase
E1AXF9	convertase
E1B228	convertase
E1B243	convertase
E1B247	convertase
E1B248	convertase
E1ZVK1	convertase
E2A6Z3	convertase
E2ADG2	convertase
E2AX35	convertase
E2DIH6	unassigned
E2E4F7	unassigned
E2S061	convertase
E2S062	convertase
E2S063	convertase
E2S064	convertase
E2S065	convertase
E4VP43	unassigned
E4VP50	convertase
E5AJX3	unassigned
E7EKC5	convertase
E7EKD6	unassigned
E7EKD9	convertase
E7EKE0	convertase
E7EKE1	convertase
F1CJ89	convertase
F4I1X0	unassigned
F4IC29	unassigned
F4JDJ0	unassigned
F4JMB8	unassigned
F5C3T9	unassigned
F5CEP0	unassigned
F5CPE8	unassigned
F6JWU8	unassigned
F6JWU9	unassigned
F6JWV0	unassigned
F6JWV1	unassigned
F6JWV2	unassigned
F6JWV3	unassigned
F8RKW2	unassigned
F8S122	unassigned
G0LFX8	unassigned
G0RFK8	unassigned
G0W2H9	convertase
G0W2I1	convertase
G1AS73	unassigned
G1AS74	convertase
G1AS75	convertase
G1AS76	unassigned
G1AS77	unassigned
G1AS78	convertase
G1AS79	unassigned
G1AS80	convertase
G1AS81	unassigned
G1AS82	convertase
G1AS83	convertase
G1C1T0	unassigned
G1C1T1	unassigned
G1C1T2	unassigned
G1C1T3	unassigned
G1FE62	convertase
H2BKS9	convertase
H2CYR5	convertase
H2E7Q6	unassigned
H3BJG9	unassigned
H3BQJ8	unassigned
H8Y1U0	unassigned
H9N3R7	unassigned
I0DEB5	convertase
I0DEB6	convertase
I1BVT3	unassigned
I6R1R7	convertase
I6R1S1	unassigned
I6RA71	convertase
I6RU51	unassigned
I6S394	convertase
I6S3A5	unassigned
I6S7G9	convertase
I6S7H3	convertase
I6S7H5	unassigned
L0GAZ8	convertase
L0GB04	unassigned
L0GBQ6	unassigned
L0GCJ6	convertase
M1E1F0	unassigned
M1E1F1	unassigned
M1J7U4	unassigned
M1JB54	unassigned
M1JMR8	unassigned
M1KJ27	unassigned
M1L511	unassigned
M9PQ91	convertase
O05897	unassigned
O09209	convertase
O09210	convertase
O10443	unassigned
O15823	unassigned
O15825	unassigned
O16136	unassigned
O17473	zymogen_protease
O17502	unassigned
O17513	convertase
O18492	unassigned
O18494	unassigned
O18496	unassigned
O18499	unassigned
O18500	unassigned
O24384	unassigned
O29207	unassigned
O29208	unassigned
O32388	unassigned
O32389	unassigned
O32390	unassigned
O33666	unassigned
O33668	unassigned
O33672	unassigned
O33675	unassigned
O33689	unassigned
O33690	unassigned
O45027	convertase
O49644	unassigned
O58285	unassigned
O58286	unassigned
O61271	convertase
O76145	convertase
O76198	unassigned
O77256	convertase
O78504	unassigned
O93221	convertase
O93222	convertase
O93223	convertase
O93224	convertase
O93225	convertase
O93226	convertase
O93227	convertase
O93451	convertase
O93452	convertase
O93453	convertase
O93455	convertase
O93718	unassigned
O93719	unassigned
O94317	unassigned
O94549	unassigned
O96812	unassigned
O96900	zymogen_protease
O97388	unassigned
O97395	unassigned
O97397	zymogen_protease
P01063	unassigned
P01091	unassigned
P01300	unassigned
P01512	convertase
P02884	unassigned
P02898	unassigned
P03718	unassigned
P03719	unassigned
P04815	unassigned
P04929	unassigned
P05118	unassigned
P05223	convertase
P06014	unassigned
P06015	unassigned
P06016	unassigned
P06017	unassigned
P06440	unassigned
P06651	convertase
P06884	unassigned
P07095	unassigned
P07209	unassigned
P07835	unassigned
P08371	unassigned
P08372	unassigned
P08772	unassigned
P09031	unassigned
P09617	unassigned
P09618	unassigned
P0A310	unassigned
P0A312	unassigned
P0A313	unassigned
P0A314	unassigned
P0A315	unassigned
P0A425	unassigned
P0A426	unassigned
P0A4M3	unassigned
P0A5P9	unassigned
P0C0H8	unassigned
P0C0H9	unassigned
P0C0P5	convertase
P0C1N2	unassigned
P0C1N3	unassigned
P0C1N4	unassigned
P0C1Q6	unassigned
P0C1T5	unassigned
P0C1V5	unassigned
P0C1V6	unassigned
P0C1V9	unassigned
P0C1W0	unassigned
P0C1W4	unassigned
P0C251	convertase
P0C252	convertase
P0C253	convertase
P0C254	convertase
P0C255	convertase
P0C256	unassigned
P0C257	unassigned
P0C258	convertase
P0C259	unassigned
P0C2S6	unassigned
P0C2S7	unassigned
P0C2S8	unassigned
P0C2S9	unassigned
P0C408	unassigned
P0C409	unassigned
P0C636	unassigned
P0C637	unassigned
P0C638	unassigned
P0C639	unassigned
P0C640	unassigned
P0C641	convertase
P0C666	unassigned
P0C667	convertase
P0C668	convertase
P0C669	unassigned
P0C670	unassigned
P0C831	unassigned
P0C832	unassigned
P0C833	convertase
P0C834	unassigned
P0C845	unassigned
P0C846	unassigned
P0C847	unassigned
P0C848	unassigned
P0C850	unassigned
P0C8A1	convertase
P0C8A4	convertase
P0C8A7	convertase
P0C8A8	unassigned
P0C8A9	convertase
P0C8B2	unassigned
P0C8U5	unassigned
P0C8U6	unassigned
P0C8U7	unassigned
P0C8U8	unassigned
P0C8U9	unassigned
P0C8V0	unassigned
P0C8V7	convertase
P0C8W1	convertase
P0C8W2	convertase
P0C8X9	convertase
P0C901	unassigned
P0C902	unassigned
P0C903	unassigned
P0C904	unassigned
P0C905	unassigned
P0C906	convertase
P0C907	convertase
P0CAQ2	unassigned
P0CAQ3	unassigned
P0CAQ4	convertase
P0CAQ5	convertase
P0CAQ6	unassigned
P0CAQ7	unassigned
P0CAQ8	unassigned
P0CAQ9	unassigned
P0CAZ2	unassigned
P0CAZ3	unassigned
P0CAZ4	unassigned
P0CAZ5	unassigned
P0CAZ6	unassigned
P0CAZ7	unassigned
P0CAZ8	unassigned
P0CAZ9	unassigned
P0CB07	unassigned
P0CB09	convertase
P0CB10	convertase
P0CB11	convertase
P0CB12	convertase
P0CE24	unassigned
P0CE25	unassigned
P0CE26	unassigned
P0CE28	unassigned
P0CE32	unassigned
P0CE33	unassigned
P0CE34	unassigned
P0CE35	unassigned
P0CE36	unassigned
P0CE74	unassigned
P0CE75	unassigned
P0CE76	unassigned
P0CF14	unassigned
P0CF15	unassigned
P0CG73	unassigned
P0CG82	unassigned
P0CG83	unassigned
P0CG84	unassigned
P0CG85	unassigned
P0CH04	unassigned
P0CH05	unassigned
P0CH21	convertase
P0CH22	convertase
P0CH23	convertase
P0CI13	convertase
P0CI14	convertase
P0CI49	unassigned
P0CI88	unassigned
P0CI89	convertase
P0CI90	convertase
P0CI91	unassigned
P0CI92	unassigned
P0CJ11	convertase
P0CJ45	unassigned
P0CM58	zymogen_protease
P0CM59	zymogen_protease
P0CO55	unassigned
P0CP28	unassigned
P0CP29	unassigned
P0CU58	unassigned
P0CU61	unassigned
P0CU62	unassigned
P0CU63	unassigned
P0CU64	unassigned
P0CU65	unassigned
P0CX18	unassigned
P0CX19	unassigned
P0CY50	unassigned
P0CY60	unassigned
P0CY61	unassigned
P0CY62	unassigned
P0CY63	unassigned
P0CY64	unassigned
P0CY65	convertase
P0CY67	unassigned
P0CY68	unassigned
P0CY69	unassigned
P0CY70	unassigned
P0CY71	unassigned
P0CY72	convertase
P0CY73	unassigned
P0CY75	unassigned
P0CY76	convertase
P0CY77	unassigned
P0CY78	unassigned
P0CY79	unassigned
P0CY80	unassigned
P0CY81	unassigned
P0CY82	unassigned
P0CY83	unassigned
P0CY84	unassigned
P0CY87	unassigned
P0DE28	unassigned
P0DE29	unassigned
P0DJ02	convertase
P0DJ03	convertase
P0DJ33	unassigned
P0DJ36	unassigned
P0DJ37	unassigned
P0DJ38	unassigned
P0DJ39	unassigned
P0DJ40	unassigned
P0DJ64	unassigned
P0DJ65	unassigned
P0DJ67	unassigned
P0DJ68	unassigned
P0DJ70	unassigned
P0DJ71	unassigned
P0DJ72	unassigned
P0DJ73	unassigned
P0DJC4	convertase
P0DJC5	convertase
P0DJC6	convertase
P0DJC7	convertase
P0DJL0	unassigned
P0DKM1	convertase
P0DKM2	unassigned
P0DKM3	unassigned
P0DKN0	unassigned
P0DKN1	unassigned
P0DKP4	convertase
P0DKQ9	unassigned
P0DL60	unassigned
P0DL61	convertase
P0DM16	convertase
P0DM17	unassigned
P0DM18	convertase
P0DM19	convertase
P0DM20	convertase
P0DM26	convertase
P0DM34	convertase
P0DM69	unassigned
P0DMD7	convertase
P0DMD8	unassigned
P0DMD9	unassigned
P0DME2	unassigned
P0DME3	unassigned
P0DME4	unassigned
P0DME6	convertase
P0DME7	convertase
P0DME8	convertase
P0DME9	convertase
P0DMF1	unassigned
P0DMF2	unassigned
P0DMF3	unassigned
P0DMF4	unassigned
P0DMF5	unassigned
P0DMF6	unassigned
P0DMF7	unassigned
P0DMF8	unassigned
P0DMF9	convertase
P0DMG0	unassigned
P0DMH7	unassigned
P0DMI7	convertase
P0DMI8	convertase
P0DMI9	convertase
P0DMJ0	convertase
P0DMJ1	unassigned
P0DMQ0	convertase
P0DMQ1	convertase
P0DMQ2	convertase
P0DMQ3	convertase
P0DMQ4	convertase
P0DMX5	convertase
P0DMY9	unassigned
P0DMZ0	unassigned
P0DMZ1	convertase
P0DMZ3	unassigned
P0DMZ4	unassigned
P0DMZ5	unassigned
P0DMZ6	convertase
P0DMZ7	convertase
P0DMZ8	convertase
P0DMZ9	convertase
P0DN00	unassigned
P0DN01	unassigned
P0DN02	unassigned
P0DN03	unassigned
P0DN04	unassigned
P0DN05	unassigned
P0DN42	convertase
P0DN43	convertase
P0DN44	convertase
P0DN45	convertase
P0DN46	convertase
P0DN47	unassigned
P0DN48	convertase
P0DN49	unassigned
P0DN50	convertase
P0DN51	convertase
P0DN52	unassigned
P0DN53	convertase
P0DN54	convertase
P0DN55	convertase
P0DN56	convertase
P0DN57	unassigned
P0DN58	unassigned
P0DN59	unassigned
P0DN60	convertase
P0DN61	convertase
P0DN62	convertase
P0DN64	unassigned
P0DN65	unassigned
P0DOL1	unassigned
P0DOL2	unassigned
P0DOM5	unassigned
P0DOM6	unassigned
P0DPG6	unassigned
P0DPL8	unassigned
P0DPM0	unassigned
P0DPU4	unassigned
P0DQL4	unassigned
P0DQL5	unassigned
P0DQL6	unassigned
P0DQL7	unassigned
P0DQL8	unassigned
P0DQL9	unassigned
P0DQM0	unassigned
P0DQM2	unassigned
P0DQM3	unassigned
P0DQM4	unassigned
P0DQP4	unassigned
P0DQR8	convertase
P0DQY8	convertase
P0DQY9	convertase
P0DQZ1	unassigned
P0DQZ7	unassigned
P0DQZ9	unassigned
P0DRA2	unassigned
P0DRA4	unassigned
P0DRB3	unassigned
P0DRB4	unassigned
P0DRD6	unassigned
P0DRH3	convertase
P0DRH4	convertase
P0DRH6	convertase
P0DRH9	unassigned
P0DRI0	unassigned
P0DRI1	unassigned
P0DRI2	unassigned
P0DRI3	unassigned
P0DSI6	unassigned
P0DSJ8	unassigned
P0DSJ9	unassigned
P0DSK1	unassigned
P0DSK2	unassigned
P0DSK4	unassigned
P0DSK5	unassigned
P0DSK6	unassigned
P0DSW9	unassigned
P0DSX0	unassigned
P0DTJ4	unassigned
P0DTL4	unassigned
P0DTU1	convertase
P0DUB0	convertase
P0DUG2	convertase
P0DUG5	unassigned
P0DUG6	unassigned
P0DUG7	unassigned
P0DUG8	unassigned
P0DUG9	unassigned
P0DUH0	unassigned
P0DUH1	unassigned
P0DUH2	unassigned
P0DUH3	unassigned
P0DUH4	unassigned
P0DUQ4	convertase
P0DUQ5	convertase
P0DUQ7	convertase
P0DUQ8	convertase
P0DV62	unassigned
P0DW17	unassigned
P0DW19	convertase
P0DW20	unassigned
P0DW21	convertase
P0DW22	unassigned
P0DW23	unassigned
P0DW24	unassigned
P0DW25	convertase
P0DW26	unassigned
P0DW73	unassigned
P0DW74	unassigned
P0DW75	unassigned
P0DW76	unassigned
P0DW77	unassigned
P0DW78	unassigned
P0DX99	unassigned
P0DXA1	unassigned
P0DXT1	unassigned
P0DXT2	unassigned
P0DXT3	unassigned
P0DXT4	unassigned
P0DXT5	unassigned
P0DXT6	unassigned
P0DXT7	unassigned
P0DXT8	unassigned
P0DXT9	unassigned
P0DXU0	unassigned
P0DXU1	unassigned
P0DXU2	unassigned
P0DXU3	unassigned
P0DXZ8	convertase
P0DXZ9	convertase
P0DY00	convertase
P0DY02	convertase
P0DY03	convertase
P0DY17	unassigned
P0DY21	unassigned
P0DY24	unassigned
P0DY25	unassigned
P0DY38	convertase
P0DY39	convertase
P0DY55	unassigned
P0DYB1	unassigned
P0DYB2	unassigned
P0DYB3	convertase
P10347	unassigned
P10348	unassigned
P10513	unassigned
P10602	zymogen_protease
P10742	unassigned
P10776	unassigned
P10990	unassigned
P11000	unassigned
P11324	unassigned
P11761	convertase
P11863	unassigned
P12164	unassigned
P12616	unassigned
P12717	unassigned
P13302	unassigned
P13335	unassigned
P13399	unassigned
P13401	unassigned
P13636	zymogen_protease
P13829	unassigned
P13948	unassigned
P14089	unassigned
P14237	unassigned
P14494	unassigned
P14495	unassigned
P14496	unassigned
P14608	unassigned
P14665	unassigned
P15217	convertase
P15490	unassigned
P15528	unassigned
P15711	unassigned
P15750	unassigned
P15913	unassigned
P16231	unassigned
P16531	convertase
P16588	zymogen_protease
P16946	unassigned
P17355	unassigned
P17979	unassigned
P18481	unassigned
P19455	unassigned
P19628	zymogen_protease
P19909	unassigned
P20076	unassigned
P20094	unassigned
P20140	zymogen_protease
P20223	unassigned
P20642	unassigned
P20643	unassigned
P20721	zymogen_protease
P20736	unassigned
P20947	unassigned
P20949	unassigned
P20950	unassigned
P20981	unassigned
P21591	convertase
P21978	unassigned
P21979	unassigned
P22122	unassigned
P22128	unassigned
P22334	convertase
P22497	zymogen_protease
P22589	unassigned
P23117	convertase
P23118	convertase
P23261	unassigned
P23314	zymogen_protease
P23317	unassigned
P23318	unassigned
P23324	unassigned
P23398	unassigned
P23623	zymogen_protease
P23699	unassigned
P24490	unassigned
P24608	convertase
P24803	unassigned
P25249	zymogen_protease
P25477	unassigned
P25775	zymogen_protease
P25781	zymogen_protease
P25804	zymogen_protease
P26326	unassigned
P26327	unassigned
P26328	unassigned
P26330	unassigned
P26331	unassigned
P26335	unassigned
P27951	unassigned
P28716	unassigned
P28717	unassigned
P29118	zymogen_protease
P29563	unassigned
P29805	zymogen_protease
P30141	unassigned
P30199	zymogen_protease
P31481	unassigned
P31518	unassigned
P31706	unassigned
P31740	unassigned
P31760	unassigned
P31962	unassigned
P31963	unassigned
P32032	unassigned
P32653	unassigned
P33554	unassigned
P33555	unassigned
P34026	unassigned
P34141	unassigned
P34806	unassigned
P35051	zymogen_protease
P35460	unassigned
P35518	unassigned
P35645	unassigned
P35646	unassigned
P35853	unassigned
P38578	unassigned
P38832	unassigned
P39047	unassigned
P40842	convertase
P40844	convertase
P41319	convertase
P41598	unassigned
P41854	convertase
P42739	unassigned
P42740	unassigned
P42780	zymogen_protease
P43156	zymogen_protease
P43231	zymogen_protease
P43232	zymogen_protease
P43443	convertase
P43509	zymogen_protease
P44623	unassigned
P47476	unassigned
P48188	unassigned
P48821	unassigned
P49127	convertase
P49513	unassigned
P50144	convertase
P50145	convertase
P50340	zymogen_protease
P50341	zymogen_protease
P50470	unassigned
P50724	unassigned
P50725	convertase
P51317	unassigned
P51456	convertase
P55110	zymogen_protease
P56348	unassigned
P56504	unassigned
P56782	unassigned
P58273	unassigned
P59261	unassigned
P59262	unassigned
P59669	unassigned
P59906	unassigned
P60243	unassigned
P61229	unassigned
P61598	unassigned
P62177	unassigned
P62178	unassigned
P62180	unassigned
P62182	unassigned
P62530	unassigned
P62531	unassigned
P62926	unassigned
P62927	unassigned
P62930	unassigned
P66125	unassigned
P66126	unassigned
P66133	unassigned
P66134	unassigned
P66135	unassigned
P66136	unassigned
P66137	unassigned
P66139	unassigned
P68407	unassigned
P68408	unassigned
P68409	unassigned
P68426	unassigned
P68578	unassigned
P68974	unassigned
P68975	unassigned
P69002	unassigned
P69003	unassigned
P69309	unassigned
P69313	unassigned
P69317	unassigned
P69322	unassigned
P69326	unassigned
P69494	convertase
P69495	convertase
P69496	convertase
P69497	convertase
P69498	convertase
P69499	convertase
P69500	convertase
P69501	convertase
P69693	unassigned
P69694	unassigned
P69748	convertase
P69749	convertase
P69750	convertase
P69751	convertase
P69753	convertase
P69754	unassigned
P69755	convertase
P69757	convertase
P69760	unassigned
P69761	unassigned
P69763	convertase
P69766	convertase
P69767	convertase
P70107	unassigned
P72507	unassigned
P72712	unassigned
P74564	unassigned
P74977	unassigned
P75458	unassigned
P78742	unassigned
P78743	unassigned
P78744	unassigned
P79695	convertase
P79799	unassigned
P80529	zymogen_protease
P81071	zymogen_protease
P81322	unassigned
P81323	unassigned
P81335	unassigned
P81488	convertase
P81793	unassigned
P82268	convertase
P82269	convertase
P85226	unassigned
P85989	unassigned
P85990	unassigned
P86038	convertase
P86039	convertase
P86185	convertase
P86186	convertase
P86187	convertase
P86188	convertase
P86189	convertase
P86717	unassigned
P86719	unassigned
P86821	convertase
P87068	unassigned
P89028	unassigned
P91896	convertase
P93217	unassigned
P93218	unassigned
P93248	unassigned
P94664	unassigned
P95316	unassigned
P95317	unassigned
P95318	unassigned
P9WIN6	unassigned
P9WK08	unassigned
Q00050	unassigned
Q00410	unassigned
Q00499	unassigned
Q00676	convertase
Q00783	unassigned
Q00948	convertase
Q00996	unassigned
Q01416	unassigned
Q01493	unassigned
Q01758	unassigned
Q01889	unassigned
Q02307	unassigned
Q02593	unassigned
Q02594	unassigned
Q02786	unassigned
Q02ZA6	unassigned
Q03091	unassigned
Q03198	unassigned
Q03199	unassigned
Q03699	zymogen_protease
Q03FZ9	unassigned
Q03M32	unassigned
Q04620	unassigned
Q04KI2	unassigned
Q05120	unassigned
Q05439	unassigned
Q05806	unassigned
Q06B79	convertase
Q06FX8	unassigned
Q06GS7	unassigned
Q06H14	unassigned
Q06J16	unassigned
Q06RE8	unassigned
Q06SD3	unassigned
Q07334	convertase
Q07338	unassigned
Q07425	unassigned
Q07564	unassigned
Q07565	unassigned
Q07929	unassigned
Q08121	unassigned
Q09367	convertase
Q09627	convertase
Q09628	convertase
Q09JK2	unassigned
Q09MJ5	unassigned
Q09X34	unassigned
Q0AWJ2	unassigned
Q0C804	unassigned
Q0CQL9	zymogen_protease
Q0CTN3	zymogen_protease
Q0G9N6	unassigned
Q0G9X9	unassigned
Q0GY45	unassigned
Q0GY46	unassigned
Q0IDF4	unassigned
Q0IU52	zymogen_protease
Q0N4U3	unassigned
Q0N4U4	unassigned
Q0N4U5	unassigned
Q0N4U6	unassigned
Q0N4U7	unassigned
Q0P3J6	unassigned
Q0SR53	unassigned
Q0THN1	unassigned
Q0TNI4	unassigned
Q0VBW8	convertase
Q0VKG9	convertase
Q0ZJ37	unassigned
Q10416	convertase
Q10735	zymogen_protease
Q10XU6	unassigned
Q148C3	unassigned
Q14FH4	unassigned
Q16998	convertase
Q16RI5	convertase
Q17313	convertase
Q176V0	unassigned
Q17AN4	convertase
Q17QS0	unassigned
Q17UY8	convertase
Q17UZ0	convertase
Q18B22	unassigned
Q1A3Q1	unassigned
Q1A3Q2	unassigned
Q1A3Q5	convertase
Q1A3Q6	unassigned
Q1A3Q7	convertase
Q1A3Q8	unassigned
Q1A3Q9	unassigned
Q1A3R0	convertase
Q1A3R3	convertase
Q1ACL6	unassigned
Q1C5C7	unassigned
Q1CKL2	unassigned
Q1E0A3	zymogen_protease
Q1E4K5	unassigned
Q1EN11	convertase
Q1EN12	convertase
Q1EN13	convertase
Q1EN14	convertase
Q1G3I0	unassigned
Q1JPW9	unassigned
Q1KVV2	unassigned
Q1KXX6	unassigned
Q1XDH0	unassigned
Q1ZYW0	unassigned
Q1ZYW1	unassigned
Q20EY3	unassigned
Q253E5	unassigned
Q26065	unassigned
Q26492	convertase
Q27709	unassigned
Q27J48	unassigned
Q27Q53	convertase
Q28H04	unassigned
Q29126	unassigned
Q29191	unassigned
Q295C6	convertase
Q29B55	convertase
Q29CA0	convertase
Q2FG82	unassigned
Q2FUW9	unassigned
Q2GVL1	unassigned
Q2I2P1	convertase
Q2I2P2	convertase
Q2I2P3	unassigned
Q2I2P4	convertase
Q2I2P8	convertase
Q2I2Q1	convertase
Q2I2Q2	unassigned
Q2I2Q3	convertase
Q2I2Q4	convertase
Q2I2Q6	unassigned
Q2I2Q9	unassigned
Q2I2R0	unassigned
Q2I2R1	unassigned
Q2I2R2	unassigned
Q2I2R3	unassigned
Q2I2R4	unassigned
Q2I2R6	unassigned
Q2L8Z0	unassigned
Q2M591	convertase
Q2MIB7	unassigned
Q2MIK4	unassigned
Q2NIJ9	unassigned
Q2PMS6	unassigned
Q2SS74	unassigned
Q2TA46	unassigned
Q2U3M0	convertase
Q2UCB7	zymogen_protease
Q2UN81	zymogen_protease
Q2UXV8	convertase
Q2UXV9	convertase
Q2UXW0	convertase
Q2V2Q2	unassigned
Q2VEJ3	unassigned
Q2YT85	unassigned
Q2YW62	unassigned
Q30KK1	convertase
Q31CR0	unassigned
Q32L79	convertase
Q32LD3	unassigned
Q32RP3	unassigned
Q32RW6	unassigned
Q32ZI4	convertase
Q32ZM1	zymogen_protease
Q33C56	unassigned
Q37993	unassigned
Q39962	unassigned
Q3BAQ9	unassigned
Q3BER2	unassigned
Q3BK16	unassigned
Q3C1G0	unassigned
Q3C255	convertase
Q3E6R4	unassigned
Q3KPV7	unassigned
Q3M4K0	unassigned
Q3SAE5	unassigned
Q3SAE6	unassigned
Q3SAE7	unassigned
Q3SAE8	unassigned
Q3SAF0	unassigned
Q3SAF1	unassigned
Q3SAF2	unassigned
Q3SAF3	unassigned
Q3SAF4	unassigned
Q3SAF7	unassigned
Q3SAX8	unassigned
Q3SB03	unassigned
Q3SB04	unassigned
Q3SB05	unassigned
Q3SB06	unassigned
Q3SB07	unassigned
Q3T4C2	unassigned
Q3YED1	unassigned
Q3YED3	unassigned
Q3YED5	convertase
Q3YED6	unassigned
Q3YED8	unassigned
Q3YEE1	convertase
Q3YEE2	unassigned
Q3YEE3	unassigned
Q3YEE4	convertase
Q3YEE5	unassigned
Q3YEE6	unassigned
Q3YEF0	convertase
Q3YEF1	convertase
Q3YEF3	unassigned
Q3YEF4	convertase
Q3YEF7	unassigned
Q3YEF8	convertase
Q3YEF9	convertase
Q3YEG0	unassigned
Q3YEG3	convertase
Q3YEG4	convertase
Q3YEG6	unassigned
Q3YEG7	convertase
Q3YEG9	convertase
Q3YEH0	convertase
Q3YEH1	convertase
Q3YEH2	convertase
Q3YEH3	convertase
Q3YEH4	convertase
Q3YEH6	convertase
Q3ZFI5	unassigned
Q3ZJ18	unassigned
Q40191	unassigned
Q41433	unassigned
Q41484	unassigned
Q42838	unassigned
Q46HA2	unassigned
Q47185	unassigned
Q48501	unassigned
Q48509	unassigned
Q49L15	unassigned
Q49Y83	unassigned
Q4A0V8	unassigned
Q4G3C7	unassigned
Q4L6Z1	unassigned
Q4L9P0	unassigned
Q4N927	unassigned
Q4P580	unassigned
Q4PEQ5	zymogen_protease
Q4QR71	zymogen_protease
Q4U9M9	unassigned
Q4VZQ0	unassigned
Q4WFV6	unassigned
Q4WUK7	unassigned
Q4WZS3	zymogen_protease
Q51911	unassigned
Q52FS9	unassigned
Q53446	unassigned
Q54DY7	zymogen_protease
Q54EQ7	unassigned
Q54G48	unassigned
Q54LH6	unassigned
Q54SJ8	unassigned
Q55EF0	unassigned
Q55EG6	unassigned
Q56P17	unassigned
Q57873	unassigned
Q58301	unassigned
Q58302	unassigned
Q58303	unassigned
Q58795	unassigned
Q58864	unassigned
Q589B1	unassigned
Q58T89	convertase
Q58T90	convertase
Q58T91	convertase
Q58T92	convertase
Q58T94	convertase
Q59MD0	unassigned
Q59N10	unassigned
Q59QA5	unassigned
Q59V02	unassigned
Q59Y11	unassigned
Q5A1A9	unassigned
Q5A1B2	unassigned
Q5A1E1	unassigned
Q5A210	unassigned
Q5A8A2	unassigned
Q5ABW2	unassigned
Q5ACN3	unassigned
Q5AD23	unassigned
Q5AFC2	unassigned
Q5AG46	unassigned
Q5AHC0	unassigned
Q5AJK6	unassigned
Q5AMJ5	unassigned
Q5BJT2	unassigned
Q5BU36	unassigned
Q5CZK2	convertase
Q5CZK5	convertase
Q5CZK6	convertase
Q5D228	unassigned
Q5D229	unassigned
Q5D230	unassigned
Q5D232	unassigned
Q5EHP1	unassigned
Q5EHP4	convertase
Q5F1N4	unassigned
Q5FVX5	convertase
Q5G8B3	convertase
Q5G8B4	convertase
Q5G8B5	convertase
Q5H8A1	convertase
Q5H8A3	convertase
Q5HD51	unassigned
Q5HFB8	unassigned
Q5HHM8	unassigned
Q5HJU7	unassigned
Q5HN75	zymogen_protease
Q5HNQ6	unassigned
Q5I2P0	unassigned
Q5K0B8	convertase
Q5K0B9	convertase
Q5K0C0	convertase
Q5K0C1	convertase
Q5K0C2	convertase
Q5K0C4	convertase
Q5K0C5	unassigned
Q5K0C8	unassigned
Q5K0C9	unassigned
Q5K0D0	unassigned
Q5K0D1	unassigned
Q5K0D2	convertase
Q5K0D3	unassigned
Q5K0D5	unassigned
Q5K0D6	unassigned
Q5K0D7	unassigned
Q5K0D8	unassigned
Q5KWP3	unassigned
Q5M158	unassigned
Q5M889	convertase
Q5MGC9	convertase
Q5MGE6	convertase
Q5PU89	unassigned
Q5Q113	unassigned
Q5Q114	unassigned
Q5R7U4	unassigned
Q5RFE4	zymogen_protease
Q5SCX1	unassigned
Q5U523	unassigned
Q5VJS9	unassigned
Q5WES5	unassigned
Q5XCS5	unassigned
Q5Y4U2	unassigned
Q5Y4U3	unassigned
Q5Y4U4	unassigned
Q5Y4U5	unassigned
Q5Y4U9	unassigned
Q5Y4V0	unassigned
Q5Y4V1	unassigned
Q5Y4V4	unassigned
Q5Y4V5	unassigned
Q5Y4V7	unassigned
Q5Y4V9	unassigned
Q5Y4W0	unassigned
Q5Y4W1	unassigned
Q5Y4W2	unassigned
Q5Y4W3	unassigned
Q5Y4W4	unassigned
Q5Y4W5	unassigned
Q5Y4W6	unassigned
Q5Y4W7	unassigned
Q5Y4W8	unassigned
Q5Y4W9	unassigned
Q5Y4X0	unassigned
Q5Y4X1	unassigned
Q5Y4X2	unassigned
Q5Y4X3	unassigned
Q5Y4X4	unassigned
Q5Y4X5	unassigned
Q5Y4X6	unassigned
Q5Y4X7	unassigned
Q5Y4X9	unassigned
Q5Y4Y0	unassigned
Q5Y4Y1	unassigned
Q5Y4Y2	unassigned
Q5Y4Y3	unassigned
Q5Y4Y4	unassigned
Q5Y4Y5	unassigned
Q5ZJM9	unassigned
Q60E70	unassigned
Q61E22	unassigned
Q63317	unassigned
Q634A1	unassigned
Q64756	unassigned
Q647H2	unassigned
Q64858	unassigned
Q65GM5	unassigned
Q667N8	unassigned
Q66S17	unassigned
Q67SC7	unassigned
Q67UI2	unassigned
Q68IP5	convertase
Q68PG4	unassigned
Q68PG5	unassigned
Q68PG6	unassigned
Q68S23	unassigned
Q68Y22	unassigned
Q6B8V0	unassigned
Q6BIS8	unassigned
Q6BV42	unassigned
Q6CHP5	unassigned
Q6CLS0	zymogen_protease
Q6CMF8	unassigned
Q6CNE0	unassigned
Q6CPB4	unassigned
Q6CRM2	unassigned
Q6CSA2	unassigned
Q6CWK9	unassigned
Q6CXL4	unassigned
Q6DGP8	unassigned
Q6DN61	unassigned
Q6ENJ4	unassigned
Q6ENY5	unassigned
Q6EW65	unassigned
Q6F125	unassigned
Q6FJ50	unassigned
Q6G6H3	unassigned
Q6G8S4	unassigned
Q6GB45	unassigned
Q6GDU5	unassigned
Q6GG59	unassigned
Q6GIK4	unassigned
Q6HD83	unassigned
Q6L3B3	unassigned
Q6LYT4	unassigned
Q6LZC0	unassigned
Q6LZM4	unassigned
Q6LZU5	unassigned
Q6MT50	unassigned
Q6PN80	unassigned
Q6PN81	convertase
Q6PN82	convertase
Q6PN85	convertase
Q6PN86	convertase
Q6PPB3	unassigned
Q6PTD0	convertase
Q6PTD4	unassigned
Q6PTD7	unassigned
Q6VU70	convertase
Q6Y7S3	unassigned
Q6YRC7	unassigned
Q6YXN4	unassigned
Q6Z4G7	unassigned
Q6Z4G8	unassigned
Q6Z8K4	unassigned
Q70Y14	unassigned
Q71DC3	unassigned
Q71VU0	unassigned
Q71ZD0	unassigned
Q723X5	unassigned
Q72ZY3	unassigned
Q74IL5	unassigned
Q756Q3	unassigned
Q757A4	unassigned
Q75B43	zymogen_protease
Q75BU5	unassigned
Q75GT2	unassigned
Q75UG5	convertase
Q75V93	unassigned
Q75WH1	convertase
Q766Y6	convertase
Q766Y7	unassigned
Q76CL2	convertase
Q79AV1	unassigned
Q7A3J7	unassigned
Q7NBB0	unassigned
Q7PXE2	unassigned
Q7S232	zymogen_protease
Q7S4N5	zymogen_protease
Q7T141	unassigned
Q7U9L1	unassigned
Q7V323	unassigned
Q7V4T1	unassigned
Q7VDR4	unassigned
Q7XR91	unassigned
Q7XRU4	unassigned
Q7YJY5	unassigned
Q7YT61	unassigned
Q7YWA6	unassigned
Q7YWA7	unassigned
Q7YWA8	unassigned
Q7YWA9	unassigned
Q7YWB0	unassigned
Q7Z027	unassigned
Q7Z028	unassigned
Q7Z090	convertase
Q7Z097	unassigned
Q7Z098	unassigned
Q7Z099	unassigned
Q7Z0A0	unassigned
Q7Z0A3	unassigned
Q7Z0A4	unassigned
Q7Z0A5	unassigned
Q7Z1K6	unassigned
Q7Z1K7	unassigned
Q7ZZY8	convertase
Q800R3	convertase
Q800R9	convertase
Q800S1	convertase
Q800S2	convertase
Q801Y3	convertase
Q803W1	unassigned
Q805D3	convertase
Q805D4	convertase
Q805D5	convertase
Q805D6	convertase
Q817U4	unassigned
Q81LE8	unassigned
Q836X4	unassigned
Q83RD2	unassigned
Q84K70	unassigned
Q84MC0	unassigned
Q84VZ5	unassigned
Q85FN7	unassigned
Q85FY2	unassigned
Q85X72	unassigned
Q868F8	convertase
Q869Q8	zymogen_protease
Q86C49	unassigned
Q86JC8	unassigned
Q86QN6	convertase
Q86SA8	convertase
Q870G5	unassigned
Q88894	unassigned
Q88WN3	unassigned
Q892N6	unassigned
Q8CQD9	unassigned
Q8CS89	unassigned
Q8CW15	unassigned
Q8DUQ4	unassigned
Q8DYV5	unassigned
Q8E4G3	unassigned
Q8EPP8	unassigned
Q8EVW5	unassigned
Q8GWS3	unassigned
Q8H0Q5	unassigned
Q8H715	unassigned
Q8HYC2	convertase
Q8HZQ3	unassigned
Q8I6V7	unassigned
Q8I6X9	unassigned
Q8J140	zymogen_protease
Q8JHB9	convertase
Q8JN69	unassigned
Q8LD63	unassigned
Q8MA00	unassigned
Q8MMH4	unassigned
Q8NUU7	unassigned
Q8NUV0	unassigned
Q8NXJ1	unassigned
Q8QFQ3	convertase
Q8QGP7	unassigned
Q8R5G8	unassigned
Q8R5G9	unassigned
Q8RBA7	unassigned
Q8REI3	unassigned
Q8S8P7	unassigned
Q8S8Y4	unassigned
Q8SWD4	unassigned
Q8T6Z0	unassigned
Q8VXF2	unassigned
Q8VZK8	unassigned
Q8WI34	unassigned
Q8X783	unassigned
Q8XIJ1	unassigned
Q8Y3W5	unassigned
Q8YLK8	unassigned
Q8YYG5	unassigned
Q8ZDC4	unassigned
Q8ZPK9	unassigned
Q90VW7	unassigned
Q90ZK3	convertase
Q90ZK5	convertase
Q90ZX8	unassigned
Q91X13	convertase
Q931E9	unassigned
Q931Q3	unassigned
Q932C5	unassigned
Q93MH4	unassigned
Q93MH5	unassigned
Q93MH6	unassigned
Q93WH6	unassigned
Q93X49	unassigned
Q94DM8	unassigned
Q94EY2	unassigned
Q95JB4	convertase
Q95JC3	convertase
Q95M25	convertase
Q95P88	unassigned
Q96474	unassigned
Q96626	unassigned
Q97JL5	unassigned
Q99RD2	unassigned
Q99VJ4	unassigned
Q9AIS7	unassigned
Q9B8D4	unassigned
Q9BBS2	unassigned
Q9BH21	convertase
Q9BH51	unassigned
Q9BH75	convertase
Q9BH79	unassigned
Q9BH81	unassigned
Q9BH84	convertase
Q9BH86	convertase
Q9BHA0	unassigned
Q9BHA6	unassigned
Q9BHB7	unassigned
Q9BJV7	unassigned
Q9BJV8	unassigned
Q9BJW0	unassigned
Q9BLM0	unassigned
Q9BLM1	unassigned
Q9BP43	unassigned
Q9BP44	unassigned
Q9BP45	convertase
Q9BP46	unassigned
Q9BP47	unassigned
Q9BP50	convertase
Q9BP51	unassigned
Q9BP53	convertase
Q9BP56	unassigned
Q9BP58	unassigned
Q9BP59	convertase
Q9BP60	unassigned
Q9BP61	convertase
Q9BP62	convertase
Q9BP63	convertase
Q9BP64	convertase
Q9BP65	convertase
Q9BP66	convertase
Q9BP67	convertase
Q9BP68	convertase
Q9BP69	convertase
Q9BP70	convertase
Q9BP71	convertase
Q9BP72	convertase
Q9BP73	unassigned
Q9BP74	convertase
Q9BP75	convertase
Q9BP76	convertase
Q9BP77	convertase
Q9BP78	unassigned
Q9BP79	unassigned
Q9BP80	unassigned
Q9BP81	unassigned
Q9BP82	unassigned
Q9BP83	unassigned
Q9BP84	unassigned
Q9BP85	convertase
Q9BP86	unassigned
Q9BP87	convertase
Q9BP88	convertase
Q9BP89	convertase
Q9BP90	convertase
Q9BP91	convertase
Q9BP92	unassigned
Q9BP93	unassigned
Q9BP94	unassigned
Q9BP95	unassigned
Q9BP96	convertase
Q9BP97	convertase
Q9BP98	convertase
Q9BP99	unassigned
Q9BPA0	convertase
Q9BPA1	unassigned
Q9BPA2	convertase
Q9BPA3	convertase
Q9BPA4	convertase
Q9BPA5	convertase
Q9BPA6	unassigned
Q9BPA7	convertase
Q9BPB0	unassigned
Q9BPB7	unassigned
Q9BPB9	unassigned
Q9BPC0	unassigned
Q9BPC1	convertase
Q9BPC2	unassigned
Q9BPC3	convertase
Q9BPC4	unassigned
Q9BPC5	unassigned
Q9BPC6	convertase
Q9BPC7	convertase
Q9BPC8	convertase
Q9BPC9	unassigned
Q9BPD0	unassigned
Q9BPD1	convertase
Q9BPD2	unassigned
Q9BPD3	convertase
Q9BPD4	convertase
Q9BPD5	convertase
Q9BPD6	convertase
Q9BPD7	unassigned
Q9BPD9	unassigned
Q9BPE0	unassigned
Q9BPE1	unassigned
Q9BPE2	unassigned
Q9BPE3	unassigned
Q9BPE4	unassigned
Q9BPE5	unassigned
Q9BPE6	unassigned
Q9BPE7	convertase
Q9BPF1	convertase
Q9BPF2	convertase
Q9BPF3	convertase
Q9BPF4	convertase
Q9BPF5	unassigned
Q9BPF6	unassigned
Q9BPF7	unassigned
Q9BPF8	unassigned
Q9BPF9	unassigned
Q9BPG0	convertase
Q9BPG1	unassigned
Q9BPG2	unassigned
Q9BPG3	unassigned
Q9BPG5	convertase
Q9BPG7	convertase
Q9BPG8	convertase
Q9BPH0	convertase
Q9BPH2	convertase
Q9BPH3	convertase
Q9BPH4	unassigned
Q9BPH5	convertase
Q9BPH6	convertase
Q9BPH7	unassigned
Q9BPH8	unassigned
Q9BPH9	unassigned
Q9BPI1	unassigned
Q9BPI3	convertase
Q9BPI4	convertase
Q9BPI5	convertase
Q9BPI6	convertase
Q9BPI7	convertase
Q9BPI8	convertase
Q9BPI9	convertase
Q9BPJ0	convertase
Q9BPJ1	convertase
Q9BPJ2	unassigned
Q9BPJ3	unassigned
Q9BPJ4	convertase
Q9BPJ5	convertase
Q9BPJ6	convertase
Q9BPJ8	convertase
Q9BPJ9	convertase
Q9BPK0	convertase
Q9C0X9	unassigned
Q9C8D6	unassigned
Q9CA23	unassigned
Q9CAV5	unassigned
Q9CGL5	unassigned
Q9D7Z7	unassigned
Q9DD23	unassigned
Q9DFD6	convertase
Q9FCD7	zymogen_protease
Q9FIA9	unassigned
Q9FRT8	unassigned
Q9FRT9	unassigned
Q9FVS0	unassigned
Q9GQW4	convertase
Q9HGP7	unassigned
Q9HHA8	unassigned
Q9IB75	unassigned
Q9K8J7	unassigned
Q9KW51	unassigned
Q9LBG3	unassigned
Q9LH43	unassigned
Q9LIB6	unassigned
Q9LP41	unassigned
Q9LTE1	unassigned
Q9LTE3	unassigned
Q9LTE4	unassigned
Q9LV88	unassigned
Q9MS55	unassigned
Q9MS58	unassigned
Q9MS61	unassigned
Q9MS64	unassigned
Q9MS67	unassigned
Q9MS70	unassigned
Q9MS73	unassigned
Q9MS76	unassigned
Q9MS79	unassigned
Q9MTL6	unassigned
Q9MUS0	unassigned
Q9MYK8	convertase
Q9N661	unassigned
Q9N669	unassigned
Q9N6A4	unassigned
Q9NDA5	unassigned
Q9NL55	convertase
Q9P3E4	unassigned
Q9P7J9	unassigned
Q9P9I1	unassigned
Q9P9I3	unassigned
Q9PQT2	unassigned
Q9PT98	convertase
Q9PUR0	convertase
Q9RYM8	zymogen_protease
Q9S3W9	unassigned
Q9SIZ9	unassigned
Q9SRT7	unassigned
Q9SUC9	unassigned
Q9TKY7	unassigned
Q9TLR0	unassigned
Q9TT95	convertase
Q9TVF6	unassigned
Q9TVF7	unassigned
Q9TVK3	convertase
Q9TVN1	unassigned
Q9TVQ6	convertase
Q9TVQ7	convertase
Q9TVR4	convertase
Q9TVU1	unassigned
Q9TVX4	convertase
Q9TVY1	unassigned
Q9TW08	unassigned
Q9U619	unassigned
Q9U644	convertase
Q9U645	unassigned
Q9U647	convertase
Q9U648	convertase
Q9U650	unassigned
Q9U651	unassigned
Q9U654	convertase
Q9U656	convertase
Q9U657	convertase
Q9U659	unassigned
Q9U660	convertase
Q9U662	convertase
Q9U6Z5	unassigned
Q9U6Z8	convertase
Q9U6Z9	convertase
Q9UA71	convertase
Q9UA72	convertase
Q9UA83	unassigned
Q9UA85	unassigned
Q9UA86	convertase
Q9UA91	convertase
Q9UA93	convertase
Q9UA95	convertase
Q9UAB2	unassigned
Q9UYL3	unassigned
Q9UYL4	unassigned
Q9V2W7	unassigned
Q9V2W8	unassigned
Q9V2W9	unassigned
Q9V2X0	unassigned
Q9V2X1	unassigned
Q9VQ66	unassigned
Q9VV28	unassigned
Q9XYZ0	unassigned
Q9XYZ1	unassigned
Q9XZK3	unassigned
Q9XZK4	unassigned
Q9XZK6	unassigned
Q9XZK7	unassigned
Q9XZK8	unassigned
Q9XZK9	convertase
Q9XZL0	convertase
Q9XZL2	convertase
Q9XZL3	unassigned
Q9XZL4	unassigned
Q9XZL5	unassigned
Q9Y0X4	convertase
Q9YAN6	unassigned
Q9YAN8	unassigned
Q9Z2M6	unassigned
Q9ZQX0	unassigned
R4JJN6	convertase
R4JNJ5	convertase
R4JQZ0	convertase
R9UC00	unassigned
R9UC04	unassigned
R9UC06	unassigned
R9UC10	unassigned
R9UCX1	unassigned
R9UE59	unassigned
R9UE63	unassigned
R9UE65	unassigned
R9UE68	unassigned
R9UFE0	unassigned
R9UFE4	unassigned
R9UFJ8	unassigned
S0F1M4	convertase
S0F1M6	convertase
S0F1M9	convertase
S0F1N0	convertase
S0F1N6	convertase
S0F1N7	convertase
S0F1P1	convertase
S0F204	convertase
S0F207	convertase
S0F209	convertase
S0F215	convertase
S4S2C7	unassigned
S4S3F6	unassigned
S4S3G3	unassigned
S4UKA9	unassigned
U3UBT3	convertase
U5L396	unassigned
U5L397	unassigned
U5L3J5	unassigned
U5L3J7	unassigned
U5L3J9	unassigned
U5L3K1	unassigned
U5L3M6	unassigned
U5L3M7	unassigned
U5L3M8	unassigned
U5L3X0	unassigned
U5L3X2	unassigned
U5L406	unassigned
U5L408	unassigned
U5L409	unassigned
V5V9Y7	unassigned
V5XVW4	unassigned
V5XWI9	unassigned
W4VRU5	convertase
W4VRU6	unassigned
W4VRU8	convertase
W4VRV3	convertase
W4VRV4	unassigned
W4VRW1	convertase
W4VRW4	convertase
W4VRW6	convertase
W4VRY9	convertase
W4VS08	convertase
W4VS12	convertase
W4VS15	convertase
W4VS20	convertase
W4VS49	unassigned
W4VS82	unassigned
W4VSA2	convertase
W4VSA5	convertase
W4VSA7	unassigned
W4VSB6	unassigned
W4VSC0	unassigned
W4VSE7	unassigned
W4VSG7	convertase
W4VSI1	convertase
W4VSI3	convertase
W4VSI4	convertase
W4VSI9	unassigned
W4VSM1	unassigned
X5IFY8	unassigned
X5IFZ1	unassigned
X5IXY8	unassigned
C6Y4B5	unassigned
D5KXG9	unassigned
D6C4I4	unassigned
D6C4J6	unassigned
O42717	unassigned
O67427	unassigned
O67882	unassigned
O74703	unassigned
P20139	zymogen_protease
P20141	zymogen_protease
P54796	unassigned
Q03561	convertase
Q553T1	unassigned
Q9RYM9	unassigned
